Time,Proton_V_nonlin,Proton_Np_nonlin,BX,BY,BZ
2020-01-01T00:02:12.057Z,298.0,7.79,2.54,1.53,0.0369
2020-01-01T00:03:51.300Z,298.0,8.29,2.58,1.56,-0.0274
2020-01-01T00:05:30.544Z,293.0,5.77,2.81,1.48,-0.0857
2020-01-01T00:07:09.788Z,292.0,5.17,2.87,1.1,-0.0848
2020-01-01T00:08:45.930Z,292.0,5.28,2.91,0.869,0.159
2020-01-01T00:10:25.174Z,290.0,4.91,2.82,0.681,0.0259
2020-01-01T00:12:04.417Z,297.0,7.97,2.74,0.886,0.0452
2020-01-01T00:13:43.661Z,301.0,7.66,2.37,0.894,0.784
2020-01-01T00:15:22.905Z,298.0,7.46,2.78,0.435,0.961
2020-01-01T00:16:59.047Z,296.0,7.75,3.2,0.329,0.822
2020-01-01T00:18:38.291Z,293.0,6.69,3.19,0.236,0.951
2020-01-01T00:20:17.534Z,297.0,7.45,2.99,-0.236,1.05
2020-01-01T00:21:56.778Z,297.0,7.56,2.83,-0.14,1.1
2020-01-01T00:23:36.022Z,297.0,7.66,2.85,-0.576,1.11
2020-01-01T00:25:15.266Z,294.0,4.9,2.6,-1.42,1.6
2020-01-01T00:26:54.509Z,300.0,7.7,2.12,-1.83,1.47
2020-01-01T00:28:33.753Z,307.0,9.11,0.981,-2.35,1.5
2020-01-01T00:30:12.997Z,301.0,7.68,2.45,-2.28,1.58
2020-01-01T00:31:55.342Z,302.0,3.64,3.17,-2.29,2.08
2020-01-01T00:33:34.585Z,305.0,5.95,3.21,-2.12,2.09
2020-01-01T00:35:13.829Z,302.0,4.21,3.22,-2.09,2.15
2020-01-01T00:36:53.073Z,302.0,6.69,3.09,-2.06,2.07
2020-01-01T00:38:32.316Z,296.0,5.27,3.42,-1.95,1.98
2020-01-01T00:40:11.560Z,302.0,3.89,3.97,-2.26,2.21
2020-01-01T00:41:50.804Z,303.0,5.13,3.93,-2.32,2.26
2020-01-01T00:43:30.048Z,306.0,7.36,3.77,-2.11,1.91
2020-01-01T00:45:09.291Z,300.0,9.34,3.5,-0.611,0.782
2020-01-01T00:46:45.434Z,301.0,9.77,3.42,-1.27,0.852
2020-01-01T00:48:24.677Z,303.0,9.41,3.36,-1.52,1.02
2020-01-01T00:50:03.921Z,301.0,9.41,3.43,-1.37,0.835
2020-01-01T00:51:43.165Z,301.0,8.75,3.74,-1.33,0.412
2020-01-01T00:53:22.408Z,299.0,8.69,3.66,-1.47,0.407
2020-01-01T00:55:01.652Z,303.0,11.0,2.14,-0.968,0.176
2020-01-01T00:56:40.896Z,299.0,9.99,2.66,-0.961,0.0295
2020-01-01T00:58:20.139Z,300.0,9.6,2.73,-1.43,-0.333
2020-01-01T00:59:59.383Z,299.0,9.57,2.78,-1.63,-0.418
2020-01-01T01:01:38.627Z,300.0,9.68,3.06,-1.77,-0.686
2020-01-01T01:03:17.871Z,302.0,10.1,2.98,-1.96,-0.739
2020-01-01T01:04:57.114Z,299.0,7.72,3.36,-1.82,-1.04
2020-01-01T01:06:36.358Z,307.0,12.2,3.5,-1.43,-2.0
2020-01-01T01:08:15.602Z,295.0,8.46,3.73,-1.22,-1.76
2020-01-01T01:09:54.845Z,308.0,11.9,2.88,-1.19,-2.06
2020-01-01T01:11:34.089Z,298.0,9.36,3.51,-2.02,-0.893
2020-01-01T01:13:13.333Z,296.0,8.88,3.56,-1.89,-1.02
2020-01-01T01:14:52.576Z,295.0,8.09,3.56,-1.79,-0.842
2020-01-01T01:16:31.820Z,302.0,10.5,3.16,-2.33,1.19
2020-01-01T01:18:11.064Z,305.0,9.53,3.41,-1.81,-0.448
2020-01-01T01:19:50.308Z,294.0,7.5,3.5,-1.18,-1.54
2020-01-01T01:21:29.551Z,292.0,4.86,3.58,-1.22,-1.38
2020-01-01T01:23:08.795Z,294.0,8.21,3.46,-1.21,-1.26
2020-01-01T01:24:48.039Z,292.0,7.76,2.89,-0.536,-1.65
2020-01-01T01:26:27.282Z,300.0,10.8,2.93,-0.659,-1.38
2020-01-01T01:28:03.425Z,293.0,5.64,2.89,-0.568,-1.85
2020-01-01T01:29:42.668Z,299.0,3.88,4.24,-2.42,-0.785
2020-01-01T01:31:21.912Z,312.0,8.37,4.37,-2.49,-0.543
2020-01-01T01:33:01.156Z,312.0,8.82,4.33,-2.6,-0.357
2020-01-01T01:34:40.399Z,311.0,8.92,4.39,-2.58,-0.373
2020-01-01T01:36:19.643Z,300.0,4.63,4.6,-2.64,-0.437
2020-01-01T01:37:58.887Z,308.0,8.72,4.59,-2.62,-0.586
2020-01-01T01:39:38.131Z,305.0,7.85,4.62,-2.47,-0.226
2020-01-01T01:41:17.374Z,301.0,5.08,4.8,-2.5,-0.0163
2020-01-01T01:42:56.618Z,298.0,4.62,4.79,-2.56,-0.108
2020-01-01T01:44:35.862Z,297.0,5.39,5.13,-2.09,0.034
2020-01-01T01:46:15.105Z,296.0,5.41,5.1,-2.23,-0.243
2020-01-01T01:47:54.349Z,296.0,4.77,5.14,-2.39,-0.387
2020-01-01T01:49:33.593Z,297.0,5.2,5.14,-2.51,-0.244
2020-01-01T01:51:12.837Z,298.0,5.01,5.08,-2.64,0.19
2020-01-01T01:52:52.080Z,297.0,4.95,5.0,-2.59,0.267
2020-01-01T01:54:31.324Z,297.0,4.93,5.09,-2.46,0.369
2020-01-01T01:56:10.568Z,297.0,5.56,5.24,-2.42,0.291
2020-01-01T01:57:49.811Z,297.0,5.05,5.29,-2.36,0.281
2020-01-01T01:59:29.055Z,297.0,5.15,5.28,-2.31,0.354
2020-01-01T02:01:08.299Z,295.0,4.93,5.26,-2.14,0.328
2020-01-01T02:02:47.542Z,295.0,5.15,5.26,-1.89,-0.0143
2020-01-01T02:04:26.786Z,295.0,5.22,5.22,-1.96,0.234
2020-01-01T02:06:02.929Z,296.0,5.02,5.2,-2.0,0.346
2020-01-01T02:07:42.172Z,296.0,5.03,5.24,-1.87,0.505
2020-01-01T02:09:21.416Z,295.0,3.96,5.06,-1.69,1.2
2020-01-01T02:11:00.660Z,294.0,4.38,4.76,-1.53,1.05
2020-01-01T02:12:39.903Z,297.0,5.45,4.49,-1.62,1.25
2020-01-01T02:14:19.147Z,297.0,6.53,4.42,-1.45,1.22
2020-01-01T02:15:58.391Z,297.0,4.3,4.5,-1.58,1.1
2020-01-01T02:17:37.634Z,298.0,4.15,4.59,-1.66,1.01
2020-01-01T02:19:16.878Z,297.0,6.35,4.31,-1.52,1.05
2020-01-01T02:20:56.122Z,294.0,7.34,3.86,-1.54,1.11
2020-01-01T02:22:35.366Z,295.0,5.34,4.47,-1.11,1.35
2020-01-01T02:24:14.609Z,295.0,5.91,4.36,-1.29,1.3
2020-01-01T02:25:53.853Z,297.0,4.7,4.49,-1.53,1.24
2020-01-01T02:27:33.097Z,295.0,4.13,4.17,-1.53,1.33
2020-01-01T02:29:12.340Z,291.0,6.04,3.93,-1.61,1.36
2020-01-01T02:30:51.584Z,297.0,4.08,4.33,-1.57,1.2
2020-01-01T02:32:30.828Z,293.0,6.2,4.17,-1.34,1.29
2020-01-01T02:34:10.072Z,291.0,6.41,4.25,-1.19,1.26
2020-01-01T02:35:46.214Z,295.0,4.65,4.65,-1.34,1.41
2020-01-01T02:37:25.458Z,297.0,5.9,4.55,-1.42,1.76
2020-01-01T02:39:04.701Z,302.0,11.1,2.19,1.43,1.33
2020-01-01T02:40:43.945Z,302.0,7.98,2.29,0.84,1.51
2020-01-01T02:42:23.189Z,300.0,10.7,2.83,0.506,1.4
2020-01-01T02:43:59.331Z,300.0,11.1,3.02,0.42,1.31
2020-01-01T02:45:38.575Z,300.0,11.5,3.18,0.662,1.33
2020-01-01T02:47:17.818Z,299.0,11.3,3.05,0.746,1.42
2020-01-01T02:48:57.062Z,301.0,11.9,2.25,1.77,1.46
2020-01-01T02:50:36.306Z,299.0,12.0,1.99,2.01,1.26
2020-01-01T02:52:15.550Z,302.0,12.2,1.32,2.22,1.12
2020-01-01T02:53:54.793Z,304.0,11.8,2.07,1.87,1.51
2020-01-01T02:55:34.037Z,306.0,8.61,3.52,-0.609,2.02
2020-01-01T02:57:13.281Z,307.0,8.86,3.57,-1.52,1.93
2020-01-01T02:58:52.524Z,310.0,8.18,3.75,-1.23,2.41
2020-01-01T03:00:31.768Z,310.0,8.09,3.66,-1.16,2.18
2020-01-01T03:02:11.012Z,310.0,8.61,3.72,-1.09,2.3
2020-01-01T03:03:50.256Z,313.0,8.98,3.69,-0.97,2.34
2020-01-01T03:05:29.499Z,304.0,5.2,3.89,-0.912,2.38
2020-01-01T03:07:08.743Z,305.0,6.27,3.86,-0.888,2.35
2020-01-01T03:08:47.987Z,312.0,8.91,3.67,-0.726,2.36
2020-01-01T03:10:27.230Z,313.0,9.42,3.44,-0.594,2.4
2020-01-01T03:12:06.474Z,303.0,5.97,4.05,-1.23,2.15
2020-01-01T03:13:42.616Z,302.0,5.61,4.15,-1.47,2.09
2020-01-01T03:15:21.860Z,301.0,5.5,4.23,-1.48,2.1
2020-01-01T03:17:01.104Z,300.0,5.17,4.43,-1.69,2.02
2020-01-01T03:18:40.348Z,299.0,5.48,4.4,-1.55,2.06
2020-01-01T03:20:19.591Z,300.0,5.29,4.39,-1.65,1.91
2020-01-01T03:21:58.835Z,298.0,4.79,4.41,-1.42,1.98
2020-01-01T03:23:38.079Z,299.0,4.16,4.39,-1.57,1.94
2020-01-01T03:25:20.424Z,300.0,4.26,4.37,-1.32,2.04
2020-01-01T03:26:59.667Z,301.0,5.1,3.84,-1.17,2.15
2020-01-01T03:28:38.911Z,315.0,7.85,2.96,-2.86,1.92
2020-01-01T03:35:15.886Z,312.0,9.5,3.67,-0.25,1.54
2020-01-01T03:36:55.130Z,313.0,8.97,3.53,-1.22,1.49
2020-01-01T03:38:34.373Z,313.0,8.48,3.43,-1.6,1.53
2020-01-01T03:40:13.617Z,313.0,8.86,3.49,-1.16,1.43
2020-01-01T03:41:52.861Z,313.0,8.36,3.38,-1.63,1.42
2020-01-01T03:43:29.003Z,315.0,8.76,3.28,-1.52,1.53
2020-01-01T03:45:08.247Z,313.0,9.4,3.3,-1.37,1.45
2020-01-01T03:46:47.491Z,313.0,9.31,3.31,-1.33,1.4
2020-01-01T03:48:26.734Z,313.0,9.27,3.33,-1.37,1.28
2020-01-01T03:50:05.978Z,312.0,9.11,3.41,-1.44,1.1
2020-01-01T03:51:42.120Z,312.0,8.95,3.59,-1.52,1.14
2020-01-01T03:53:21.364Z,312.0,8.84,3.53,-1.37,1.05
2020-01-01T03:55:00.608Z,312.0,8.59,3.69,-1.53,1.21
2020-01-01T03:56:39.852Z,312.0,8.43,3.74,-1.53,1.17
2020-01-01T03:58:19.095Z,312.0,8.46,3.62,-1.71,1.49
2020-01-01T03:59:58.339Z,314.0,8.17,3.68,-1.87,1.55
2020-01-01T04:01:37.583Z,313.0,8.33,3.62,-2.0,1.07
2020-01-01T04:03:16.826Z,313.0,8.87,3.61,-1.99,0.898
2020-01-01T04:04:56.070Z,314.0,8.82,3.55,-2.0,0.716
2020-01-01T04:06:38.415Z,306.0,4.81,3.19,-2.56,0.399
2020-01-01T04:09:56.903Z,304.0,5.04,3.1,-2.66,-0.0141
2020-01-01T04:13:15.390Z,305.0,3.54,3.21,-2.71,0.0254
2020-01-01T04:14:54.634Z,307.0,4.08,2.93,-3.04,-0.575
2020-01-01T04:16:33.878Z,312.0,4.04,2.57,-3.08,-1.25
2020-01-01T04:18:13.121Z,316.0,8.23,2.41,-2.95,-1.66
2020-01-01T04:19:52.365Z,315.0,8.0,2.54,-3.02,-1.21
2020-01-01T04:21:31.609Z,316.0,7.67,2.58,-3.18,-1.22
2020-01-01T04:23:10.852Z,308.0,3.56,2.99,-2.94,-0.915
2020-01-01T04:24:46.995Z,303.0,5.66,3.17,-2.78,-0.697
2020-01-01T04:26:26.239Z,308.0,6.85,3.11,-2.7,-0.869
2020-01-01T04:28:05.482Z,306.0,3.58,3.11,-2.53,0.0868
2020-01-01T04:29:44.726Z,304.0,3.28,3.29,-2.39,-0.13
2020-01-01T04:31:23.970Z,305.0,5.18,3.27,-2.69,-0.58
2020-01-01T04:33:00.112Z,302.0,3.48,3.4,-2.69,-0.399
2020-01-01T04:36:18.599Z,305.0,3.66,3.11,-2.91,-0.679
2020-01-01T04:37:57.843Z,304.0,3.14,3.49,-2.4,-0.772
2020-01-01T04:41:16.331Z,298.0,3.99,3.6,-2.3,-0.692
2020-01-01T04:42:55.574Z,301.0,5.87,3.62,-2.11,-0.808
2020-01-01T04:44:34.818Z,301.0,5.25,3.55,-2.4,-0.606
2020-01-01T04:46:14.062Z,301.0,6.0,3.51,-2.47,-0.435
2020-01-01T04:47:53.306Z,307.0,4.02,2.8,-3.11,0.31
2020-01-01T04:49:32.549Z,307.0,4.32,2.82,-3.22,0.6
2020-01-01T04:51:11.793Z,300.0,2.98,3.54,-2.56,-0.532
2020-01-01T04:52:51.037Z,300.0,3.34,3.49,-2.08,-1.32
2020-01-01T04:56:09.524Z,299.0,3.53,3.44,-1.92,-1.61
2020-01-01T04:57:48.768Z,304.0,7.8,3.34,-2.24,-1.34
2020-01-01T04:59:28.012Z,307.0,7.94,3.35,-2.38,-1.34
2020-01-01T05:01:07.255Z,314.0,7.41,2.9,-2.11,-2.7
2020-01-01T05:02:46.499Z,310.0,7.84,2.77,-1.86,-2.67
2020-01-01T05:04:25.743Z,308.0,8.12,2.65,-1.71,-2.68
2020-01-01T05:06:04.986Z,311.0,8.18,2.54,-1.1,-3.56
2020-01-01T05:07:44.230Z,315.0,7.54,2.16,-0.185,-4.24
2020-01-01T05:09:23.474Z,306.0,4.15,3.06,-3.3,-1.12
2020-01-01T05:11:02.718Z,307.0,4.74,3.06,-3.35,-0.984
2020-01-01T05:12:41.961Z,306.0,4.66,3.12,-3.26,-0.911
2020-01-01T05:14:21.205Z,306.0,5.11,3.17,-3.46,-0.563
2020-01-01T05:16:00.449Z,312.0,6.64,3.44,-3.27,0.222
2020-01-01T05:17:39.693Z,306.0,4.26,3.0,-3.0,-0.324
2020-01-01T05:19:18.936Z,319.0,8.11,1.94,-2.05,-2.43
2020-01-01T05:20:58.180Z,327.0,9.07,-0.424,0.154,-3.61
2020-01-01T05:22:37.424Z,331.0,9.18,-1.01,0.0734,-3.46
2020-01-01T05:24:16.667Z,330.0,9.26,-0.919,-0.0503,-3.65
2020-01-01T05:25:55.911Z,330.0,9.16,-0.656,-0.148,-3.73
2020-01-01T05:27:35.155Z,328.0,9.06,-0.302,-0.285,-3.75
2020-01-01T05:29:14.399Z,329.0,9.44,-0.674,-0.256,-3.8
2020-01-01T05:30:53.642Z,329.0,9.77,-0.27,-0.643,-3.88
2020-01-01T05:32:32.886Z,338.0,9.31,-1.29,0.128,-3.48
2020-01-01T05:34:12.130Z,336.0,9.32,-0.479,-0.46,-3.6
2020-01-01T05:35:51.373Z,336.0,9.22,0.129,-0.947,-3.26
2020-01-01T05:37:30.617Z,331.0,9.52,0.868,-1.19,-2.58
2020-01-01T05:39:09.861Z,332.0,9.58,1.1,-0.615,-2.39
2020-01-01T05:40:49.105Z,335.0,9.5,0.0997,-0.638,-3.23
2020-01-01T05:42:28.348Z,330.0,9.61,-0.0955,-0.576,-3.73
2020-01-01T05:44:04.491Z,332.0,9.57,-0.258,-0.474,-3.86
2020-01-01T05:45:43.734Z,328.0,8.64,0.502,-1.21,-3.65
2020-01-01T05:47:22.978Z,329.0,9.62,0.353,-0.771,-3.82
2020-01-01T05:49:02.222Z,328.0,8.92,0.575,-1.28,-3.68
2020-01-01T05:50:41.466Z,328.0,8.93,0.5,-0.54,-4.0
2020-01-01T05:52:20.709Z,331.0,9.0,-0.559,-0.346,-4.08
2020-01-01T05:53:59.953Z,329.0,6.84,0.335,-0.71,-4.04
2020-01-01T05:55:39.197Z,323.0,8.84,1.39,-1.87,-3.59
2020-01-01T05:57:18.441Z,321.0,8.11,1.78,-1.12,-3.72
2020-01-01T05:58:57.684Z,322.0,8.39,2.01,-1.81,-3.54
2020-01-01T06:00:36.928Z,321.0,8.39,2.45,-1.68,-3.34
2020-01-01T06:02:16.172Z,321.0,8.37,2.63,-1.74,-3.1
2020-01-01T06:03:55.415Z,322.0,8.81,2.46,-2.18,-3.05
2020-01-01T06:05:34.659Z,323.0,8.6,2.0,-2.51,-3.12
2020-01-01T06:07:13.903Z,325.0,7.85,1.78,-3.14,-3.15
2020-01-01T06:08:53.147Z,323.0,7.82,1.78,-3.27,-3.3
2020-01-01T06:10:32.390Z,323.0,7.92,1.71,-3.12,-3.18
2020-01-01T06:12:11.634Z,326.0,8.15,1.41,-3.05,-2.67
2020-01-01T06:13:50.878Z,325.0,8.34,1.66,-2.92,-2.8
2020-01-01T06:15:30.122Z,326.0,7.99,1.81,-2.96,-3.09
2020-01-01T06:17:09.365Z,327.0,8.34,1.62,-2.71,-3.1
2020-01-01T06:18:48.609Z,326.0,8.15,1.38,-2.6,-3.58
2020-01-01T06:20:27.853Z,325.0,8.46,1.36,-3.12,-3.42
2020-01-01T06:22:03.995Z,327.0,7.83,1.28,-3.41,-3.47
2020-01-01T06:23:43.239Z,325.0,8.15,1.1,-3.11,-3.38
2020-01-01T06:25:22.483Z,323.0,8.26,1.21,-3.08,-3.23
2020-01-01T06:27:01.726Z,323.0,8.92,1.48,-3.09,-2.35
2020-01-01T06:28:40.970Z,322.0,8.68,1.51,-3.12,-2.46
2020-01-01T06:30:20.214Z,327.0,7.87,1.32,-2.85,-3.42
2020-01-01T06:31:59.457Z,324.0,7.78,1.49,-2.71,-3.49
2020-01-01T06:33:38.701Z,323.0,7.82,1.18,-2.2,-3.66
2020-01-01T06:35:17.945Z,327.0,8.29,0.711,-2.8,-3.32
2020-01-01T06:36:57.189Z,327.0,8.47,0.8,-2.68,-3.46
2020-01-01T06:38:36.432Z,324.0,8.0,1.04,-2.78,-3.37
2020-01-01T06:40:15.676Z,325.0,7.77,1.33,-2.76,-3.37
2020-01-01T06:41:54.920Z,326.0,7.75,1.4,-2.53,-3.39
2020-01-01T06:43:34.164Z,325.0,7.95,1.53,-2.43,-3.35
2020-01-01T06:45:13.407Z,327.0,7.8,1.06,-3.06,-3.09
2020-01-01T06:46:52.651Z,323.0,7.44,1.8,-2.82,-3.08
2020-01-01T06:48:31.895Z,324.0,7.87,1.03,-2.62,-3.32
2020-01-01T06:50:11.138Z,323.0,7.27,1.44,-2.84,-3.17
2020-01-01T06:51:47.281Z,322.0,8.15,1.36,-2.69,-2.87
2020-01-01T06:53:26.525Z,330.0,8.09,0.579,-3.1,-2.95
2020-01-01T06:55:05.768Z,326.0,7.41,1.07,-2.69,-3.33
2020-01-01T06:56:45.012Z,324.0,7.52,1.28,-2.58,-3.39
2020-01-01T06:58:24.256Z,325.0,7.38,1.39,-2.92,-3.17
2020-01-01T07:00:03.499Z,322.0,7.4,1.62,-3.17,-2.76
2020-01-01T07:01:42.743Z,326.0,7.83,0.864,-2.34,-3.53
2020-01-01T07:03:21.987Z,329.0,8.02,0.782,-2.05,-3.6
2020-01-01T07:05:01.231Z,325.0,8.55,0.872,-1.94,-3.57
2020-01-01T07:06:40.474Z,332.0,7.57,0.2,-2.48,-3.45
2020-01-01T07:08:19.718Z,329.0,7.82,0.684,-2.33,-3.41
2020-01-01T07:09:58.962Z,326.0,7.92,0.645,-2.29,-3.53
2020-01-01T07:11:38.206Z,332.0,8.08,0.0452,-2.58,-3.32
2020-01-01T07:13:17.449Z,330.0,7.58,0.654,-2.04,-3.45
2020-01-01T07:14:56.693Z,330.0,7.93,0.467,-2.03,-3.28
2020-01-01T07:16:35.937Z,333.0,7.58,0.405,-2.09,-3.18
2020-01-01T07:18:18.282Z,332.0,8.11,0.185,-1.6,-3.17
2020-01-01T07:19:57.526Z,333.0,7.84,-0.0669,-2.17,-2.99
2020-01-01T07:21:36.769Z,334.0,7.91,-0.00385,-2.54,-2.84
2020-01-01T07:23:16.013Z,334.0,8.04,0.0337,-2.08,-2.8
2020-01-01T07:24:55.257Z,335.0,8.13,0.111,-1.83,-2.13
2020-01-01T07:26:34.501Z,337.0,8.88,-0.471,-1.89,-1.74
2020-01-01T07:28:13.744Z,338.0,8.72,-0.386,-1.82,-1.93
2020-01-01T07:29:52.988Z,338.0,8.41,-0.251,-1.76,-2.05
2020-01-01T07:31:32.232Z,337.0,8.35,-0.165,-1.62,-2.11
2020-01-01T07:33:08.374Z,341.0,8.2,-0.666,-1.72,-2.38
2020-01-01T07:34:47.618Z,340.0,8.59,-1.01,-1.66,-2.34
2020-01-01T07:36:26.862Z,338.0,8.04,-0.309,-1.65,-2.83
2020-01-01T07:41:24.593Z,338.0,8.06,-0.306,-1.71,-2.81
2020-01-01T07:43:03.837Z,337.0,8.18,0.069,-1.72,-2.96
2020-01-01T07:44:43.080Z,337.0,8.19,-0.118,-1.69,-2.87
2020-01-01T07:46:22.324Z,334.0,7.93,0.235,-1.82,-2.94
2020-01-01T07:48:01.568Z,334.0,8.53,-0.198,-1.7,-2.92
2020-01-01T07:49:40.811Z,337.0,8.26,-0.291,-1.85,-2.89
2020-01-01T07:51:20.055Z,334.0,8.69,0.253,-1.75,-3.06
2020-01-01T07:52:59.299Z,336.0,8.25,-0.253,-1.68,-3.08
2020-01-01T07:54:38.543Z,329.0,8.45,0.493,-2.06,-2.74
2020-01-01T07:56:17.786Z,332.0,8.41,0.226,-1.95,-3.04
2020-01-01T07:57:57.030Z,331.0,8.75,0.23,-2.24,-3.06
2020-01-01T07:59:39.375Z,332.0,9.04,0.23,-1.67,-3.31
2020-01-01T08:01:18.619Z,337.0,9.5,-0.166,-2.03,-2.96
2020-01-01T08:02:57.863Z,331.0,8.36,0.217,-1.86,-2.94
2020-01-01T08:04:37.106Z,329.0,8.83,0.342,-1.73,-2.93
2020-01-01T08:06:16.350Z,332.0,8.69,0.197,-1.84,-2.95
2020-01-01T08:07:55.594Z,329.0,9.07,0.455,-1.9,-2.89
2020-01-01T08:09:34.838Z,327.0,8.67,0.729,-0.988,-3.32
2020-01-01T08:11:14.081Z,323.0,8.52,2.27,-1.44,-2.05
2020-01-01T08:12:53.325Z,322.0,8.37,2.32,-2.63,-1.45
2020-01-01T08:14:32.569Z,320.0,8.18,2.54,-2.27,-2.11
2020-01-01T08:16:11.813Z,323.0,8.88,2.07,-2.29,-2.55
2020-01-01T08:17:51.056Z,326.0,8.74,1.85,-2.18,-2.71
2020-01-01T08:19:30.300Z,322.0,8.56,2.35,-2.19,-2.57
2020-01-01T08:21:09.544Z,322.0,8.57,2.08,-2.19,-2.51
2020-01-01T08:22:48.788Z,324.0,8.79,3.13,-1.53,-0.695
2020-01-01T08:24:28.031Z,326.0,8.01,3.29,0.576,3.32
2020-01-01T08:26:04.174Z,325.0,8.1,3.52,0.638,3.21
2020-01-01T08:27:43.417Z,325.0,7.92,3.54,0.7,3.03
2020-01-01T08:29:22.661Z,325.0,7.89,3.56,0.643,2.97
2020-01-01T08:31:01.905Z,325.0,8.24,3.68,0.608,3.07
2020-01-01T08:32:41.149Z,325.0,8.31,3.78,0.5,3.06
2020-01-01T08:34:20.392Z,325.0,8.16,3.86,0.417,2.96
2020-01-01T08:35:59.636Z,325.0,8.18,3.98,0.274,2.89
2020-01-01T08:37:38.880Z,324.0,8.36,3.95,0.0975,2.82
2020-01-01T08:39:18.124Z,324.0,8.38,4.08,-0.0499,2.91
2020-01-01T08:40:57.367Z,324.0,8.17,4.05,-0.101,3.01
2020-01-01T08:42:36.611Z,324.0,8.32,4.09,-0.0467,2.83
2020-01-01T08:44:15.855Z,323.0,8.38,4.24,-0.114,2.46
2020-01-01T08:45:55.099Z,323.0,8.33,4.31,-0.178,2.25
2020-01-01T08:47:34.342Z,323.0,8.57,4.42,-0.15,2.2
2020-01-01T08:49:13.586Z,323.0,8.54,4.44,-0.176,2.33
2020-01-01T08:50:52.830Z,322.0,8.15,4.49,-0.422,2.36
2020-01-01T08:52:32.074Z,321.0,8.21,4.57,-0.546,2.07
2020-01-01T08:54:11.317Z,322.0,8.3,4.7,-0.438,1.9
2020-01-01T08:55:47.460Z,321.0,7.88,4.72,-0.334,1.86
2020-01-01T08:57:26.704Z,322.0,8.29,4.67,-0.184,1.87
2020-01-01T08:59:05.947Z,322.0,8.42,4.61,-0.273,2.0
2020-01-01T09:00:45.191Z,322.0,8.16,4.53,-0.502,2.21
2020-01-01T09:02:24.435Z,323.0,8.78,4.06,-0.472,2.51
2020-01-01T09:04:03.679Z,326.0,10.7,3.47,0.548,2.93
2020-01-01T09:05:42.922Z,325.0,9.31,3.74,0.753,2.45
2020-01-01T09:07:22.166Z,324.0,8.75,4.34,-0.631,2.08
2020-01-01T09:09:01.410Z,321.0,8.46,4.27,-0.254,2.15
2020-01-01T09:10:40.653Z,320.0,8.18,4.09,-0.386,2.1
2020-01-01T09:12:19.897Z,325.0,9.49,4.08,-0.498,2.18
2020-01-01T09:13:59.141Z,322.0,9.28,4.23,-0.936,1.78
2020-01-01T09:15:38.385Z,321.0,9.07,4.27,-1.16,1.46
2020-01-01T09:17:17.629Z,323.0,9.36,4.04,-1.23,1.19
2020-01-01T09:18:56.872Z,326.0,10.5,3.89,-1.18,1.28
2020-01-01T09:20:36.116Z,325.0,10.1,4.08,-1.63,0.863
2020-01-01T09:22:15.360Z,326.0,10.5,4.01,-1.72,0.78
2020-01-01T09:23:54.603Z,324.0,9.7,4.14,-2.04,0.592
2020-01-01T09:25:33.847Z,326.0,10.1,3.61,-2.42,0.328
2020-01-01T09:27:13.091Z,324.0,10.1,3.76,-2.67,0.413
2020-01-01T09:28:52.335Z,326.0,10.2,3.29,-3.26,0.241
2020-01-01T09:30:31.579Z,327.0,10.4,3.03,-3.22,-0.454
2020-01-01T09:32:10.822Z,324.0,9.84,3.12,-3.05,-0.539
2020-01-01T09:33:50.066Z,325.0,10.3,3.25,-2.98,-0.452
2020-01-01T09:35:29.310Z,324.0,10.3,3.13,-2.89,-0.45
2020-01-01T09:37:08.553Z,323.0,10.5,3.08,-2.76,-0.507
2020-01-01T09:38:47.797Z,326.0,10.9,3.51,-1.86,0.245
2020-01-01T09:40:27.041Z,325.0,10.7,3.97,-0.633,0.929
2020-01-01T09:42:06.285Z,324.0,9.68,4.3,-0.516,1.48
2020-01-01T09:43:45.529Z,324.0,9.71,4.17,-0.745,1.27
2020-01-01T09:45:24.772Z,327.0,10.2,2.91,-2.96,-1.6
2020-01-01T09:47:04.016Z,327.0,9.87,2.76,-3.23,-1.4
2020-01-01T09:48:43.260Z,326.0,9.79,2.9,-3.16,-1.16
2020-01-01T09:50:22.504Z,327.0,9.85,2.95,-3.05,-1.24
2020-01-01T09:52:01.747Z,325.0,9.76,3.07,-2.9,-1.35
2020-01-01T09:53:40.991Z,325.0,9.75,3.25,-2.52,-1.39
2020-01-01T09:55:20.235Z,325.0,10.1,3.57,-2.47,-0.898
2020-01-01T09:56:59.479Z,325.0,9.71,3.34,-2.73,-1.68
2020-01-01T09:58:38.722Z,314.0,4.92,3.85,-2.36,-1.31
2020-01-01T10:00:17.966Z,318.0,6.21,3.98,-2.45,-1.43
2020-01-01T10:01:57.210Z,322.0,8.52,4.11,-2.38,-1.43
2020-01-01T10:03:36.454Z,311.0,4.78,4.45,-2.01,-0.996
2020-01-01T10:05:15.697Z,311.0,4.91,4.47,-2.06,-0.973
2020-01-01T10:06:54.941Z,309.0,4.45,4.65,-1.75,-0.821
2020-01-01T10:08:34.185Z,309.0,4.43,4.77,-1.53,-0.624
2020-01-01T10:10:13.428Z,307.0,4.45,4.81,-1.48,-0.657
2020-01-01T10:13:31.916Z,308.0,5.04,4.94,-1.17,-0.689
2020-01-01T10:15:11.160Z,307.0,4.49,4.96,-0.995,-0.604
2020-01-01T10:16:50.403Z,306.0,4.45,5.03,-0.533,-0.358
2020-01-01T10:18:29.647Z,307.0,4.83,5.03,-0.472,-0.24
2020-01-01T10:20:08.891Z,307.0,4.67,5.01,-0.451,-0.208
2020-01-01T10:21:48.135Z,309.0,5.57,5.0,-0.315,-0.271
2020-01-01T10:23:27.378Z,315.0,7.99,4.98,-0.2,0.0598
2020-01-01T10:25:06.622Z,316.0,8.16,5.01,0.072,0.0883
2020-01-01T10:26:45.866Z,308.0,5.38,5.05,0.00145,0.0415
2020-01-01T10:30:04.354Z,308.0,5.06,5.0,0.269,0.337
2020-01-01T10:31:43.597Z,307.0,5.36,4.85,0.0167,0.132
2020-01-01T10:33:22.841Z,307.0,5.32,4.83,0.0648,0.491
2020-01-01T10:35:02.085Z,306.0,4.51,4.86,0.186,0.295
2020-01-01T10:36:41.329Z,309.0,6.21,4.92,0.00138,0.322
2020-01-01T10:38:20.572Z,306.0,5.15,4.89,0.0164,0.164
2020-01-01T10:39:59.816Z,309.0,6.18,4.91,0.395,0.273
2020-01-01T10:41:39.060Z,307.0,5.38,4.86,0.474,0.241
2020-01-01T10:43:18.304Z,306.0,4.82,4.92,0.00843,0.166
2020-01-01T10:44:57.547Z,311.0,7.95,4.83,-0.339,0.302
2020-01-01T10:46:36.791Z,307.0,5.78,4.84,0.282,0.228
2020-01-01T10:48:12.933Z,305.0,4.96,4.79,0.349,0.0862
2020-01-01T10:49:52.177Z,306.0,4.93,4.8,0.539,0.072
2020-01-01T10:51:31.421Z,310.0,6.3,4.5,1.08,0.356
2020-01-01T10:53:10.665Z,308.0,4.93,4.4,0.882,0.205
2020-01-01T10:54:49.908Z,309.0,5.43,4.39,0.513,0.323
2020-01-01T10:56:26.051Z,308.0,5.32,4.37,-0.198,0.587
2020-01-01T10:58:05.295Z,306.0,4.47,4.41,-0.295,0.607
2020-01-01T10:59:44.538Z,318.0,8.99,4.26,0.0661,0.628
2020-01-01T11:01:23.782Z,321.0,10.1,4.25,-0.0744,0.524
2020-01-01T11:03:03.026Z,319.0,9.46,4.08,-0.438,0.946
2020-01-01T11:04:42.270Z,319.0,9.95,3.92,-0.85,0.886
2020-01-01T11:06:21.513Z,318.0,9.95,3.94,-0.87,0.682
2020-01-01T11:08:00.757Z,310.0,6.28,4.16,-0.991,0.475
2020-01-01T11:09:40.001Z,309.0,5.86,4.44,-0.74,-0.0778
2020-01-01T11:11:22.346Z,318.0,9.63,4.05,-1.17,-0.0932
2020-01-01T11:13:01.590Z,319.0,9.44,4.0,-1.38,0.506
2020-01-01T11:14:40.833Z,319.0,9.63,4.01,-1.25,0.401
2020-01-01T11:16:20.077Z,310.0,7.05,4.05,-0.971,0.446
2020-01-01T11:17:59.321Z,319.0,10.2,4.05,-0.934,0.331
2020-01-01T11:19:38.565Z,310.0,6.74,4.12,-0.592,0.338
2020-01-01T11:21:17.808Z,319.0,10.1,3.88,-1.39,0.175
2020-01-01T11:22:57.052Z,318.0,9.69,3.86,-1.57,0.29
2020-01-01T11:24:36.296Z,321.0,9.69,3.74,-1.93,-0.0073
2020-01-01T11:26:15.540Z,321.0,9.81,3.87,-1.82,0.0148
2020-01-01T11:27:54.784Z,321.0,9.54,4.02,-1.66,-0.259
2020-01-01T11:29:34.027Z,316.0,8.33,4.42,-1.21,0.121
2020-01-01T11:31:13.271Z,320.0,9.77,4.14,-0.168,1.54
2020-01-01T11:32:52.515Z,311.0,5.36,4.21,-0.2,1.82
2020-01-01T11:34:31.759Z,321.0,9.43,4.12,-0.263,1.86
2020-01-01T11:36:11.002Z,320.0,9.59,3.99,-0.275,1.93
2020-01-01T11:37:47.145Z,318.0,9.35,3.88,-0.0832,2.05
2020-01-01T11:39:26.388Z,322.0,9.8,3.53,-0.23,2.54
2020-01-01T11:41:05.632Z,321.0,9.91,3.55,0.153,2.22
2020-01-01T11:42:44.876Z,321.0,9.17,3.63,-0.113,2.29
2020-01-01T11:44:24.120Z,320.0,10.0,3.6,-0.427,2.05
2020-01-01T11:49:21.851Z,318.0,9.55,3.75,-0.319,1.81
2020-01-01T11:51:01.095Z,320.0,10.2,3.69,-0.0441,1.93
2020-01-01T11:52:43.440Z,317.0,8.4,3.83,-0.868,1.81
2020-01-01T11:54:22.684Z,317.0,8.03,3.61,-0.727,1.77
2020-01-01T11:56:01.927Z,317.0,8.74,3.47,-2.03,0.858
2020-01-01T11:57:41.171Z,321.0,9.62,3.39,0.438,1.8
2020-01-01T11:59:20.415Z,320.0,8.95,3.48,0.657,1.98
2020-01-01T12:00:59.659Z,320.0,8.57,3.48,0.568,1.99
2020-01-01T12:02:38.902Z,313.0,6.84,3.59,0.657,1.7
2020-01-01T12:04:18.146Z,319.0,8.67,3.51,0.679,1.95
2020-01-01T12:05:57.390Z,320.0,9.37,3.2,1.58,1.84
2020-01-01T12:07:36.634Z,321.0,9.53,2.75,-1.57,-0.558
2020-01-01T12:09:15.878Z,319.0,8.87,2.19,-2.79,-1.54
2020-01-01T12:10:52.020Z,323.0,9.23,1.59,-2.93,-1.88
2020-01-01T12:12:31.264Z,317.0,9.11,2.09,-2.91,-1.13
2020-01-01T12:14:10.507Z,320.0,8.88,2.44,-2.76,-1.15
2020-01-01T12:15:49.751Z,324.0,8.86,1.68,-3.17,-1.32
2020-01-01T12:17:28.995Z,323.0,10.1,2.78,-2.55,-0.79
2020-01-01T12:19:05.137Z,329.0,9.34,2.89,-2.67,-0.531
2020-01-01T12:20:44.381Z,329.0,8.6,2.58,-2.73,-1.24
2020-01-01T12:22:23.625Z,328.0,8.78,2.48,-2.51,-1.61
2020-01-01T12:24:02.869Z,329.0,9.41,1.9,-2.82,-1.69
2020-01-01T12:25:42.112Z,326.0,8.84,1.59,-3.08,-1.88
2020-01-01T12:27:21.356Z,330.0,9.29,1.98,-3.06,-1.38
2020-01-01T12:29:00.600Z,324.0,9.0,2.87,-2.46,-0.467
2020-01-01T12:30:39.844Z,328.0,9.6,1.99,-2.96,-1.35
2020-01-01T12:32:19.087Z,331.0,9.26,1.17,-3.04,-1.98
2020-01-01T12:33:58.331Z,332.0,8.73,1.84,-2.79,-1.69
2020-01-01T12:35:37.575Z,330.0,9.14,0.789,-3.26,-0.828
2020-01-01T12:37:16.819Z,338.0,9.53,-0.289,-3.54,-1.29
2020-01-01T12:38:56.063Z,339.0,8.98,-0.344,-3.26,-1.9
2020-01-01T12:40:35.306Z,336.0,9.4,0.0675,-3.07,-2.29
2020-01-01T12:42:14.550Z,334.0,8.5,0.677,-3.27,-1.68
2020-01-01T12:43:53.794Z,331.0,9.43,0.916,-3.54,-1.27
2020-01-01T12:45:33.038Z,333.0,9.3,0.61,-3.58,-1.49
2020-01-01T12:47:12.281Z,334.0,9.62,0.347,-3.22,-2.12
2020-01-01T12:48:51.525Z,334.0,9.79,0.313,-3.2,-2.13
2020-01-01T12:50:30.769Z,332.0,9.51,0.611,-3.17,-1.97
2020-01-01T12:52:10.013Z,337.0,9.51,0.0953,-3.4,-1.83
2020-01-01T12:53:49.256Z,338.0,9.52,-0.33,-3.17,-2.08
2020-01-01T12:55:28.500Z,338.0,9.59,-0.279,-3.14,-2.24
2020-01-01T12:57:07.744Z,337.0,9.52,-0.779,-2.98,-2.7
2020-01-01T12:58:46.988Z,336.0,9.39,0.0192,-3.2,-2.37
2020-01-01T13:00:26.232Z,336.0,10.1,-0.00223,-3.23,-2.45
2020-01-01T13:02:05.475Z,330.0,9.14,0.925,-3.17,-2.08
2020-01-01T13:03:44.719Z,335.0,10.2,0.383,-3.1,-2.16
2020-01-01T13:05:23.963Z,333.0,9.34,0.644,-3.15,-2.25
2020-01-01T13:07:03.207Z,340.0,9.89,-0.833,-2.81,-2.36
2020-01-01T13:08:42.450Z,349.0,9.4,-2.39,-2.29,-1.9
2020-01-01T13:10:21.694Z,349.0,9.78,-2.38,-2.19,-1.97
2020-01-01T13:12:00.938Z,352.0,9.87,-3.07,-1.85,-1.67
2020-01-01T13:13:40.182Z,349.0,9.96,-2.72,-2.04,-1.91
2020-01-01T13:15:19.425Z,346.0,9.92,-2.0,-1.93,-2.41
2020-01-01T13:16:58.669Z,350.0,9.12,-3.27,-0.524,-1.82
2020-01-01T13:18:37.913Z,347.0,8.68,-2.38,-2.2,-1.86
2020-01-01T13:20:17.157Z,345.0,9.4,-1.98,-2.58,-2.01
2020-01-01T13:21:56.401Z,345.0,9.47,-1.88,-1.63,-1.87
2020-01-01T13:23:35.644Z,343.0,9.82,-1.67,-2.01,-1.7
2020-01-01T13:25:14.888Z,345.0,9.34,-2.01,-1.74,-1.75
2020-01-01T13:26:54.132Z,344.0,9.93,-1.52,-2.02,-2.0
2020-01-01T13:28:33.376Z,341.0,8.26,-1.16,-2.03,-1.96
2020-01-01T13:30:09.518Z,327.0,9.74,2.1,-1.8,-0.953
2020-01-01T13:31:48.762Z,328.0,9.59,4.0,-0.169,0.544
2020-01-01T13:33:28.006Z,331.0,9.17,4.31,0.763,1.5
2020-01-01T13:35:07.249Z,330.0,8.88,4.39,0.522,1.28
2020-01-01T13:36:46.493Z,330.0,8.96,4.4,0.678,1.31
2020-01-01T13:38:25.737Z,330.0,9.01,4.25,0.724,1.56
2020-01-01T13:40:04.981Z,329.0,9.34,4.16,0.749,1.52
2020-01-01T13:41:44.224Z,329.0,8.98,4.16,0.629,1.73
2020-01-01T13:43:23.468Z,329.0,9.02,4.17,0.558,1.57
2020-01-01T13:45:02.712Z,328.0,9.06,4.1,0.604,1.54
2020-01-01T13:46:41.956Z,330.0,9.14,4.16,0.418,1.43
2020-01-01T13:48:21.200Z,329.0,8.89,4.12,0.368,1.48
2020-01-01T13:50:00.443Z,328.0,8.95,4.22,0.189,1.21
2020-01-01T13:51:39.687Z,328.0,8.84,4.28,0.194,1.14
2020-01-01T13:53:18.931Z,328.0,8.68,4.24,0.338,1.32
2020-01-01T13:54:58.175Z,328.0,8.64,4.26,0.297,1.31
2020-01-01T13:56:37.418Z,328.0,8.88,4.26,0.318,1.32
2020-01-01T13:58:16.662Z,328.0,8.9,4.21,0.365,1.17
2020-01-01T13:59:55.906Z,327.0,9.09,4.29,0.073,0.775
2020-01-01T14:01:35.150Z,327.0,8.89,4.3,-0.114,0.788
2020-01-01T14:03:14.393Z,327.0,9.45,4.15,0.365,1.15
2020-01-01T14:04:53.637Z,327.0,9.08,4.18,0.311,1.17
2020-01-01T14:06:32.881Z,327.0,9.15,4.16,0.478,1.07
2020-01-01T14:08:09.023Z,326.0,8.83,4.24,0.606,0.914
2020-01-01T14:09:48.267Z,327.0,9.02,4.24,0.513,0.852
2020-01-01T14:11:27.511Z,326.0,9.14,4.28,0.261,0.809
2020-01-01T14:13:06.755Z,327.0,8.96,4.29,0.037,0.724
2020-01-01T14:14:45.999Z,327.0,8.88,4.37,0.0303,0.702
2020-01-01T14:16:25.242Z,327.0,8.92,4.41,-0.287,0.621
2020-01-01T14:18:04.486Z,327.0,8.87,4.43,-0.324,0.559
2020-01-01T14:19:43.730Z,327.0,8.8,4.44,-0.42,0.582
2020-01-01T14:21:22.974Z,327.0,8.87,4.38,-0.688,0.669
2020-01-01T14:23:05.319Z,327.0,8.98,4.39,-0.686,0.493
2020-01-01T14:24:44.562Z,327.0,8.89,4.36,-0.804,0.501
2020-01-01T14:26:23.806Z,326.0,8.54,4.4,-0.731,0.54
2020-01-01T14:28:03.050Z,324.0,8.14,4.48,-0.248,0.81
2020-01-01T14:29:42.294Z,325.0,8.36,4.46,-0.612,0.61
2020-01-01T14:31:21.538Z,326.0,8.55,4.4,-1.06,0.34
2020-01-01T14:33:00.781Z,326.0,8.55,4.37,-1.01,0.472
2020-01-01T14:34:40.025Z,326.0,8.71,4.36,-0.944,0.473
2020-01-01T14:36:19.269Z,326.0,8.82,4.37,-0.92,0.538
2020-01-01T14:37:58.513Z,325.0,8.47,4.39,-0.841,0.589
2020-01-01T14:39:37.756Z,325.0,8.36,4.39,-0.663,0.857
2020-01-01T14:41:17.000Z,325.0,8.05,4.43,-0.598,0.683
2020-01-01T14:42:56.244Z,328.0,8.43,4.24,-1.27,0.266
2020-01-01T14:44:35.488Z,321.0,6.18,4.45,-0.799,0.736
2020-01-01T14:46:14.732Z,325.0,8.21,4.24,-1.69,0.42
2020-01-01T14:47:53.975Z,326.0,8.09,4.2,-1.53,0.899
2020-01-01T14:49:30.118Z,326.0,7.72,4.27,-1.55,0.346
2020-01-01T14:51:09.361Z,322.0,6.3,4.38,-1.29,-0.32
2020-01-01T14:52:48.605Z,326.0,8.25,4.36,-1.24,-0.514
2020-01-01T14:54:27.849Z,322.0,5.79,4.14,-1.52,-0.77
2020-01-01T14:56:07.093Z,319.0,5.65,4.41,-0.688,0.0372
2020-01-01T14:57:46.337Z,325.0,7.71,4.39,-0.927,-0.119
2020-01-01T14:59:25.580Z,320.0,5.47,4.27,-1.24,-0.586
2020-01-01T15:01:04.824Z,321.0,5.68,4.18,-1.15,-1.02
2020-01-01T15:02:44.068Z,325.0,5.79,3.99,-1.28,-1.27
2020-01-01T15:04:26.413Z,324.0,5.58,3.82,-1.44,-1.6
2020-01-01T15:06:05.657Z,326.0,7.91,3.97,-1.8,-1.06
2020-01-01T15:07:44.901Z,323.0,6.13,3.89,-1.8,-0.92
2020-01-01T15:09:24.144Z,328.0,8.26,3.86,-1.8,-1.01
2020-01-01T15:11:03.388Z,327.0,8.33,3.55,-2.27,-0.579
2020-01-01T15:12:42.632Z,327.0,8.21,3.71,-2.16,-0.589
2020-01-01T15:14:21.876Z,329.0,8.85,3.38,-2.29,-0.571
2020-01-01T15:16:01.119Z,329.0,8.7,3.36,-2.75,-0.287
2020-01-01T15:17:40.363Z,329.0,9.18,3.21,-2.7,-0.214
2020-01-01T15:19:19.607Z,329.0,9.24,3.47,-2.21,-0.741
2020-01-01T15:20:58.851Z,327.0,9.12,3.61,-1.88,-0.912
2020-01-01T15:22:34.993Z,328.0,9.5,3.54,-1.68,-1.43
2020-01-01T15:24:14.237Z,328.0,9.01,3.51,-1.74,-1.57
2020-01-01T15:25:53.481Z,329.0,9.47,3.41,-2.24,-0.794
2020-01-01T15:27:32.724Z,330.0,9.42,3.01,-2.73,-0.482
2020-01-01T15:29:11.968Z,329.0,9.14,3.17,-2.52,-0.838
2020-01-01T15:30:48.111Z,333.0,9.49,2.58,-3.05,-0.742
2020-01-01T15:32:27.354Z,334.0,9.15,2.57,-3.12,-0.8
2020-01-01T15:34:06.598Z,334.0,9.27,2.31,-3.25,-1.0
2020-01-01T15:35:45.842Z,334.0,9.22,2.19,-3.27,-1.11
2020-01-01T15:37:25.086Z,333.0,8.77,2.43,-3.14,-1.14
2020-01-01T15:39:04.330Z,329.0,9.3,2.99,-2.7,-0.777
2020-01-01T15:40:43.573Z,330.0,9.15,3.16,-2.49,-0.972
2020-01-01T15:42:22.817Z,330.0,9.19,2.92,-2.67,-1.21
2020-01-01T15:44:02.061Z,331.0,8.99,2.61,-2.71,-1.63
2020-01-01T15:45:41.305Z,333.0,9.13,2.32,-2.63,-2.1
2020-01-01T15:47:20.548Z,331.0,8.79,2.86,-2.4,-1.01
2020-01-01T15:48:59.792Z,327.0,9.54,3.23,-1.9,1.38
2020-01-01T15:50:39.036Z,326.0,9.6,3.36,-1.72,1.43
2020-01-01T15:52:18.280Z,328.0,9.79,3.24,-2.02,1.04
2020-01-01T15:55:36.767Z,329.0,9.94,3.31,-2.25,1.07
2020-01-01T15:57:16.011Z,328.0,9.68,3.21,-2.41,0.607
2020-01-01T15:58:55.255Z,325.0,9.26,3.38,-2.5,0.605
2020-01-01T16:00:34.499Z,325.0,9.02,3.34,-2.63,0.332
2020-01-01T16:02:13.742Z,326.0,9.16,3.27,-2.69,0.0788
2020-01-01T16:03:52.986Z,328.0,8.75,3.3,-2.74,0.00228
2020-01-01T16:05:32.230Z,327.0,8.97,3.21,-2.82,-0.253
2020-01-01T16:07:11.474Z,327.0,8.69,3.27,-2.82,-0.223
2020-01-01T16:08:50.717Z,327.0,8.75,3.26,-2.89,-0.38
2020-01-01T16:10:29.961Z,327.0,8.5,3.23,-2.93,-0.421
2020-01-01T16:12:09.205Z,331.0,9.87,2.8,-2.76,-0.67
2020-01-01T16:13:48.449Z,328.0,9.5,2.68,-2.93,-1.01
2020-01-01T16:15:27.693Z,329.0,10.5,2.63,-2.79,-0.893
2020-01-01T16:17:06.936Z,330.0,10.1,2.74,-2.65,-0.664
2020-01-01T16:18:46.180Z,331.0,10.2,2.79,-2.46,-0.522
2020-01-01T16:20:25.424Z,331.0,10.2,2.78,-2.49,-0.437
2020-01-01T16:22:04.668Z,331.0,10.4,2.77,-2.46,-0.518
2020-01-01T16:23:43.912Z,330.0,10.1,2.91,-2.64,-0.513
2020-01-01T16:25:23.155Z,328.0,9.0,3.12,-2.7,-0.606
2020-01-01T16:27:02.399Z,328.0,9.57,3.01,-2.56,-0.596
2020-01-01T16:28:41.643Z,330.0,10.5,2.81,-2.4,-0.439
2020-01-01T16:30:20.887Z,331.0,10.7,2.76,-2.24,-0.374
2020-01-01T16:32:00.130Z,330.0,11.1,2.74,-2.26,-0.421
2020-01-01T16:33:39.374Z,330.0,10.7,2.82,-2.21,-0.205
2020-01-01T16:35:18.618Z,330.0,10.6,2.9,-2.12,-0.168
2020-01-01T16:36:57.862Z,329.0,11.2,2.7,-1.93,-0.163
2020-01-01T16:38:37.106Z,329.0,11.2,2.77,-1.72,-0.145
2020-01-01T16:40:16.349Z,329.0,11.2,2.83,-1.86,-0.357
2020-01-01T16:41:52.492Z,329.0,10.6,2.92,-2.02,-0.349
2020-01-01T16:43:31.736Z,329.0,10.5,3.06,-1.95,-0.322
2020-01-01T16:45:10.979Z,329.0,10.5,3.11,-1.96,-0.319
2020-01-01T16:46:50.223Z,327.0,9.08,3.32,-2.08,-0.172
2020-01-01T16:48:29.467Z,328.0,10.6,3.05,-2.06,-0.125
2020-01-01T16:50:08.711Z,329.0,10.2,3.03,-2.1,-0.0428
2020-01-01T16:51:47.955Z,328.0,10.5,3.02,-1.85,0.0809
2020-01-01T16:53:27.198Z,329.0,11.2,2.46,-2.12,-0.334
2020-01-01T16:55:06.442Z,329.0,11.6,2.3,-2.2,-0.475
2020-01-01T16:56:45.686Z,329.0,11.4,2.28,-2.24,-0.476
2020-01-01T16:58:24.930Z,329.0,11.4,2.29,-2.17,-0.483
2020-01-01T17:00:04.173Z,329.0,11.4,2.54,-2.2,-0.296
2020-01-01T17:01:43.417Z,326.0,8.32,3.07,-2.12,0.523
2020-01-01T17:03:22.661Z,328.0,10.4,3.02,-2.24,0.519
2020-01-01T17:05:01.905Z,327.0,10.1,3.11,-2.22,0.574
2020-01-01T17:06:41.149Z,329.0,10.5,2.48,-2.21,-0.209
2020-01-01T17:08:20.392Z,329.0,11.0,2.55,-2.13,-0.165
2020-01-01T17:09:59.636Z,329.0,11.2,2.61,-2.0,-0.0562
2020-01-01T17:11:38.880Z,329.0,11.1,2.77,-1.76,0.217
2020-01-01T17:13:18.124Z,329.0,11.3,2.76,-1.73,0.072
2020-01-01T17:14:57.368Z,329.0,11.4,2.58,-1.65,0.114
2020-01-01T17:16:36.611Z,329.0,11.8,2.36,-1.9,-0.415
2020-01-01T17:18:15.855Z,329.0,11.8,2.33,-1.87,-0.386
2020-01-01T17:19:51.998Z,329.0,11.9,2.3,-1.86,-0.351
2020-01-01T17:21:31.241Z,329.0,12.1,2.34,-1.91,-0.325
2020-01-01T17:23:10.485Z,327.0,11.3,2.35,-2.08,-0.477
2020-01-01T17:24:49.729Z,326.0,12.6,2.02,-1.8,-0.324
2020-01-01T17:26:28.973Z,327.0,12.4,2.08,-1.87,-0.194
2020-01-01T17:28:08.217Z,327.0,12.1,2.13,-1.92,-0.206
2020-01-01T17:29:47.460Z,327.0,12.0,2.16,-1.93,-0.331
2020-01-01T17:31:26.704Z,327.0,12.5,2.1,-1.8,-0.0693
2020-01-01T17:33:05.948Z,326.0,12.4,2.1,-1.83,-0.0923
2020-01-01T17:34:45.192Z,327.0,12.4,2.15,-1.87,-0.0263
2020-01-01T17:36:24.435Z,327.0,12.1,2.09,-1.89,0.157
2020-01-01T17:38:03.679Z,327.0,12.4,2.07,-1.92,0.195
2020-01-01T17:39:42.923Z,327.0,12.2,2.07,-1.86,0.196
2020-01-01T17:41:22.167Z,327.0,12.1,2.06,-1.93,0.203
2020-01-01T17:43:01.411Z,327.0,12.0,2.07,-1.91,0.154
2020-01-01T17:44:40.654Z,327.0,12.3,2.07,-1.78,0.0872
2020-01-01T17:46:19.898Z,327.0,12.4,2.04,-1.74,0.117
2020-01-01T17:47:59.142Z,327.0,12.3,2.04,-1.81,0.0258
2020-01-01T17:49:35.284Z,327.0,12.3,2.04,-1.81,-0.0272
2020-01-01T17:51:14.528Z,326.0,12.2,2.01,-1.84,-0.0867
2020-01-01T17:52:53.772Z,326.0,12.4,2.02,-1.83,-0.0689
2020-01-01T17:54:33.016Z,325.0,12.7,2.04,-1.82,-0.0408
2020-01-01T17:56:12.260Z,325.0,12.5,1.94,-1.87,-0.117
2020-01-01T17:57:51.503Z,325.0,12.4,1.92,-1.92,-0.0687
2020-01-01T17:59:30.747Z,326.0,12.7,1.94,-1.8,-0.0821
2020-01-01T18:01:09.991Z,326.0,12.5,1.93,-1.8,-0.125
2020-01-01T18:02:49.235Z,326.0,12.6,1.92,-1.77,-0.199
2020-01-01T18:04:28.479Z,326.0,12.8,1.9,-1.72,-0.192
2020-01-01T18:06:07.722Z,325.0,12.6,1.99,-1.64,-0.239
2020-01-01T18:07:46.966Z,326.0,12.9,1.84,-1.74,-0.155
2020-01-01T18:09:26.210Z,326.0,12.9,1.88,-1.77,-0.186
2020-01-01T18:11:05.454Z,326.0,12.9,1.87,-1.94,-0.0366
2020-01-01T18:12:44.698Z,327.0,12.3,1.98,-1.93,-0.13
2020-01-01T18:14:23.941Z,327.0,12.3,1.98,-1.94,-0.165
2020-01-01T18:16:06.286Z,328.0,12.3,2.1,-1.97,-0.229
2020-01-01T18:17:45.530Z,328.0,12.1,2.14,-1.99,-0.226
2020-01-01T18:19:24.774Z,328.0,12.2,2.05,-1.99,-0.171
2020-01-01T18:21:04.018Z,327.0,12.3,1.98,-1.97,-0.0277
2020-01-01T18:22:43.262Z,329.0,12.3,1.96,-1.97,-0.0263
2020-01-01T18:24:22.505Z,329.0,12.4,1.93,-1.98,0.00547
2020-01-01T18:26:01.749Z,329.0,12.4,1.93,-2.01,0.0106
2020-01-01T18:27:40.993Z,329.0,12.7,1.89,-2.02,0.0701
2020-01-01T18:29:20.237Z,329.0,12.2,1.77,-2.12,0.174
2020-01-01T18:30:56.379Z,330.0,12.3,1.74,-2.14,0.128
2020-01-01T18:32:35.623Z,330.0,12.3,1.75,-2.14,-0.000446
2020-01-01T18:34:14.867Z,329.0,12.3,1.76,-2.11,-0.0232
2020-01-01T18:35:54.111Z,329.0,12.3,1.8,-2.12,0.0367
2020-01-01T18:37:33.354Z,329.0,12.2,1.79,-2.14,0.0414
2020-01-01T18:39:12.598Z,329.0,12.3,1.79,-2.15,0.0141
2020-01-01T18:40:51.842Z,329.0,12.0,1.83,-2.12,0.124
2020-01-01T18:42:31.086Z,328.0,12.4,1.78,-2.14,0.174
2020-01-01T18:44:10.330Z,329.0,12.9,1.66,-2.19,0.153
2020-01-01T18:45:49.573Z,328.0,12.2,1.65,-2.35,0.17
2020-01-01T18:47:28.817Z,328.0,12.1,1.67,-2.33,0.0784
2020-01-01T18:49:08.061Z,328.0,12.0,1.62,-2.4,0.0804
2020-01-01T18:50:47.305Z,328.0,12.5,1.45,-2.43,0.13
2020-01-01T18:52:26.549Z,329.0,12.5,1.39,-2.4,0.151
2020-01-01T18:54:05.792Z,329.0,12.5,1.3,-2.41,0.155
2020-01-01T18:55:45.036Z,329.0,12.4,1.27,-2.42,0.186
2020-01-01T18:57:27.381Z,329.0,12.5,1.32,-2.38,0.136
2020-01-01T18:59:06.625Z,329.0,12.6,1.29,-2.38,0.0728
2020-01-01T19:00:45.869Z,328.0,13.0,1.25,-2.41,-0.00386
2020-01-01T19:02:25.113Z,328.0,12.5,1.23,-2.43,0.00351
2020-01-01T19:04:04.357Z,327.0,12.4,1.35,-2.38,0.0768
2020-01-01T19:05:43.600Z,326.0,12.7,1.41,-2.3,0.138
2020-01-01T19:07:22.844Z,327.0,12.5,1.3,-2.44,0.0382
2020-01-01T19:09:02.088Z,327.0,12.5,1.35,-2.46,0.112
2020-01-01T19:10:41.332Z,328.0,12.5,1.38,-2.44,0.202
2020-01-01T19:12:20.576Z,328.0,12.5,1.42,-2.42,0.182
2020-01-01T19:13:59.819Z,327.0,12.4,1.48,-2.33,0.262
2020-01-01T19:15:39.063Z,326.0,12.4,1.62,-2.21,0.392
2020-01-01T19:17:18.307Z,326.0,12.8,1.45,-2.33,0.31
2020-01-01T19:18:57.551Z,325.0,12.4,1.42,-2.31,0.338
2020-01-01T19:20:36.795Z,326.0,12.3,1.36,-2.46,0.395
2020-01-01T19:22:16.038Z,326.0,12.2,1.54,-2.29,0.499
2020-01-01T19:23:52.181Z,326.0,12.6,1.26,-2.4,0.411
2020-01-01T19:25:31.425Z,326.0,12.6,1.13,-2.46,0.417
2020-01-01T19:27:10.668Z,324.0,12.7,1.39,-2.17,0.61
2020-01-01T19:28:49.912Z,326.0,12.8,1.03,-2.34,0.412
2020-01-01T19:30:29.156Z,325.0,12.9,1.32,-2.12,0.58
2020-01-01T19:32:08.400Z,324.0,12.6,1.6,-1.89,0.681
2020-01-01T19:33:47.643Z,326.0,13.3,1.51,-1.8,0.803
2020-01-01T19:35:26.887Z,329.0,12.7,1.28,-1.97,0.648
2020-01-01T19:37:06.131Z,328.0,13.0,1.38,-1.94,0.629
2020-01-01T19:38:45.375Z,327.0,13.0,1.42,-1.95,0.529
2020-01-01T19:40:24.619Z,327.0,12.8,1.5,-1.96,0.642
2020-01-01T19:42:03.863Z,326.0,12.4,1.59,-1.92,0.619
2020-01-01T19:43:43.106Z,327.0,12.6,1.57,-1.87,0.736
2020-01-01T19:45:22.350Z,327.0,12.6,1.68,-1.79,0.721
2020-01-01T19:47:01.594Z,328.0,12.7,1.55,-1.85,0.723
2020-01-01T19:48:40.838Z,327.0,12.6,1.53,-1.86,0.865
2020-01-01T19:50:20.081Z,327.0,13.1,1.3,-2.02,0.73
2020-01-01T19:51:59.325Z,327.0,12.9,1.28,-2.04,0.698
2020-01-01T19:53:35.468Z,325.0,12.2,1.53,-2.05,0.945
2020-01-01T19:55:14.712Z,327.0,12.5,1.41,-1.91,0.981
2020-01-01T19:56:53.955Z,325.0,12.1,1.66,-1.98,1.13
2020-01-01T19:58:33.199Z,326.0,12.3,1.55,-2.13,1.08
2020-01-01T20:01:51.687Z,326.0,12.4,1.68,-1.99,1.03
2020-01-01T20:03:30.931Z,326.0,12.4,1.53,-2.17,1.0
2020-01-01T20:05:10.174Z,325.0,12.1,1.59,-2.09,0.966
2020-01-01T20:06:49.418Z,322.0,12.7,1.69,-2.08,0.994
2020-01-01T20:08:28.662Z,324.0,12.6,1.18,-2.04,0.705
2020-01-01T20:10:07.906Z,327.0,13.0,0.227,-2.04,0.427
2020-01-01T20:11:47.150Z,325.0,13.4,0.8,-1.46,0.711
2020-01-01T20:13:26.393Z,324.0,13.1,0.654,-1.87,0.608
2020-01-01T20:15:05.637Z,323.0,12.9,0.967,-2.14,0.883
2020-01-01T20:16:44.881Z,323.0,13.2,1.26,-1.46,0.805
2020-01-01T20:18:24.125Z,324.0,13.7,1.27,-0.72,0.549
2020-01-01T20:20:03.369Z,325.0,13.8,1.17,-0.923,0.371
2020-01-01T20:21:42.612Z,326.0,13.6,1.01,-0.984,0.29
2020-01-01T20:23:21.856Z,325.0,14.6,0.667,0.014,0.254
2020-01-01T20:25:01.100Z,324.0,14.0,1.1,-0.0146,0.525
2020-01-01T20:26:40.344Z,323.0,13.9,1.54,0.0244,0.804
2020-01-01T20:28:19.588Z,322.0,13.9,1.74,0.3,0.704
2020-01-01T20:29:58.831Z,323.0,14.0,1.58,0.709,0.401
2020-01-01T20:31:38.075Z,322.0,13.6,1.44,1.37,-0.322
2020-01-01T20:33:17.319Z,322.0,13.7,1.45,1.25,-0.119
2020-01-01T20:34:56.563Z,324.0,13.5,1.64,1.14,0.142
2020-01-01T20:36:35.807Z,323.0,13.8,1.65,1.2,0.115
2020-01-01T20:38:15.050Z,319.0,12.3,0.677,2.18,-0.996
2020-01-01T20:39:54.294Z,317.0,12.7,0.154,2.63,-1.56
2020-01-01T20:41:33.538Z,320.0,13.7,1.42,1.21,0.046
2020-01-01T20:43:12.782Z,317.0,13.1,1.94,0.431,0.576
2020-01-01T20:44:52.026Z,318.0,13.7,1.92,0.497,0.513
2020-01-01T20:46:31.270Z,317.0,13.1,2.03,0.197,0.312
2020-01-01T20:48:10.513Z,319.0,14.2,1.71,0.512,0.451
2020-01-01T20:49:49.757Z,318.0,13.4,2.01,0.353,0.605
2020-01-01T20:51:29.001Z,313.0,12.7,2.12,0.217,0.842
2020-01-01T20:53:08.245Z,314.0,13.1,1.96,-0.0483,0.995
2020-01-01T20:54:47.489Z,313.0,13.0,2.02,0.0116,1.02
2020-01-01T20:56:26.732Z,312.0,13.5,1.85,-0.401,1.2
2020-01-01T20:58:05.976Z,312.0,12.9,1.77,-0.551,1.37
2020-01-01T20:59:45.220Z,312.0,12.7,1.72,-0.633,1.57
2020-01-01T21:01:24.464Z,312.0,13.0,1.99,-0.664,1.79
2020-01-01T21:03:03.708Z,312.0,12.3,2.07,-0.919,1.9
2020-01-01T21:04:42.951Z,312.0,12.3,2.1,-0.807,2.05
2020-01-01T21:06:22.195Z,312.0,12.4,2.04,-1.03,2.08
2020-01-01T21:08:01.439Z,314.0,12.6,1.94,-0.758,2.01
2020-01-01T21:09:40.683Z,311.0,11.9,2.15,-0.878,2.3
2020-01-01T21:11:19.927Z,312.0,12.1,2.14,-0.996,2.24
2020-01-01T21:12:59.170Z,310.0,12.3,2.19,-1.1,2.31
2020-01-01T21:14:38.414Z,311.0,12.1,2.1,-1.22,2.24
2020-01-01T21:16:17.658Z,312.0,11.8,2.03,-1.24,2.35
2020-01-01T21:17:56.902Z,311.0,11.8,2.05,-1.55,1.71
2020-01-01T21:19:36.146Z,311.0,12.3,2.11,-1.14,2.0
2020-01-01T21:21:15.390Z,311.0,12.6,2.06,-1.13,1.95
2020-01-01T21:22:54.633Z,310.0,12.5,1.98,-1.2,1.87
2020-01-01T21:24:33.877Z,310.0,12.8,1.97,-1.03,1.94
2020-01-01T21:26:13.121Z,310.0,13.0,1.97,-1.17,1.78
2020-01-01T21:27:52.365Z,311.0,12.7,2.01,-1.27,1.75
2020-01-01T21:29:31.609Z,309.0,12.9,2.17,-0.952,1.93
2020-01-01T21:31:10.852Z,310.0,12.8,2.12,-1.0,1.76
2020-01-01T21:32:50.096Z,311.0,12.6,2.21,-1.07,1.75
2020-01-01T21:34:29.340Z,311.0,12.4,2.19,-1.44,1.58
2020-01-01T21:36:08.584Z,310.0,12.7,2.1,-1.59,1.44
2020-01-01T21:37:47.828Z,311.0,12.4,2.01,-1.66,1.34
2020-01-01T21:39:27.071Z,311.0,12.4,1.97,-1.7,1.24
2020-01-01T21:41:06.315Z,310.0,12.5,1.83,-1.65,1.38
2020-01-01T21:42:45.559Z,308.0,12.3,1.59,-1.87,1.21
2020-01-01T21:44:24.803Z,306.0,11.8,1.22,-2.0,1.04
2020-01-01T21:46:00.945Z,311.0,11.5,2.49,-0.793,1.67
2020-01-01T21:47:40.189Z,313.0,11.6,2.77,-0.651,1.69
2020-01-01T21:49:19.433Z,312.0,11.5,2.81,-1.01,1.56
2020-01-01T21:50:58.677Z,312.0,11.6,2.82,-0.524,1.72
2020-01-01T21:52:37.921Z,312.0,11.5,2.86,-0.837,1.34
2020-01-01T21:54:14.063Z,311.0,11.8,2.62,-0.206,1.94
2020-01-01T21:55:53.307Z,311.0,11.7,2.73,-0.227,1.84
2020-01-01T21:57:32.550Z,311.0,11.4,2.88,-0.898,1.54
2020-01-01T21:59:11.794Z,310.0,11.6,2.94,-1.32,1.43
2020-01-01T22:00:51.038Z,312.0,10.8,3.1,-1.41,1.54
2020-01-01T22:02:30.281Z,311.0,11.7,2.92,-1.32,1.51
2020-01-01T22:04:09.525Z,311.0,11.2,3.0,-1.22,1.54
2020-01-01T22:05:48.769Z,310.0,11.7,2.99,-1.09,1.44
2020-01-01T22:07:28.012Z,310.0,11.5,3.16,-1.26,1.47
2020-01-01T22:09:10.357Z,312.0,10.9,3.35,-1.31,1.45
2020-01-01T22:10:49.601Z,309.0,11.7,3.29,-0.701,1.15
2020-01-01T22:12:28.844Z,308.0,11.7,3.32,-0.906,1.19
2020-01-01T22:14:08.088Z,311.0,11.0,3.61,-1.16,1.27
2020-01-01T22:15:47.331Z,310.0,10.9,3.68,-1.19,1.23
2020-01-01T22:17:26.575Z,310.0,10.5,3.75,-1.25,1.16
2020-01-01T22:19:05.818Z,309.0,11.2,3.71,-1.23,1.06
2020-01-01T22:20:45.062Z,310.0,10.5,3.91,-1.23,1.11
2020-01-01T22:22:24.305Z,310.0,10.6,3.96,-1.11,1.14
2020-01-01T22:24:03.548Z,310.0,10.5,3.98,-1.18,1.15
2020-01-01T22:25:42.792Z,309.0,11.1,3.86,-0.96,1.19
2020-01-01T22:27:22.035Z,308.0,11.3,3.88,-0.734,1.21
2020-01-01T22:29:01.278Z,308.0,11.1,4.0,-0.746,1.11
2020-01-01T22:30:40.522Z,308.0,11.0,4.09,-0.631,1.09
2020-01-01T22:32:19.765Z,308.0,11.0,4.21,-0.643,0.971
2020-01-01T22:33:59.008Z,309.0,10.0,4.48,-0.654,0.761
2020-01-01T22:35:35.150Z,309.0,10.2,4.56,-0.85,0.618
2020-01-01T22:37:14.393Z,309.0,10.1,4.59,-0.654,0.567
2020-01-01T22:38:53.637Z,310.0,9.7,4.59,-0.164,0.996
2020-01-01T22:40:32.880Z,309.0,10.1,4.69,-0.615,0.484
2020-01-01T22:42:12.123Z,309.0,10.1,4.77,0.0351,0.646
2020-01-01T22:43:51.366Z,309.0,10.1,4.76,0.193,0.559
2020-01-01T22:45:30.610Z,308.0,10.1,4.82,0.141,0.394
2020-01-01T22:47:09.853Z,308.0,9.96,4.86,0.0522,0.27
2020-01-01T22:48:49.096Z,308.0,9.79,4.89,0.222,0.192
2020-01-01T22:50:31.440Z,308.0,9.93,4.87,0.394,0.163
2020-01-01T22:52:10.683Z,309.0,10.3,4.9,0.734,-0.0523
2020-01-01T22:53:49.927Z,308.0,9.92,4.99,-0.287,0.155
2020-01-01T22:55:29.170Z,306.0,9.93,5.01,0.0988,0.219
2020-01-01T22:57:08.413Z,307.0,9.89,5.01,0.346,0.133
2020-01-01T22:58:47.656Z,307.0,10.3,4.89,0.425,-0.184
2020-01-01T23:00:26.899Z,307.0,10.4,4.85,0.559,-0.213
2020-01-01T23:02:06.142Z,303.0,9.89,4.68,0.643,-0.125
2020-01-01T23:03:45.385Z,306.0,10.9,4.69,0.839,-0.115
2020-01-01T23:05:24.628Z,306.0,10.5,4.75,0.822,-0.168
2020-01-01T23:07:03.871Z,306.0,10.6,4.69,0.956,-0.191
2020-01-01T23:08:40.013Z,305.0,10.8,4.68,0.918,-0.0897
2020-01-01T23:10:19.256Z,305.0,10.9,4.59,0.895,-0.00446
2020-01-01T23:11:58.499Z,305.0,11.1,4.5,0.965,-0.336
2020-01-01T23:13:37.742Z,305.0,11.2,4.46,1.01,-0.523
2020-01-01T23:15:16.985Z,305.0,10.8,4.45,1.23,-0.473
2020-01-01T23:16:56.228Z,304.0,10.8,4.39,1.31,-0.627
2020-01-01T23:18:35.471Z,305.0,10.8,4.32,1.73,0.0206
2020-01-01T23:20:14.714Z,304.0,10.9,4.27,1.8,0.115
2020-01-01T23:21:53.957Z,305.0,10.9,4.2,1.8,0.0782
2020-01-01T23:23:33.200Z,305.0,10.9,4.13,1.92,0.0406
2020-01-01T23:25:12.443Z,307.0,11.2,4.12,1.95,-0.00127
2020-01-01T23:26:51.686Z,307.0,11.7,3.9,1.96,-0.234
2020-01-01T23:28:30.929Z,308.0,11.7,3.77,1.88,-0.314
2020-01-01T23:30:10.172Z,307.0,11.3,3.78,2.07,-0.239
2020-01-01T23:31:49.415Z,307.0,11.4,3.72,2.22,0.0258
2020-01-01T23:33:28.658Z,306.0,11.3,3.59,2.45,0.296
2020-01-01T23:35:07.901Z,307.0,11.3,3.52,2.42,0.389
2020-01-01T23:36:47.144Z,307.0,11.2,3.7,2.07,-0.0838
2020-01-01T23:38:26.387Z,308.0,11.6,3.64,2.09,0.411
2020-01-01T23:40:05.630Z,308.0,11.2,3.54,2.11,0.103
2020-01-01T23:41:44.872Z,307.0,12.0,3.54,2.1,0.123
2020-01-01T23:43:24.115Z,306.0,12.0,3.48,2.1,0.21
2020-01-01T23:45:03.358Z,306.0,11.9,3.25,2.28,-0.358
2020-01-01T23:46:39.500Z,306.0,12.1,3.23,2.33,-0.266
2020-01-01T23:48:18.743Z,307.0,12.3,3.08,2.44,-0.209
2020-01-01T23:49:57.986Z,307.0,12.2,3.13,2.31,-0.487
2020-01-01T23:51:37.228Z,307.0,12.4,3.0,2.44,-0.659
2020-01-01T23:53:16.471Z,307.0,12.3,2.79,2.46,-0.759
2020-01-01T23:54:55.714Z,307.0,12.9,2.74,2.45,-0.646
2020-01-01T23:58:14.200Z,309.0,13.5,2.5,2.57,-0.11
2020-01-02T00:01:32.686Z,310.0,13.8,2.23,2.73,-0.195
2020-01-02T00:03:11.929Z,309.0,13.6,2.16,2.76,-0.249
2020-01-02T00:04:51.171Z,309.0,13.6,2.27,2.63,0.0251
2020-01-02T00:06:30.414Z,310.0,13.6,2.3,2.74,0.0306
2020-01-02T00:08:09.657Z,310.0,13.7,2.24,2.66,-0.0965
2020-01-02T00:09:48.900Z,312.0,14.0,2.05,2.77,-0.159
2020-01-02T00:11:28.143Z,313.0,14.4,1.86,2.84,-0.343
2020-01-02T00:13:07.386Z,312.0,14.0,2.14,2.72,-0.443
2020-01-02T00:14:46.628Z,312.0,14.0,2.19,2.5,-0.51
2020-01-02T00:16:25.871Z,311.0,13.3,2.07,2.46,-0.759
2020-01-02T00:18:05.114Z,313.0,14.0,2.2,2.55,-0.307
2020-01-02T00:19:44.357Z,310.0,13.6,2.0,2.89,-0.846
2020-01-02T00:21:23.600Z,313.0,12.8,1.85,3.2,-1.35
2020-01-02T00:23:02.842Z,314.0,13.0,1.67,3.21,-1.47
2020-01-02T00:24:42.085Z,313.0,13.1,1.71,3.23,-1.27
2020-01-02T00:26:21.328Z,312.0,12.3,1.96,3.19,-1.22
2020-01-02T00:28:00.571Z,313.0,12.9,1.85,3.05,-1.76
2020-01-02T00:29:39.814Z,310.0,13.2,2.19,2.02,-1.89
2020-01-02T00:31:19.057Z,309.0,13.6,2.54,1.96,-1.46
2020-01-02T00:32:58.299Z,312.0,13.4,1.85,2.09,-1.81
2020-01-02T00:34:37.542Z,311.0,13.8,1.83,2.22,-1.72
2020-01-02T00:36:16.785Z,310.0,13.1,2.13,2.57,-1.07
2020-01-02T00:37:56.028Z,310.0,12.9,2.05,2.63,-1.42
2020-01-02T00:39:35.270Z,313.0,14.1,1.68,2.7,-1.07
2020-01-02T00:41:14.513Z,312.0,12.5,1.93,2.81,-1.0
2020-01-02T00:42:53.756Z,310.0,13.4,1.82,2.68,-0.803
2020-01-02T00:44:32.999Z,314.0,12.9,1.19,2.81,-1.85
2020-01-02T00:46:12.242Z,308.0,13.9,2.22,2.72,-0.222
2020-01-02T00:47:51.484Z,307.0,13.6,2.1,2.76,-0.44
2020-01-02T00:49:30.727Z,309.0,13.1,2.03,2.96,-0.683
2020-01-02T00:51:09.970Z,309.0,15.2,1.92,2.57,-0.203
2020-01-02T00:52:49.213Z,309.0,13.5,1.94,2.95,-0.159
2020-01-02T00:54:28.455Z,309.0,13.1,1.96,2.97,-0.917
2020-01-02T00:56:07.698Z,309.0,13.1,2.0,3.09,-0.627
2020-01-02T00:57:46.941Z,311.0,13.6,1.72,3.06,-0.627
2020-01-02T00:59:26.184Z,310.0,13.3,1.42,3.11,-0.74
2020-01-02T01:01:05.427Z,311.0,13.5,1.27,3.01,-0.732
2020-01-02T01:02:44.669Z,310.0,13.6,1.57,2.92,-0.32
2020-01-02T01:04:23.912Z,309.0,13.4,1.52,2.87,-0.382
2020-01-02T01:06:03.155Z,310.0,14.6,1.32,2.74,-0.258
2020-01-02T01:07:42.398Z,312.0,14.4,1.09,2.8,-0.363
2020-01-02T01:09:21.641Z,315.0,14.3,0.589,2.7,-0.798
2020-01-02T01:11:00.884Z,315.0,13.8,0.337,2.34,-1.06
2020-01-02T01:12:40.127Z,317.0,13.7,0.000252,2.15,-1.24
2020-01-02T01:14:19.370Z,313.0,13.8,1.42,2.36,0.087
2020-01-02T01:15:58.613Z,310.0,13.8,2.01,2.69,0.606
2020-01-02T01:17:37.856Z,312.0,11.6,2.19,3.14,0.861
2020-01-02T01:19:17.099Z,311.0,11.6,2.13,2.93,0.361
2020-01-02T01:20:56.342Z,314.0,12.0,1.23,2.2,-2.11
2020-01-02T01:22:35.585Z,311.0,12.0,1.58,2.39,-1.47
2020-01-02T01:24:14.828Z,311.0,13.9,1.94,1.96,-0.0293
2020-01-02T01:25:54.071Z,311.0,13.6,1.99,1.72,-0.612
2020-01-02T01:27:33.314Z,310.0,13.6,2.01,1.89,-0.26
2020-01-02T01:29:12.557Z,310.0,13.6,1.98,2.16,0.181
2020-01-02T01:30:51.800Z,311.0,13.6,1.89,2.26,1.2
2020-01-02T01:32:31.044Z,311.0,12.9,1.92,2.42,0.44
2020-01-02T01:34:10.287Z,311.0,13.2,2.08,2.59,-0.51
2020-01-02T01:35:49.530Z,312.0,12.9,2.24,2.28,-1.24
2020-01-02T01:37:28.773Z,313.0,12.0,2.6,2.67,-1.3
2020-01-02T01:39:04.915Z,312.0,12.5,2.66,3.01,-0.588
2020-01-02T01:40:44.158Z,312.0,12.9,2.94,2.95,0.342
2020-01-02T01:42:23.402Z,311.0,11.8,2.89,2.65,0.874
2020-01-02T01:44:02.645Z,311.0,12.6,2.81,2.49,1.04
2020-01-02T01:45:41.888Z,314.0,12.8,2.5,2.77,0.697
2020-01-02T01:47:18.030Z,313.0,13.0,2.46,2.66,0.848
2020-01-02T01:48:57.273Z,312.0,12.5,2.39,2.9,1.06
2020-01-02T01:50:36.517Z,313.0,12.6,2.43,2.79,0.945
2020-01-02T01:52:15.760Z,313.0,12.8,2.42,2.76,0.989
2020-01-02T01:53:55.003Z,312.0,12.8,2.45,2.68,1.07
2020-01-02T01:55:34.247Z,312.0,12.6,2.49,2.66,1.06
2020-01-02T01:57:13.490Z,312.0,13.1,2.47,2.66,1.26
2020-01-02T01:58:52.733Z,312.0,12.8,2.52,2.63,1.26
2020-01-02T02:00:31.977Z,312.0,12.5,2.53,2.72,1.15
2020-01-02T02:02:14.321Z,311.0,12.1,2.61,2.78,1.29
2020-01-02T02:03:53.565Z,310.0,12.1,2.54,2.76,1.45
2020-01-02T02:05:32.808Z,310.0,11.8,2.58,2.63,1.55
2020-01-02T02:07:12.052Z,310.0,12.1,2.66,2.59,1.49
2020-01-02T02:08:51.295Z,311.0,12.4,2.72,2.38,1.47
2020-01-02T02:10:30.538Z,310.0,12.1,2.72,2.37,1.34
2020-01-02T02:12:09.782Z,310.0,12.2,2.49,2.54,1.51
2020-01-02T02:13:49.025Z,312.0,13.1,2.3,2.69,1.5
2020-01-02T02:15:28.269Z,310.0,12.3,2.56,2.52,1.51
2020-01-02T02:17:07.512Z,309.0,12.0,2.56,2.21,1.91
2020-01-02T02:18:46.756Z,309.0,11.6,2.55,2.5,1.67
2020-01-02T02:20:26.999Z,310.0,12.3,2.5,2.66,1.38
2020-01-02T02:22:05.243Z,311.0,12.6,2.29,2.73,1.27
2020-01-02T02:23:44.486Z,309.0,12.4,2.44,2.63,1.3
2020-01-02T02:25:23.730Z,309.0,12.4,2.59,2.5,1.32
2020-01-02T02:27:02.973Z,311.0,12.4,2.65,2.19,1.52
2020-01-02T02:28:39.115Z,310.0,12.6,2.57,2.24,1.53
2020-01-02T02:30:18.359Z,310.0,12.9,2.63,2.22,1.74
2020-01-02T02:31:57.602Z,310.0,11.9,2.66,2.26,1.74
2020-01-02T02:33:36.846Z,311.0,11.9,2.95,2.02,1.57
2020-01-02T02:35:16.089Z,311.0,12.0,3.02,1.55,1.49
2020-01-02T02:36:55.333Z,310.0,11.6,3.08,1.33,1.63
2020-01-02T02:38:34.576Z,314.0,11.1,3.28,-0.338,1.86
2020-01-02T02:40:13.820Z,316.0,10.6,3.36,0.119,2.06
2020-01-02T02:41:53.064Z,316.0,9.94,3.41,-0.0391,2.07
2020-01-02T02:43:35.408Z,321.0,9.61,3.42,-0.206,2.05
2020-01-02T02:45:14.652Z,317.0,10.6,3.32,-0.162,1.96
2020-01-02T02:46:53.896Z,320.0,10.2,3.53,-0.343,2.16
2020-01-02T02:48:33.139Z,319.0,9.62,3.59,-0.528,2.17
2020-01-02T02:50:12.383Z,317.0,10.6,3.39,-0.268,1.65
2020-01-02T02:51:51.626Z,313.0,11.0,3.27,-0.271,1.52
2020-01-02T02:53:30.870Z,314.0,11.2,3.04,-0.388,1.67
2020-01-02T02:55:10.113Z,315.0,11.6,2.97,-0.381,1.69
2020-01-02T02:56:49.357Z,315.0,11.2,2.99,-0.58,1.67
2020-01-02T02:58:28.601Z,313.0,11.1,3.29,-0.839,1.7
2020-01-02T03:00:07.844Z,316.0,9.77,3.44,-0.758,1.69
2020-01-02T03:01:47.088Z,318.0,9.4,3.55,-0.944,1.79
2020-01-02T03:03:26.331Z,319.0,9.92,3.73,-1.13,1.79
2020-01-02T03:05:05.575Z,319.0,9.68,3.79,-1.19,1.53
2020-01-02T03:06:44.819Z,319.0,9.51,3.79,-1.06,1.54
2020-01-02T03:08:24.062Z,322.0,9.66,3.46,-1.04,1.32
2020-01-02T03:10:00.205Z,321.0,10.4,3.23,-1.41,0.773
2020-01-02T03:11:39.448Z,322.0,10.7,3.15,-1.09,0.175
2020-01-02T03:13:18.692Z,321.0,10.5,3.38,-0.77,-0.0285
2020-01-02T03:14:57.935Z,321.0,10.5,3.28,-0.904,0.437
2020-01-02T03:16:37.179Z,322.0,10.6,3.19,-1.05,0.653
2020-01-02T03:18:16.423Z,320.0,10.2,3.29,-0.9,0.881
2020-01-02T03:19:55.666Z,319.0,10.3,3.37,-0.695,0.978
2020-01-02T03:21:34.910Z,319.0,10.1,3.3,-1.01,0.894
2020-01-02T03:23:14.154Z,319.0,9.34,3.16,0.385,2.37
2020-01-02T03:24:53.397Z,318.0,9.31,3.17,0.403,2.22
2020-01-02T03:26:32.641Z,313.0,9.71,3.4,-0.401,1.45
2020-01-02T03:28:11.885Z,312.0,10.0,3.51,-0.346,1.26
2020-01-02T03:29:51.128Z,312.0,9.96,3.44,-0.108,1.53
2020-01-02T03:31:30.372Z,314.0,9.26,3.53,0.0152,1.67
2020-01-02T03:33:09.616Z,315.0,9.05,3.56,0.323,1.87
2020-01-02T03:34:48.859Z,315.0,8.64,3.69,0.47,2.05
2020-01-02T03:36:28.103Z,318.0,9.5,3.35,0.389,2.04
2020-01-02T03:38:07.347Z,316.0,8.7,3.53,0.465,2.04
2020-01-02T03:39:43.489Z,316.0,8.72,3.17,0.139,2.16
2020-01-02T03:41:22.732Z,314.0,9.65,2.74,-0.172,2.32
2020-01-02T03:43:01.976Z,314.0,9.2,3.03,0.25,2.32
2020-01-02T03:44:41.220Z,314.0,8.93,3.07,0.875,2.29
2020-01-02T03:46:20.463Z,314.0,9.01,3.12,0.879,2.35
2020-01-02T03:47:59.707Z,315.0,8.77,3.17,0.91,2.27
2020-01-02T03:49:38.951Z,313.0,8.88,2.62,0.298,2.51
2020-01-02T03:51:18.195Z,312.0,9.25,2.55,0.197,2.37
2020-01-02T03:52:57.438Z,312.0,9.91,2.55,0.218,2.3
2020-01-02T03:54:36.682Z,313.0,9.62,2.25,-0.355,2.42
2020-01-02T03:56:15.926Z,314.0,10.1,0.934,-1.68,2.36
2020-01-02T03:57:55.169Z,317.0,10.2,0.954,-1.56,2.46
2020-01-02T03:59:34.413Z,314.0,9.96,0.472,-2.08,2.28
2020-01-02T04:01:13.657Z,315.0,8.39,2.8,0.781,2.21
2020-01-02T04:02:52.900Z,317.0,9.88,2.22,0.0701,2.07
2020-01-02T04:04:32.144Z,315.0,9.89,2.49,0.559,2.23
2020-01-02T04:06:11.388Z,317.0,8.77,2.61,1.61,2.33
2020-01-02T04:07:50.632Z,316.0,9.09,2.72,1.47,2.4
2020-01-02T04:09:29.875Z,318.0,9.37,2.63,1.03,2.39
2020-01-02T04:11:09.119Z,317.0,9.54,2.72,0.828,2.39
2020-01-02T04:12:48.363Z,317.0,9.38,2.77,0.664,2.44
2020-01-02T04:14:27.606Z,317.0,9.61,2.79,0.493,2.38
2020-01-02T04:16:06.850Z,317.0,9.48,2.78,0.562,2.43
2020-01-02T04:17:46.094Z,318.0,9.93,2.72,0.225,2.41
2020-01-02T04:19:25.337Z,317.0,9.68,2.76,0.539,2.32
2020-01-02T04:21:04.581Z,313.0,9.89,2.65,0.656,2.12
2020-01-02T04:22:43.825Z,316.0,9.8,2.62,0.287,2.04
2020-01-02T04:24:23.069Z,312.0,9.57,2.69,-0.604,2.16
2020-01-02T04:26:02.312Z,309.0,9.41,2.57,-1.48,1.93
2020-01-02T04:27:41.556Z,303.0,10.8,1.41,-2.45,1.03
2020-01-02T04:29:20.800Z,319.0,9.84,-1.12,-2.72,-1.54
2020-01-02T04:31:00.043Z,319.0,9.9,-1.16,-2.73,-1.44
2020-01-02T04:32:39.287Z,320.0,9.94,-1.28,-2.5,-1.42
2020-01-02T04:34:18.531Z,319.0,9.72,-1.55,-2.53,-1.53
2020-01-02T04:35:57.775Z,316.0,9.74,-1.13,-2.9,-1.05
2020-01-02T04:37:37.018Z,314.0,9.88,-0.291,-3.01,-0.349
2020-01-02T04:39:16.262Z,314.0,9.82,-0.599,-3.13,-0.917
2020-01-02T04:40:55.506Z,314.0,9.63,-0.734,-3.19,-0.756
2020-01-02T04:42:34.750Z,313.0,10.0,-0.766,-3.17,-0.778
2020-01-02T04:44:13.993Z,313.0,9.44,-0.857,-3.16,-0.812
2020-01-02T04:45:53.237Z,314.0,9.59,-0.972,-3.09,-0.853
2020-01-02T04:47:32.481Z,311.0,9.76,-1.38,-2.83,-1.03
2020-01-02T04:49:11.725Z,311.0,9.73,-1.23,-2.77,-1.28
2020-01-02T04:50:50.968Z,311.0,9.65,-1.02,-3.02,-1.16
2020-01-02T04:52:30.212Z,313.0,9.92,-0.95,-3.06,-1.12
2020-01-02T04:54:09.456Z,313.0,9.75,-0.916,-3.19,-1.01
2020-01-02T04:55:48.700Z,312.0,9.87,-0.951,-3.16,-0.929
2020-01-02T04:57:27.943Z,312.0,9.43,-1.15,-3.19,-1.17
2020-01-02T04:59:07.187Z,315.0,9.32,-1.16,-3.34,-1.18
2020-01-02T05:00:46.431Z,314.0,9.12,-1.23,-3.36,-1.13
2020-01-02T05:04:01.817Z,314.0,9.51,-1.21,-3.03,-0.726
2020-01-02T05:05:41.061Z,314.0,10.1,-1.42,-2.78,-1.11
2020-01-02T05:07:20.304Z,313.0,9.15,-1.81,-3.03,-1.11
2020-01-02T05:08:59.548Z,314.0,9.26,-1.91,-3.08,-1.59
2020-01-02T05:10:38.792Z,314.0,9.1,-2.05,-2.85,-1.92
2020-01-02T05:12:18.036Z,313.0,9.45,-2.21,-2.54,-1.7
2020-01-02T05:14:00.381Z,315.0,9.63,-1.31,-3.27,-1.2
2020-01-02T05:15:39.625Z,311.0,9.95,-0.687,-3.21,-1.26
2020-01-02T05:17:18.868Z,316.0,9.04,0.22,-3.64,-0.944
2020-01-02T05:18:58.112Z,315.0,9.65,0.0358,-3.5,-1.04
2020-01-02T05:20:37.356Z,319.0,10.4,0.854,-2.94,-0.301
2020-01-02T05:22:16.600Z,316.0,10.2,1.14,-3.1,-0.219
2020-01-02T05:23:55.843Z,310.0,9.95,-0.306,-3.27,-1.45
2020-01-02T05:25:35.087Z,307.0,9.97,-0.697,-3.14,-1.72
2020-01-02T05:27:14.331Z,317.0,9.71,-1.25,-3.03,-2.13
2020-01-02T05:28:53.575Z,315.0,9.63,-0.884,-3.2,-2.11
2020-01-02T05:30:32.819Z,315.0,9.68,-0.922,-3.21,-2.04
2020-01-02T05:32:08.961Z,315.0,9.77,-1.35,-3.28,-1.89
2020-01-02T05:33:48.205Z,316.0,9.53,-1.26,-3.21,-2.09
2020-01-02T05:35:27.448Z,316.0,9.76,-1.15,-2.92,-2.07
2020-01-02T05:37:06.692Z,316.0,9.94,-1.19,-2.74,-2.04
2020-01-02T05:38:45.936Z,316.0,9.26,-1.43,-2.71,-2.39
2020-01-02T05:40:22.078Z,315.0,9.46,-1.53,-2.86,-2.43
2020-01-02T05:42:01.322Z,316.0,9.34,-1.51,-3.05,-2.23
2020-01-02T05:43:40.566Z,316.0,9.47,-1.47,-2.89,-2.26
2020-01-02T05:45:19.810Z,316.0,9.09,-1.68,-2.72,-2.34
2020-01-02T05:46:59.054Z,313.0,9.01,-2.45,-1.94,-2.54
2020-01-02T05:48:38.297Z,313.0,9.36,-2.63,-1.7,-2.66
2020-01-02T05:50:17.541Z,314.0,9.54,-2.46,-1.53,-2.67
2020-01-02T05:51:56.785Z,312.0,9.19,-2.67,-0.743,-2.67
2020-01-02T05:53:36.029Z,314.0,9.54,-2.59,-0.61,-2.81
2020-01-02T05:55:18.374Z,314.0,10.1,-2.81,-0.948,-2.28
2020-01-02T05:56:57.618Z,315.0,9.75,-2.81,-1.02,-2.38
2020-01-02T05:58:36.861Z,315.0,10.1,-2.66,-1.05,-2.47
2020-01-02T06:00:16.105Z,317.0,9.46,-2.42,-0.495,-2.92
2020-01-02T06:01:55.349Z,315.0,9.76,-2.52,-0.773,-2.72
2020-01-02T06:03:34.593Z,318.0,9.91,-2.46,-1.6,-2.05
2020-01-02T06:05:13.837Z,318.0,10.7,-2.49,-1.38,-1.95
2020-01-02T06:06:53.080Z,320.0,10.7,-2.64,-1.14,-1.81
2020-01-02T06:08:32.324Z,319.0,10.8,-2.82,-0.971,-1.76
2020-01-02T06:10:11.568Z,319.0,10.3,-3.15,-0.893,-1.58
2020-01-02T06:11:50.812Z,319.0,10.3,-3.24,-0.489,-1.66
2020-01-02T06:13:26.954Z,319.0,10.4,-3.16,-0.239,-1.79
2020-01-02T06:15:06.198Z,319.0,10.4,-3.08,0.241,-2.06
2020-01-02T06:16:45.442Z,319.0,10.3,-2.83,0.591,-2.25
2020-01-02T06:18:24.686Z,319.0,10.4,-2.77,0.733,-2.26
2020-01-02T06:20:03.929Z,319.0,10.0,-2.77,0.909,-2.23
2020-01-02T06:21:40.072Z,319.0,10.5,-2.57,1.17,-2.12
2020-01-02T06:23:19.316Z,318.0,10.2,-2.31,2.0,-1.96
2020-01-02T06:24:58.559Z,319.0,9.36,-2.09,2.52,-2.08
2020-01-02T06:26:37.803Z,323.0,10.2,-1.19,3.84,-1.2
2020-01-02T06:28:17.047Z,325.0,10.0,-2.66,1.14,-2.0
2020-01-02T06:29:56.291Z,320.0,10.3,-2.09,-1.45,-2.48
2020-01-02T06:31:35.535Z,319.0,7.61,-0.477,-4.53,-1.65
2020-01-02T06:33:14.778Z,320.0,7.96,-0.545,-4.28,-1.95
2020-01-02T06:34:54.022Z,319.0,8.06,-0.64,-3.86,-2.23
2020-01-02T06:36:33.266Z,318.0,8.4,-0.824,-3.6,-2.11
2020-01-02T06:38:12.510Z,319.0,8.45,-1.07,-3.28,-2.24
2020-01-02T06:39:51.754Z,325.0,9.5,-1.24,-2.63,-2.37
2020-01-02T06:41:30.997Z,320.0,8.88,-0.799,-3.4,-1.87
2020-01-02T06:43:10.241Z,320.0,9.03,-0.689,-3.41,-1.85
2020-01-02T06:44:49.485Z,318.0,8.72,-0.502,-3.45,-1.99
2020-01-02T06:46:28.729Z,318.0,9.12,-0.419,-3.39,-1.72
2020-01-02T06:48:07.973Z,317.0,9.41,-0.574,-3.42,-1.78
2020-01-02T06:49:47.216Z,321.0,9.14,-1.59,-2.48,-2.13
2020-01-02T06:51:26.460Z,323.0,9.28,-2.33,-1.65,-2.46
2020-01-02T06:53:05.704Z,324.0,9.4,-2.59,-1.34,-2.44
2020-01-02T06:54:44.948Z,323.0,9.78,-2.19,-1.51,-2.47
2020-01-02T06:56:24.192Z,323.0,9.78,-2.27,-1.86,-2.15
2020-01-02T06:58:03.435Z,320.0,7.31,-1.63,-2.27,-2.39
2020-01-02T06:59:42.679Z,318.0,9.27,-1.47,-2.44,-2.59
2020-01-02T07:01:21.923Z,319.0,9.09,-1.34,-2.77,-2.29
2020-01-02T07:03:01.167Z,319.0,9.58,-0.906,-3.16,-2.07
2020-01-02T07:04:40.411Z,319.0,8.61,-0.178,-4.0,-1.3
2020-01-02T07:06:19.654Z,320.0,8.68,-0.747,-3.8,-1.57
2020-01-02T07:07:58.898Z,322.0,9.08,-0.445,-3.9,-1.09
2020-01-02T07:09:38.142Z,318.0,8.15,0.657,-4.45,-0.511
2020-01-02T07:11:17.386Z,319.0,8.54,1.19,-4.25,0.0601
2020-01-02T07:12:56.630Z,319.0,8.47,1.16,-4.37,0.0607
2020-01-02T07:14:35.873Z,318.0,7.75,1.51,-4.26,0.551
2020-01-02T07:16:15.117Z,318.0,7.87,1.25,-4.26,0.351
2020-01-02T07:17:54.361Z,317.0,8.24,1.34,-4.16,0.163
2020-01-02T07:19:33.605Z,316.0,6.3,1.65,-3.86,0.232
2020-01-02T07:21:12.849Z,315.0,7.61,1.93,-3.73,0.131
2020-01-02T07:22:52.093Z,316.0,8.04,1.64,-3.78,-0.0263
2020-01-02T07:24:31.336Z,314.0,7.29,1.96,-3.71,0.483
2020-01-02T07:26:10.580Z,313.0,6.99,2.2,-3.48,1.0
2020-01-02T07:27:49.824Z,317.0,7.62,2.17,-3.33,0.794
2020-01-02T07:29:29.068Z,316.0,7.19,2.14,-3.5,0.934
2020-01-02T07:31:08.312Z,323.0,6.21,3.32,-2.62,1.6
2020-01-02T07:32:47.555Z,319.0,3.27,3.33,-2.53,1.66
2020-01-02T07:34:26.799Z,323.0,6.36,3.25,-2.37,1.64
2020-01-02T07:36:06.043Z,323.0,6.26,3.13,-2.51,1.71
2020-01-02T07:37:45.287Z,324.0,6.48,3.07,-2.4,1.86
2020-01-02T07:39:24.531Z,319.0,4.52,3.26,-2.74,1.68
2020-01-02T07:41:03.775Z,320.0,4.59,3.3,-2.79,1.55
2020-01-02T07:42:43.018Z,321.0,5.68,3.47,-2.79,1.36
2020-01-02T07:44:22.262Z,320.0,5.92,3.56,-2.64,1.44
2020-01-02T07:46:01.506Z,319.0,5.48,3.58,-2.56,1.79
2020-01-02T07:47:40.750Z,320.0,5.64,3.64,-2.26,1.9
2020-01-02T07:49:19.994Z,320.0,5.52,3.75,-1.9,1.97
2020-01-02T07:50:59.237Z,320.0,3.87,3.83,-1.57,2.07
2020-01-02T07:52:38.481Z,320.0,5.48,3.86,-1.33,2.15
2020-01-02T07:54:17.725Z,322.0,5.66,3.67,-1.09,2.1
2020-01-02T07:55:56.969Z,322.0,5.85,3.61,-0.383,2.13
2020-01-02T07:57:36.213Z,320.0,6.02,3.41,0.111,2.22
2020-01-02T07:59:15.457Z,319.0,6.31,3.26,0.795,2.19
2020-01-02T08:00:54.700Z,319.0,6.21,3.35,0.655,1.95
2020-01-02T08:02:33.944Z,321.0,5.95,3.3,-2.27,1.25
2020-01-02T08:04:13.188Z,323.0,5.79,3.23,-2.7,1.05
2020-01-02T08:05:52.432Z,322.0,6.11,3.18,-2.61,1.05
2020-01-02T08:07:31.676Z,324.0,5.86,2.98,-2.96,0.899
2020-01-02T08:09:10.920Z,323.0,5.48,3.03,-3.01,0.925
2020-01-02T08:10:50.163Z,322.0,5.38,3.21,-2.73,1.12
2020-01-02T08:12:29.407Z,322.0,5.47,2.75,-3.0,0.974
2020-01-02T08:14:05.550Z,321.0,5.54,2.31,-3.49,0.713
2020-01-02T08:15:44.793Z,324.0,5.16,2.72,-3.07,0.941
2020-01-02T08:17:24.037Z,324.0,5.71,2.89,-2.61,0.986
2020-01-02T08:19:03.281Z,323.0,5.17,3.03,-2.62,0.898
2020-01-02T08:20:42.525Z,324.0,5.13,3.02,-2.59,1.0
2020-01-02T08:22:21.769Z,326.0,5.16,2.51,-3.09,0.53
2020-01-02T08:24:01.013Z,327.0,5.12,2.39,-3.34,0.392
2020-01-02T08:25:40.256Z,331.0,5.12,2.21,-3.3,0.727
2020-01-02T08:27:19.500Z,335.0,5.05,1.68,-3.68,0.373
2020-01-02T08:28:58.744Z,336.0,5.06,1.6,-3.76,0.416
2020-01-02T08:30:37.988Z,334.0,5.0,1.73,-3.58,0.415
2020-01-02T08:32:17.232Z,334.0,5.16,1.76,-3.34,0.538
2020-01-02T08:33:56.475Z,332.0,5.29,2.13,-3.36,0.415
2020-01-02T08:35:35.719Z,335.0,5.3,2.36,-2.98,0.673
2020-01-02T08:37:14.963Z,331.0,5.25,2.57,-2.69,0.755
2020-01-02T08:38:54.207Z,330.0,5.14,2.49,-2.9,0.733
2020-01-02T08:40:33.451Z,331.0,5.1,2.36,-3.06,0.688
2020-01-02T08:42:12.695Z,331.0,4.97,2.36,-3.08,0.77
2020-01-02T08:43:51.939Z,331.0,5.02,2.45,-3.03,0.764
2020-01-02T08:45:31.182Z,330.0,4.98,2.52,-2.82,0.877
2020-01-02T08:47:10.426Z,330.0,4.88,2.56,-2.35,1.08
2020-01-02T08:48:49.670Z,332.0,4.94,2.63,-1.15,1.51
2020-01-02T08:50:28.914Z,331.0,5.09,2.75,-0.892,1.64
2020-01-02T08:52:05.056Z,333.0,5.15,2.86,-0.81,1.63
2020-01-02T08:53:44.300Z,332.0,5.13,3.07,-1.44,1.29
2020-01-02T08:55:23.544Z,328.0,5.39,2.89,-1.43,1.1
2020-01-02T08:57:02.788Z,328.0,5.38,2.89,-1.3,1.42
2020-01-02T08:58:42.032Z,333.0,4.84,2.88,-1.13,1.76
2020-01-02T09:00:21.275Z,331.0,5.02,2.87,-1.17,1.64
2020-01-02T09:02:00.519Z,331.0,4.99,2.9,-1.19,1.62
2020-01-02T09:03:39.763Z,333.0,4.72,2.99,-1.2,1.63
2020-01-02T09:05:19.007Z,333.0,4.81,2.98,-1.23,1.5
2020-01-02T09:07:01.352Z,333.0,4.99,2.9,-1.27,1.38
2020-01-02T09:11:59.084Z,330.0,4.82,2.78,-1.75,0.809
2020-01-02T09:13:38.327Z,336.0,5.01,2.5,-1.5,1.02
2020-01-02T09:15:17.571Z,336.0,5.34,2.18,-1.9,0.428
2020-01-02T09:16:56.815Z,335.0,5.23,1.99,-2.09,0.438
2020-01-02T09:18:36.059Z,335.0,5.35,1.66,-2.15,0.0286
2020-01-02T09:20:15.303Z,332.0,4.87,-1.11,-1.89,-1.8
2020-01-02T09:21:54.547Z,338.0,5.27,-1.37,-1.97,-1.77
2020-01-02T09:23:33.790Z,340.0,4.99,-1.61,-1.7,-2.0
2020-01-02T09:25:09.933Z,341.0,4.56,-1.61,-1.88,-1.92
2020-01-02T09:26:49.177Z,341.0,4.79,-1.87,-1.49,-2.1
2020-01-02T09:28:28.421Z,340.0,4.92,-1.85,-1.26,-2.29
2020-01-02T09:30:07.664Z,340.0,4.71,-1.82,-1.33,-2.3
2020-01-02T09:31:46.908Z,337.0,4.82,-1.93,-0.812,-2.27
2020-01-02T09:33:23.051Z,336.0,4.93,-1.82,-0.672,-2.2
2020-01-02T09:35:02.295Z,339.0,5.1,-1.28,-1.71,-1.85
2020-01-02T09:36:41.538Z,340.0,5.38,-0.887,-2.01,-1.65
2020-01-02T09:38:20.782Z,343.0,5.07,-0.216,-2.39,-1.35
2020-01-02T09:40:00.026Z,342.0,5.12,0.314,-2.47,-0.934
2020-01-02T09:41:39.270Z,342.0,5.06,2.08,-1.62,0.498
2020-01-02T09:43:18.514Z,346.0,5.16,1.8,-1.67,0.127
2020-01-02T09:44:57.758Z,346.0,5.1,2.11,-1.43,0.327
2020-01-02T09:46:37.001Z,345.0,4.92,2.29,-1.24,0.432
2020-01-02T09:48:19.347Z,345.0,5.22,2.19,-1.09,0.708
2020-01-02T09:49:58.590Z,346.0,5.16,2.17,-0.798,0.973
2020-01-02T09:51:37.834Z,347.0,5.17,2.18,-0.595,1.08
2020-01-02T09:53:17.078Z,348.0,5.26,2.17,-0.344,1.09
2020-01-02T09:54:56.322Z,345.0,5.19,1.21,-1.72,-0.473
2020-01-02T09:56:35.566Z,344.0,5.1,1.05,-2.15,-0.604
2020-01-02T09:58:14.810Z,343.0,5.03,-0.324,-1.86,-1.23
2020-01-02T09:59:54.054Z,340.0,5.5,-0.627,-1.63,-1.38
2020-01-02T10:01:33.297Z,337.0,5.56,-0.584,-1.64,-1.27
2020-01-02T10:03:09.440Z,336.0,5.24,-0.566,-1.77,-1.41
2020-01-02T10:04:48.684Z,335.0,5.42,-0.461,-1.92,-1.35
2020-01-02T10:06:27.928Z,336.0,5.5,-0.0805,-1.99,-1.06
2020-01-02T10:08:07.171Z,338.0,5.61,0.47,-2.0,-0.578
2020-01-02T10:09:46.415Z,335.0,5.52,-0.111,-2.02,-0.925
2020-01-02T10:11:25.659Z,338.0,5.55,0.355,-2.09,-0.739
2020-01-02T10:13:04.903Z,337.0,5.61,0.367,-2.14,-0.855
2020-01-02T10:14:44.147Z,337.0,5.37,0.578,-2.25,-0.887
2020-01-02T10:16:23.391Z,337.0,5.57,0.615,-2.05,-1.03
2020-01-02T10:18:02.634Z,337.0,5.47,0.51,-2.06,-0.916
2020-01-02T10:19:41.878Z,337.0,5.71,0.485,-1.92,-0.824
2020-01-02T10:21:21.122Z,335.0,5.3,1.14,-1.97,-0.12
2020-01-02T10:23:00.366Z,335.0,5.41,1.18,-1.81,0.00699
2020-01-02T10:24:39.610Z,336.0,5.29,1.6,-1.43,0.475
2020-01-02T10:26:18.854Z,336.0,5.49,1.68,-0.923,0.871
2020-01-02T10:27:58.098Z,338.0,5.35,1.49,-1.37,0.495
2020-01-02T10:29:37.341Z,335.0,5.43,1.51,-1.46,0.269
2020-01-02T10:31:16.585Z,336.0,5.61,1.26,-1.6,-0.169
2020-01-02T10:32:55.829Z,335.0,5.52,1.3,-1.48,-0.108
2020-01-02T10:34:35.073Z,334.0,5.39,1.31,-1.56,0.22
2020-01-02T10:36:14.317Z,334.0,5.68,1.09,-1.48,0.198
2020-01-02T10:37:53.561Z,338.0,5.42,-0.143,-1.24,-1.26
2020-01-02T10:39:32.804Z,335.0,5.17,-0.736,-0.74,-2.06
2020-01-02T10:41:12.048Z,335.0,5.18,-0.479,-1.14,-1.98
2020-01-02T10:42:51.292Z,334.0,5.32,-0.619,-1.37,-1.74
2020-01-02T10:44:27.435Z,333.0,5.44,-0.977,-0.497,-1.87
2020-01-02T10:46:06.678Z,333.0,5.46,-1.09,-0.491,-1.9
2020-01-02T10:47:45.922Z,334.0,5.28,-0.966,-0.659,-2.17
2020-01-02T10:49:25.166Z,336.0,5.44,0.566,-2.01,0.175
2020-01-02T10:51:04.410Z,335.0,5.41,0.775,-2.03,-0.0432
2020-01-02T10:52:43.654Z,334.0,5.44,0.78,-2.11,0.0391
2020-01-02T10:54:22.898Z,335.0,5.54,0.444,-1.9,-1.01
2020-01-02T10:56:02.142Z,335.0,5.31,0.209,-1.83,-1.33
2020-01-02T10:57:41.385Z,335.0,5.47,0.22,-1.8,-1.36
2020-01-02T10:59:20.629Z,334.0,5.48,0.0184,-1.57,-1.56
2020-01-02T11:00:59.873Z,336.0,5.56,-0.58,-1.14,-1.9
2020-01-02T11:02:39.117Z,335.0,5.47,-0.973,-1.09,-1.95
2020-01-02T11:04:18.361Z,335.0,5.14,-0.857,-1.32,-1.78
2020-01-02T11:05:57.605Z,335.0,5.27,-0.0675,-2.01,-0.676
2020-01-02T11:07:36.849Z,334.0,5.38,0.0337,-2.02,-0.467
2020-01-02T11:09:16.092Z,336.0,5.48,-0.573,-0.684,-1.72
2020-01-02T11:10:55.336Z,334.0,5.6,-0.679,-0.379,-1.92
2020-01-02T11:12:34.580Z,334.0,5.31,-0.75,-0.484,-2.11
2020-01-02T11:14:13.824Z,334.0,5.49,-0.65,-0.205,-2.11
2020-01-02T11:15:53.068Z,334.0,5.6,-0.536,-0.161,-1.98
2020-01-02T11:17:32.312Z,335.0,5.49,-0.243,-0.708,-2.03
2020-01-02T11:19:11.556Z,336.0,5.75,-0.289,-0.491,-2.06
2020-01-02T11:20:50.800Z,336.0,5.47,-0.147,-0.625,-2.04
2020-01-02T11:22:26.942Z,335.0,5.36,-0.25,-0.523,-2.07
2020-01-02T11:24:06.186Z,333.0,5.43,-0.853,0.426,-2.15
2020-01-02T11:25:45.430Z,334.0,5.38,-0.802,-0.186,-1.95
2020-01-02T11:27:24.674Z,333.0,5.41,-0.826,-0.135,-1.95
2020-01-02T11:29:03.917Z,333.0,5.4,-0.772,-0.231,-2.0
2020-01-02T11:30:43.161Z,333.0,5.34,-0.762,-0.353,-1.92
2020-01-02T11:32:22.405Z,333.0,5.41,-0.602,-0.552,-1.95
2020-01-02T11:34:01.649Z,334.0,5.37,-0.472,-0.464,-1.7
2020-01-02T11:35:40.893Z,333.0,5.76,-0.254,-0.492,-0.96
2020-01-02T11:37:20.137Z,332.0,5.0,0.806,-1.56,-0.926
2020-01-02T11:38:59.381Z,329.0,4.99,0.748,-1.7,-0.923
2020-01-02T11:40:38.624Z,332.0,4.82,0.643,-2.1,-1.42
2020-01-02T11:42:17.868Z,329.0,4.87,0.926,-2.01,-1.31
2020-01-02T11:43:57.112Z,328.0,4.82,0.821,-1.95,-1.48
2020-01-02T11:45:36.356Z,326.0,4.6,0.841,-1.88,-1.51
2020-01-02T11:47:15.600Z,326.0,4.72,0.96,-1.97,-1.25
2020-01-02T11:48:54.844Z,328.0,4.65,1.01,-1.99,-1.3
2020-01-02T11:50:34.088Z,328.0,4.55,0.877,-2.01,-1.26
2020-01-02T11:52:10.230Z,328.0,4.96,0.996,-1.79,-1.29
2020-01-02T11:53:49.474Z,326.0,4.6,0.487,-2.02,-1.38
2020-01-02T11:55:28.718Z,326.0,4.7,0.755,-1.83,-1.42
2020-01-02T11:57:07.962Z,327.0,4.71,0.67,-1.92,-1.38
2020-01-02T11:58:47.206Z,327.0,4.54,0.86,-2.08,-1.41
2020-01-02T12:00:23.348Z,326.0,4.43,0.503,-2.04,-1.5
2020-01-02T12:02:02.592Z,325.0,4.6,0.716,-1.91,-1.36
2020-01-02T12:03:41.836Z,325.0,4.84,0.738,-1.91,-1.52
2020-01-02T12:05:21.080Z,326.0,4.68,0.928,-1.98,-1.47
2020-01-02T12:07:00.323Z,326.0,4.9,0.989,-1.96,-1.37
2020-01-02T12:08:39.567Z,326.0,5.05,1.17,-2.01,-0.984
2020-01-02T12:10:18.811Z,326.0,4.74,1.12,-1.97,-1.36
2020-01-02T12:11:58.055Z,328.0,4.71,1.36,-1.88,-1.28
2020-01-02T12:13:37.299Z,326.0,4.78,1.2,-1.96,-1.16
2020-01-02T12:15:16.543Z,326.0,4.84,1.18,-1.93,-1.21
2020-01-02T12:16:55.787Z,325.0,4.83,1.17,-1.84,-1.31
2020-01-02T12:18:35.030Z,325.0,4.92,1.23,-1.81,-1.2
2020-01-02T12:20:14.274Z,325.0,4.88,1.19,-1.78,-1.24
2020-01-02T12:21:53.518Z,325.0,4.92,1.41,-1.74,-1.11
2020-01-02T12:23:32.762Z,325.0,4.76,1.18,-1.72,-1.55
2020-01-02T12:25:12.006Z,325.0,4.98,1.15,-1.69,-1.56
2020-01-02T12:26:51.250Z,324.0,4.82,1.16,-1.65,-1.53
2020-01-02T12:28:30.494Z,324.0,4.87,1.18,-1.74,-1.32
2020-01-02T12:30:06.636Z,324.0,4.88,1.13,-1.78,-1.43
2020-01-02T12:31:45.880Z,322.0,5.04,0.82,-1.76,-1.64
2020-01-02T12:33:25.124Z,322.0,4.84,0.922,-1.8,-1.5
2020-01-02T12:35:04.368Z,322.0,4.95,0.828,-1.85,-1.52
2020-01-02T12:36:43.612Z,323.0,4.85,0.996,-1.98,-1.11
2020-01-02T12:38:22.855Z,323.0,4.9,1.08,-1.76,-1.34
2020-01-02T12:40:02.099Z,323.0,4.92,1.16,-1.66,-1.37
2020-01-02T12:41:44.445Z,322.0,5.17,1.23,-1.69,-1.37
2020-01-02T12:43:23.688Z,324.0,4.72,1.25,-1.62,-1.42
2020-01-02T12:45:02.932Z,322.0,4.99,1.21,-1.62,-1.19
2020-01-02T12:46:42.176Z,321.0,5.2,1.06,-1.85,-0.908
2020-01-02T12:48:21.420Z,322.0,5.0,0.898,-1.98,-0.792
2020-01-02T12:50:00.664Z,322.0,4.76,0.943,-1.91,-0.921
2020-01-02T12:51:39.908Z,322.0,4.97,0.893,-1.98,-0.776
2020-01-02T12:53:19.152Z,321.0,4.97,0.879,-2.02,-0.735
2020-01-02T12:54:58.395Z,321.0,5.0,0.858,-2.0,-0.75
2020-01-02T12:56:37.639Z,321.0,4.9,0.791,-2.07,-0.857
2020-01-02T12:58:16.883Z,321.0,5.33,0.602,-2.04,-0.624
2020-01-02T12:59:59.228Z,321.0,5.24,0.55,-2.31,-0.147
2020-01-02T13:01:38.472Z,323.0,4.67,0.269,-2.33,0.274
2020-01-02T13:03:17.716Z,324.0,4.75,0.0699,-2.35,-0.321
2020-01-02T13:04:56.960Z,322.0,5.21,0.146,-2.3,-0.57
2020-01-02T13:06:36.204Z,323.0,5.19,0.0215,-2.19,-0.523
2020-01-02T13:08:15.448Z,322.0,5.28,0.0997,-2.14,-0.57
2020-01-02T13:09:54.692Z,322.0,5.28,-0.0237,-2.17,-0.578
2020-01-02T13:11:33.936Z,323.0,5.2,-0.119,-2.17,-0.776
2020-01-02T13:13:13.179Z,324.0,5.3,-0.302,-2.06,-0.69
2020-01-02T13:14:49.322Z,324.0,5.52,-0.433,-2.01,-0.747
2020-01-02T13:21:26.297Z,325.0,5.32,-0.338,-2.03,-0.917
2020-01-02T13:23:05.541Z,325.0,4.98,-0.188,-1.94,-0.785
2020-01-02T13:24:44.785Z,324.0,5.58,-0.107,-1.85,-0.912
2020-01-02T13:26:24.029Z,326.0,5.43,-0.289,-1.9,-0.803
2020-01-02T13:28:03.273Z,325.0,5.33,-0.379,-1.9,-0.778
2020-01-02T13:29:42.517Z,325.0,5.4,-0.286,-1.92,-0.857
2020-01-02T13:31:21.761Z,324.0,5.69,-0.307,-1.91,-0.826
2020-01-02T13:33:01.004Z,322.0,5.12,0.108,-1.8,-0.766
2020-01-02T13:34:40.248Z,319.0,5.58,0.524,-1.72,-0.618
2020-01-02T13:36:19.492Z,321.0,5.66,0.881,-1.87,-0.502
2020-01-02T13:37:58.736Z,322.0,5.61,1.12,-1.77,-0.658
2020-01-02T13:39:37.980Z,322.0,5.37,1.08,-1.48,-0.481
2020-01-02T13:41:17.224Z,322.0,5.79,0.37,-1.59,-0.512
2020-01-02T13:42:56.468Z,322.0,5.62,0.273,-1.63,-0.479
2020-01-02T13:44:35.712Z,323.0,5.66,0.285,-1.71,-0.527
2020-01-02T13:46:14.955Z,324.0,5.63,0.199,-1.76,-0.521
2020-01-02T13:47:54.199Z,323.0,5.66,-0.403,-1.87,-0.505
2020-01-02T13:49:33.443Z,324.0,5.58,-0.084,-1.84,-0.653
2020-01-02T13:51:12.687Z,324.0,5.72,-0.415,-1.74,-0.811
2020-01-02T13:52:48.830Z,325.0,5.69,-0.369,-1.72,-0.927
2020-01-02T13:54:28.073Z,323.0,5.72,-0.166,-1.55,-0.745
2020-01-02T13:56:07.317Z,325.0,6.1,-0.0124,-1.25,-0.692
2020-01-02T13:57:46.561Z,327.0,6.14,0.0608,-1.33,-0.703
2020-01-02T13:59:25.805Z,327.0,6.2,0.0606,-1.23,-0.604
2020-01-02T14:01:05.049Z,327.0,6.3,-0.0102,-1.27,-0.643
2020-01-02T14:02:44.293Z,327.0,6.5,0.415,-1.13,-0.723
2020-01-02T14:04:23.537Z,326.0,6.67,0.896,-1.22,-0.806
2020-01-02T14:06:02.781Z,326.0,6.53,0.801,-1.14,-0.735
2020-01-02T14:07:42.024Z,326.0,6.51,0.54,-1.22,-0.626
2020-01-02T14:09:21.268Z,327.0,6.46,0.405,-1.32,-0.663
2020-01-02T14:11:00.512Z,327.0,6.11,0.429,-1.62,-0.678
2020-01-02T14:12:39.756Z,325.0,6.41,0.666,-1.59,-0.832
2020-01-02T14:14:19.000Z,326.0,6.31,0.514,-1.78,-0.974
2020-01-02T14:15:58.244Z,327.0,6.03,0.446,-1.99,-0.894
2020-01-02T14:17:37.488Z,327.0,6.58,0.126,-1.83,-0.821
2020-01-02T14:19:16.732Z,331.0,6.31,-0.0743,-1.78,-0.751
2020-01-02T14:20:55.975Z,332.0,6.64,-0.127,-2.03,-0.812
2020-01-02T14:22:32.118Z,329.0,6.53,1.09,-1.41,-1.08
2020-01-02T14:24:11.362Z,329.0,6.45,1.16,-1.41,-0.97
2020-01-02T14:25:50.606Z,330.0,6.58,0.986,-1.51,-0.83
2020-01-02T14:27:29.850Z,329.0,6.46,0.756,-1.71,-0.837
2020-01-02T14:29:09.094Z,329.0,6.61,0.692,-1.73,-0.694
2020-01-02T14:30:45.236Z,329.0,6.63,0.705,-1.76,-0.568
2020-01-02T14:32:24.480Z,328.0,6.81,0.569,-1.76,-0.537
2020-01-02T14:34:03.724Z,329.0,6.92,0.447,-1.87,-0.428
2020-01-02T14:35:42.968Z,329.0,7.05,0.731,-1.38,-0.45
2020-01-02T14:37:22.211Z,330.0,7.21,0.619,-1.5,-0.47
2020-01-02T14:39:01.455Z,329.0,6.82,0.543,-1.84,-0.414
2020-01-02T14:40:40.699Z,329.0,6.6,0.902,-1.96,-0.5
2020-01-02T14:42:19.943Z,330.0,7.03,0.399,-1.84,-0.356
2020-01-02T14:43:59.187Z,329.0,6.51,1.11,-1.97,-0.492
2020-01-02T14:45:38.431Z,331.0,6.77,0.785,-1.76,-0.585
2020-01-02T14:47:17.675Z,331.0,7.15,0.449,-1.29,-0.519
2020-01-02T14:48:56.919Z,331.0,6.93,0.302,-1.62,-0.542
2020-01-02T14:50:36.163Z,333.0,7.23,0.635,-1.63,-0.31
2020-01-02T14:52:15.406Z,333.0,6.88,0.296,-1.81,-0.512
2020-01-02T14:53:54.650Z,335.0,7.48,0.00707,-1.71,-0.821
2020-01-02T14:55:33.894Z,337.0,7.06,-0.151,-1.76,-0.698
2020-01-02T14:57:13.138Z,336.0,7.07,-0.208,-1.81,-0.595
2020-01-02T14:58:52.382Z,338.0,7.01,-0.167,-1.73,-0.445
2020-01-02T15:00:28.524Z,338.0,6.98,-0.335,-1.72,-0.779
2020-01-02T15:02:07.768Z,339.0,6.98,-0.33,-1.67,-0.861
2020-01-02T15:03:47.012Z,339.0,7.4,-0.129,-1.52,-0.92
2020-01-02T15:05:26.256Z,338.0,7.45,-0.451,-1.37,-0.953
2020-01-02T15:07:05.500Z,337.0,7.9,-0.276,-1.51,-0.879
2020-01-02T15:08:44.744Z,339.0,8.09,-0.838,-1.05,-1.08
2020-01-02T15:10:23.988Z,342.0,8.11,-1.15,-0.115,-0.971
2020-01-02T15:12:03.232Z,342.0,8.08,-1.05,0.153,-0.941
2020-01-02T15:13:42.476Z,343.0,8.12,-0.689,-0.325,-0.674
2020-01-02T15:15:21.719Z,338.0,7.21,0.152,-1.22,-0.706
2020-01-02T15:17:00.963Z,341.0,7.68,-0.0617,-0.949,-0.844
2020-01-02T15:18:40.207Z,341.0,7.53,0.275,-1.17,-0.842
2020-01-02T15:20:19.451Z,340.0,7.56,0.289,-1.13,-1.05
2020-01-02T15:21:58.695Z,342.0,7.6,-0.12,-0.923,-1.24
2020-01-02T15:23:37.939Z,340.0,7.48,-0.0599,-0.9,-1.2
2020-01-02T15:25:17.183Z,340.0,7.49,-0.18,-1.21,-0.851
2020-01-02T15:26:56.427Z,339.0,8.03,0.254,-0.958,-1.02
2020-01-02T15:28:35.670Z,336.0,7.46,0.854,-0.536,-1.0
2020-01-02T15:30:14.914Z,335.0,7.52,0.65,-0.366,-1.24
2020-01-02T15:31:54.158Z,342.0,7.64,-0.659,-0.316,-1.42
2020-01-02T15:33:33.402Z,344.0,7.6,-0.837,-0.398,-1.67
2020-01-02T15:35:12.646Z,341.0,7.25,-0.00259,-0.933,-1.22
2020-01-02T15:36:51.890Z,334.0,7.71,0.854,-1.04,-0.628
2020-01-02T15:38:31.134Z,340.0,7.54,-0.291,-0.887,-1.39
2020-01-02T15:40:10.378Z,343.0,7.73,-0.696,-0.281,-1.61
2020-01-02T15:41:49.622Z,343.0,7.74,-0.379,-0.155,-1.03
2020-01-02T15:43:28.865Z,340.0,9.7,-0.259,0.141,-0.379
2020-01-02T15:45:08.109Z,341.0,9.57,-0.402,0.58,-0.68
2020-01-02T15:46:47.353Z,345.0,9.51,0.211,0.448,-0.625
2020-01-02T15:48:26.597Z,340.0,9.77,0.401,-0.0135,-0.569
2020-01-02T15:50:05.841Z,338.0,10.1,0.71,-0.24,-0.764
2020-01-02T15:51:45.085Z,338.0,10.3,0.27,-0.0441,-0.775
2020-01-02T15:53:24.329Z,338.0,10.3,0.337,-0.193,-0.924
2020-01-02T15:55:03.573Z,338.0,10.3,0.777,-0.201,-0.379
2020-01-02T15:56:42.816Z,340.0,10.5,0.262,-0.068,-0.364
2020-01-02T15:58:22.060Z,341.0,10.2,0.116,0.18,-0.909
2020-01-02T16:00:01.304Z,341.0,10.5,0.0924,0.263,-1.28
2020-01-02T16:01:40.548Z,340.0,10.0,0.15,0.404,-1.23
2020-01-02T16:03:19.792Z,338.0,10.0,0.457,0.344,-0.915
2020-01-02T16:04:59.036Z,338.0,10.1,0.741,0.091,-0.144
2020-01-02T16:06:38.280Z,336.0,10.2,0.652,-0.352,0.4
2020-01-02T16:08:17.524Z,335.0,10.3,1.18,0.0252,0.797
2020-01-02T16:09:56.768Z,339.0,10.3,1.52,1.42,0.949
2020-01-02T16:11:32.910Z,342.0,9.04,1.58,1.37,1.45
2020-01-02T16:13:12.154Z,340.0,9.68,1.41,1.61,0.742
2020-01-02T16:14:51.398Z,351.0,7.03,-0.753,2.0,-1.3
2020-01-02T16:16:30.642Z,349.0,6.74,-0.155,2.91,-0.935
2020-01-02T16:18:09.886Z,350.0,6.6,-0.0784,3.08,-1.2
2020-01-02T16:19:46.028Z,348.0,6.4,-0.0771,3.13,-0.879
2020-01-02T16:21:25.272Z,348.0,6.29,-0.0656,3.2,-0.757
2020-01-02T16:23:04.516Z,349.0,6.3,-0.228,3.12,-0.594
2020-01-02T16:24:43.760Z,348.0,6.45,0.0259,3.01,-0.73
2020-01-02T16:26:23.004Z,348.0,6.86,0.368,2.97,-0.42
2020-01-02T16:28:02.248Z,346.0,7.31,0.616,2.74,-0.0392
2020-01-02T16:29:41.491Z,350.0,7.13,0.231,2.72,-0.359
2020-01-02T16:31:20.735Z,348.0,7.33,1.41,1.71,0.542
2020-01-02T16:32:59.979Z,348.0,7.3,1.97,0.617,1.55
2020-01-02T16:34:42.324Z,348.0,7.15,1.92,0.985,1.21
2020-01-02T16:36:21.568Z,348.0,7.2,1.64,1.61,0.874
2020-01-02T16:38:00.812Z,348.0,7.17,1.89,0.703,1.54
2020-01-02T16:39:40.056Z,345.0,6.62,2.45,0.157,1.72
2020-01-02T16:41:19.300Z,346.0,6.29,2.56,0.324,1.75
2020-01-02T16:42:58.544Z,345.0,6.23,2.66,-0.0607,1.69
2020-01-02T16:44:37.788Z,345.0,6.25,2.58,-0.449,1.85
2020-01-02T16:46:17.032Z,347.0,6.13,2.58,-0.816,1.83
2020-01-02T16:47:56.276Z,346.0,6.08,2.6,-1.0,1.76
2020-01-02T16:49:35.519Z,347.0,6.16,2.55,-1.12,1.71
2020-01-02T16:51:14.763Z,347.0,5.87,2.65,-1.1,1.72
2020-01-02T16:52:54.007Z,347.0,5.97,2.55,-1.21,1.76
2020-01-02T16:54:33.251Z,349.0,5.55,2.6,-1.26,1.9
2020-01-02T16:56:12.495Z,350.0,5.46,2.59,-1.45,1.85
2020-01-02T16:57:51.739Z,351.0,5.44,2.67,-1.66,1.91
2020-01-02T16:59:30.983Z,354.0,5.8,2.48,-0.0176,2.1
2020-01-02T17:01:07.125Z,345.0,4.59,2.85,-0.863,2.02
2020-01-02T17:02:46.369Z,345.0,4.77,2.93,-1.35,1.92
2020-01-02T17:04:25.613Z,345.0,5.45,2.82,-0.67,2.19
2020-01-02T17:06:04.857Z,345.0,5.76,2.48,0.0409,2.46
2020-01-02T17:07:44.101Z,349.0,5.51,2.44,1.13,2.41
2020-01-02T17:09:23.345Z,346.0,3.49,2.66,0.327,2.21
2020-01-02T17:11:02.589Z,349.0,5.19,2.64,0.0532,2.44
2020-01-02T17:12:41.832Z,360.0,6.54,1.23,1.15,1.51
2020-01-02T17:14:21.076Z,358.0,5.19,1.78,0.753,2.27
2020-01-02T17:16:03.422Z,352.0,6.2,1.93,0.305,2.48
2020-01-02T17:17:42.666Z,372.0,6.39,-0.622,1.03,2.38
2020-01-02T17:19:21.909Z,358.0,5.98,1.38,0.626,2.21
2020-01-02T17:21:01.153Z,354.0,6.05,2.02,-0.0448,2.13
2020-01-02T17:22:40.397Z,355.0,6.54,1.48,1.07,2.16
2020-01-02T17:25:58.885Z,353.0,7.56,-0.507,2.49,-0.0747
2020-01-02T17:27:38.129Z,354.0,5.98,1.8,0.242,2.03
2020-01-02T17:29:17.373Z,355.0,6.29,1.94,-0.516,1.85
2020-01-02T17:30:56.617Z,355.0,6.11,1.85,-0.527,1.95
2020-01-02T17:32:35.861Z,356.0,6.2,1.9,-0.441,1.81
2020-01-02T17:34:15.104Z,356.0,6.14,1.85,-0.993,1.55
2020-01-02T17:35:54.348Z,355.0,5.91,1.79,-0.908,1.7
2020-01-02T17:37:33.592Z,355.0,6.07,1.71,-0.59,1.86
2020-01-02T17:39:12.836Z,354.0,6.16,1.92,-1.33,1.46
2020-01-02T17:40:52.080Z,353.0,5.58,1.95,-1.61,1.49
2020-01-02T17:42:28.223Z,356.0,5.49,2.05,-1.7,1.48
2020-01-02T17:44:07.466Z,357.0,5.55,1.77,-1.38,1.36
2020-01-02T17:45:46.710Z,346.0,2.6,2.33,-1.22,1.18
2020-01-02T17:47:25.954Z,344.0,2.78,2.77,-0.509,1.56
2020-01-02T17:49:05.198Z,355.0,5.85,2.53,-0.505,1.89
2020-01-02T17:50:44.442Z,357.0,5.03,2.69,-0.344,2.16
2020-01-02T17:52:23.686Z,361.0,5.5,2.67,0.169,2.29
2020-01-02T17:54:02.930Z,362.0,5.23,2.39,-0.719,2.76
2020-01-02T17:55:42.174Z,366.0,5.3,1.5,1.36,2.38
2020-01-02T17:57:21.418Z,364.0,5.57,0.812,2.39,1.7
2020-01-02T17:59:00.661Z,363.0,6.04,1.44,1.74,1.83
2020-01-02T18:00:39.905Z,360.0,5.53,1.25,2.32,1.27
2020-01-02T18:02:19.149Z,371.0,5.05,1.27,2.12,1.46
2020-01-02T18:03:58.393Z,361.0,4.89,0.704,2.93,1.52
2020-01-02T18:05:37.637Z,364.0,5.49,1.58,2.46,1.52
2020-01-02T18:07:16.881Z,364.0,5.19,1.16,2.81,1.21
2020-01-02T18:08:56.125Z,361.0,5.43,0.911,2.91,1.19
2020-01-02T18:10:35.369Z,366.0,5.36,0.875,2.89,0.883
2020-01-02T18:12:11.511Z,368.0,5.96,0.852,2.97,0.979
2020-01-02T18:13:50.755Z,364.0,5.7,1.47,2.37,1.99
2020-01-02T18:15:29.999Z,368.0,5.63,1.53,2.28,2.11
2020-01-02T18:17:09.243Z,366.0,5.79,1.54,1.68,2.42
2020-01-02T18:18:48.487Z,368.0,5.57,0.76,-2.78,1.57
2020-01-02T18:20:27.731Z,366.0,5.99,1.76,-0.897,2.88
2020-01-02T18:22:06.975Z,368.0,5.97,1.55,-0.551,2.94
2020-01-02T18:23:46.219Z,368.0,5.83,0.928,-0.743,3.05
2020-01-02T18:25:25.462Z,372.0,6.28,0.553,0.0103,3.12
2020-01-02T18:27:04.706Z,369.0,6.02,1.03,0.0796,3.0
2020-01-02T18:28:43.950Z,369.0,6.12,1.11,0.271,3.26
2020-01-02T18:30:23.194Z,371.0,5.77,1.14,0.312,3.34
2020-01-02T18:32:02.438Z,371.0,5.9,1.05,-0.378,3.36
2020-01-02T18:33:41.682Z,371.0,5.61,0.897,-0.577,3.68
2020-01-02T18:35:20.926Z,374.0,5.87,0.591,-1.23,3.53
2020-01-02T18:37:00.170Z,373.0,6.0,0.368,-1.33,3.43
2020-01-02T18:38:39.414Z,372.0,5.88,0.764,-1.75,3.24
2020-01-02T18:40:18.657Z,373.0,5.8,0.649,-1.91,3.15
2020-01-02T18:41:57.901Z,370.0,5.8,1.49,-0.908,3.04
2020-01-02T18:43:37.145Z,370.0,6.05,1.38,-0.706,3.33
2020-01-02T18:45:16.389Z,370.0,5.89,1.44,-0.785,3.5
2020-01-02T18:46:55.633Z,370.0,5.64,1.37,-1.09,3.6
2020-01-02T18:48:34.877Z,371.0,5.36,1.18,-1.34,3.72
2020-01-02T18:50:14.121Z,372.0,5.49,0.591,-1.7,3.79
2020-01-02T18:51:53.365Z,367.0,5.86,0.0476,-2.18,3.49
2020-01-02T18:53:29.507Z,377.0,5.71,-0.294,-2.24,3.46
2020-01-02T18:55:08.751Z,375.0,5.02,0.326,-1.93,3.73
2020-01-02T18:56:47.995Z,378.0,5.38,-0.471,-2.29,3.68
2020-01-02T18:58:27.239Z,374.0,5.84,0.0721,-2.22,3.69
2020-01-02T19:00:06.483Z,374.0,5.67,0.134,-1.75,3.95
2020-01-02T19:01:45.727Z,371.0,5.2,0.273,-2.01,4.04
2020-01-02T19:03:24.971Z,372.0,5.54,0.0144,-2.17,3.77
2020-01-02T19:05:04.215Z,376.0,4.99,0.228,-2.19,3.55
2020-01-02T19:06:43.458Z,368.0,5.8,1.0,-1.87,3.87
2020-01-02T19:08:22.702Z,371.0,5.42,0.897,-1.55,4.15
2020-01-02T19:10:01.946Z,371.0,4.9,0.684,-2.63,3.69
2020-01-02T19:11:41.190Z,373.0,5.42,0.417,-3.29,3.34
2020-01-02T19:13:20.434Z,373.0,5.3,0.519,-3.06,3.73
2020-01-02T19:14:59.678Z,372.0,4.9,0.278,-3.08,4.07
2020-01-02T19:16:38.922Z,373.0,5.13,0.115,-3.48,3.95
2020-01-02T19:18:18.166Z,371.0,5.38,0.53,-4.27,3.11
2020-01-02T19:19:57.410Z,373.0,4.73,-0.114,-4.29,3.07
2020-01-02T19:21:36.654Z,374.0,6.61,-1.65,-1.48,4.37
2020-01-02T19:23:15.897Z,377.0,5.74,-1.7,-1.34,4.44
2020-01-02T19:24:55.141Z,374.0,7.43,1.2,-3.71,2.03
2020-01-02T19:26:34.385Z,366.0,5.67,2.55,-4.5,0.204
2020-01-02T19:28:13.629Z,369.0,6.03,2.2,-4.39,0.0671
2020-01-02T19:29:52.873Z,367.0,5.91,1.99,-4.53,0.0725
2020-01-02T19:31:29.016Z,368.0,5.71,1.77,-4.53,0.394
2020-01-02T19:33:08.260Z,371.0,5.76,1.45,-4.51,0.366
2020-01-02T19:34:47.503Z,371.0,5.94,1.41,-4.42,0.612
2020-01-02T19:36:26.747Z,371.0,5.7,1.37,-4.38,0.608
2020-01-02T19:38:05.991Z,371.0,6.4,1.17,-4.24,0.317
2020-01-02T19:39:45.235Z,373.0,6.3,0.843,-4.29,0.151
2020-01-02T19:41:24.479Z,374.0,6.07,0.647,-4.33,0.424
2020-01-02T19:43:03.723Z,374.0,6.28,0.557,-4.4,0.247
2020-01-02T19:44:42.967Z,378.0,5.57,-0.137,-4.69,0.0333
2020-01-02T19:46:25.312Z,380.0,5.08,-0.375,-4.75,-1.18
2020-01-02T19:48:04.556Z,379.0,5.55,0.133,-4.59,-0.498
2020-01-02T19:49:43.800Z,375.0,5.52,1.02,-4.37,-0.993
2020-01-02T19:51:23.044Z,376.0,4.97,0.588,-4.67,-0.812
2020-01-02T19:53:02.288Z,378.0,4.95,0.0422,-4.35,-1.99
2020-01-02T19:54:41.532Z,377.0,5.27,0.0638,-4.31,-0.834
2020-01-02T19:56:20.776Z,374.0,5.75,0.247,-4.26,0.0824
2020-01-02T19:58:00.019Z,373.0,7.13,0.591,-3.6,0.752
2020-01-02T19:59:39.263Z,375.0,7.15,-0.0502,-3.26,1.85
2020-01-02T20:01:18.507Z,376.0,6.63,-0.375,-3.24,1.77
2020-01-02T20:02:57.751Z,378.0,6.79,-0.703,-3.58,1.15
2020-01-02T20:04:33.894Z,376.0,6.92,-0.618,-3.57,1.33
2020-01-02T20:06:13.138Z,375.0,6.99,-0.481,-3.77,1.27
2020-01-02T20:07:52.381Z,381.0,6.87,-1.17,-4.05,0.332
2020-01-02T20:09:31.625Z,376.0,6.97,0.0233,-4.19,0.368
2020-01-02T20:11:10.869Z,378.0,7.0,-0.805,-4.2,0.349
2020-01-02T20:12:47.012Z,378.0,7.07,-0.78,-4.3,0.0217
2020-01-02T20:14:26.256Z,378.0,6.76,-0.962,-4.4,-0.669
2020-01-02T20:16:05.500Z,378.0,6.49,-1.25,-4.39,-0.738
2020-01-02T20:17:44.744Z,376.0,6.89,-1.03,-4.28,-0.868
2020-01-02T20:19:23.988Z,377.0,7.4,-1.08,-4.08,-1.06
2020-01-02T20:21:03.231Z,377.0,6.66,-1.25,-4.08,-1.55
2020-01-02T20:22:42.475Z,378.0,7.2,-1.22,-4.02,-1.87
2020-01-02T20:24:21.719Z,372.0,7.13,-1.92,-2.46,-2.54
2020-01-02T20:26:00.963Z,379.0,5.99,-3.28,-0.52,-3.35
2020-01-02T20:27:43.308Z,380.0,6.54,-2.95,-1.92,-3.3
2020-01-02T20:29:22.552Z,380.0,6.52,-2.67,-2.33,-3.14
2020-01-02T20:31:01.796Z,382.0,6.67,-2.71,-2.08,-3.3
2020-01-02T20:32:41.040Z,381.0,6.83,-2.77,-1.65,-3.23
2020-01-02T20:34:20.284Z,379.0,6.98,-2.66,-2.97,-1.69
2020-01-02T20:35:59.528Z,379.0,6.6,-2.82,-2.64,-2.1
2020-01-02T20:37:38.772Z,378.0,6.98,-2.27,-2.87,-2.07
2020-01-02T20:39:18.016Z,381.0,6.53,-2.21,-2.86,-1.91
2020-01-02T20:40:57.260Z,381.0,7.11,-2.41,-2.85,-2.06
2020-01-02T20:42:33.402Z,378.0,6.98,-2.16,-2.98,-2.26
2020-01-02T20:44:12.646Z,379.0,7.02,-2.1,-2.98,-2.28
2020-01-02T20:45:51.890Z,377.0,7.11,-2.09,-2.81,-2.32
2020-01-02T20:47:31.134Z,379.0,6.81,-2.48,-2.5,-2.29
2020-01-02T20:49:10.378Z,379.0,6.83,-2.59,-2.01,-2.83
2020-01-02T20:50:49.622Z,382.0,6.95,-2.61,-1.44,-2.75
2020-01-02T20:52:28.866Z,383.0,7.6,-1.86,-2.16,-2.34
2020-01-02T20:54:08.110Z,376.0,7.32,-0.725,-2.9,-2.0
2020-01-02T20:55:47.354Z,357.0,5.65,1.45,-4.68,-0.582
2020-01-02T20:57:26.597Z,359.0,5.92,1.04,-4.7,-0.646
2020-01-02T20:59:05.841Z,363.0,5.68,0.92,-4.49,-0.789
2020-01-02T21:00:45.085Z,363.0,5.92,0.666,-4.3,-0.89
2020-01-02T21:02:24.329Z,360.0,6.68,0.65,-4.12,0.262
2020-01-02T21:04:03.573Z,365.0,6.81,0.35,-4.13,-0.0775
2020-01-02T21:05:42.817Z,365.0,6.22,0.317,-4.33,-0.159
2020-01-02T21:07:22.061Z,370.0,6.66,-0.226,-4.25,0.496
2020-01-02T21:09:01.305Z,369.0,6.95,-0.0843,-4.18,0.363
2020-01-02T21:10:40.549Z,360.0,6.47,0.764,-4.08,1.04
2020-01-02T21:12:19.793Z,358.0,6.66,1.25,-3.77,1.47
2020-01-02T21:13:59.037Z,358.0,7.13,0.733,-4.14,0.822
2020-01-02T21:15:38.280Z,357.0,6.71,0.518,-4.2,0.581
2020-01-02T21:17:17.524Z,354.0,6.17,1.11,-4.13,0.799
2020-01-02T21:18:56.768Z,357.0,6.78,1.28,-4.04,0.827
2020-01-02T21:20:36.012Z,359.0,6.96,2.17,-3.66,0.517
2020-01-02T21:22:15.256Z,360.0,6.95,1.22,-4.07,0.485
2020-01-02T21:23:51.399Z,358.0,7.41,1.26,-4.09,0.516
2020-01-02T21:25:30.642Z,360.0,7.3,0.992,-4.15,0.579
2020-01-02T21:27:09.886Z,359.0,7.36,0.982,-4.06,0.798
2020-01-02T21:28:49.130Z,357.0,7.36,1.04,-4.14,0.647
2020-01-02T21:30:28.374Z,356.0,7.56,1.55,-3.86,0.797
2020-01-02T21:32:07.618Z,356.0,7.4,1.65,-3.71,1.03
2020-01-02T21:33:46.861Z,357.0,7.47,1.82,-3.63,1.16
2020-01-02T21:35:26.105Z,356.0,6.7,2.04,-4.06,1.19
2020-01-02T21:37:05.349Z,354.0,6.93,1.99,-4.07,1.6
2020-01-02T21:38:44.592Z,357.0,5.87,1.86,-4.49,1.6
2020-01-02T21:40:23.836Z,358.0,6.08,1.62,-4.46,1.6
2020-01-02T21:42:03.080Z,355.0,6.95,1.26,-4.55,1.14
2020-01-02T21:43:42.323Z,357.0,6.33,1.57,-4.47,1.46
2020-01-02T21:45:21.567Z,359.0,6.7,1.56,-4.27,1.5
2020-01-02T21:47:00.811Z,355.0,7.36,1.58,-3.96,1.62
2020-01-02T21:48:40.054Z,355.0,6.48,1.56,-4.13,2.09
2020-01-02T21:50:19.298Z,354.0,7.0,1.45,-4.35,1.33
2020-01-02T21:51:58.541Z,354.0,7.63,1.7,-4.21,1.28
2020-01-02T21:53:37.785Z,352.0,6.98,1.74,-4.18,1.64
2020-01-02T21:55:17.028Z,354.0,9.39,1.25,-3.56,0.536
2020-01-02T21:56:56.272Z,349.0,9.56,1.05,-3.74,-0.21
2020-01-02T21:58:35.515Z,347.0,11.5,1.28,-3.55,0.265
2020-01-02T22:00:14.758Z,348.0,11.9,1.22,-3.56,0.577
2020-01-02T22:01:50.900Z,349.0,12.0,1.25,-3.57,0.594
2020-01-02T22:03:30.144Z,348.0,13.3,1.29,-3.47,0.6
2020-01-02T22:05:09.387Z,348.0,13.4,1.16,-3.3,0.469
2020-01-02T22:06:48.631Z,348.0,13.4,1.16,-3.3,0.515
2020-01-02T22:08:27.874Z,348.0,13.9,1.07,-3.12,0.317
2020-01-02T22:10:07.117Z,348.0,13.8,1.18,-3.17,0.484
2020-01-02T22:11:46.361Z,348.0,13.5,1.22,-3.34,0.546
2020-01-02T22:13:25.604Z,348.0,13.1,1.34,-3.3,0.742
2020-01-02T22:15:04.847Z,347.0,13.0,1.5,-3.3,1.03
2020-01-02T22:16:44.090Z,346.0,13.5,1.67,-3.17,1.37
2020-01-02T22:18:23.334Z,346.0,13.0,1.59,-3.32,1.46
2020-01-02T22:20:02.577Z,346.0,13.8,1.72,-3.1,1.49
2020-01-02T22:21:41.820Z,347.0,13.0,1.72,-3.04,1.79
2020-01-02T22:23:21.063Z,346.0,13.2,1.72,-2.77,1.96
2020-01-02T22:25:00.307Z,346.0,13.8,1.82,-2.74,1.76
2020-01-02T22:26:39.550Z,345.0,11.6,1.94,-3.07,2.15
2020-01-02T22:28:18.793Z,345.0,12.5,1.7,-2.92,2.35
2020-01-02T22:29:58.036Z,345.0,12.5,1.77,-2.91,2.3
2020-01-02T22:31:34.178Z,346.0,12.8,1.75,-2.85,2.32
2020-01-02T22:33:13.421Z,345.0,12.4,1.65,-2.89,2.37
2020-01-02T22:34:52.664Z,345.0,13.3,1.6,-2.76,1.77
2020-01-02T22:36:31.907Z,345.0,14.0,1.56,-2.49,1.27
2020-01-02T22:38:11.151Z,346.0,14.1,1.72,-1.97,0.77
2020-01-02T22:39:47.292Z,345.0,13.9,1.33,-2.24,1.42
2020-01-02T22:41:26.536Z,346.0,13.9,1.72,-2.54,1.66
2020-01-02T22:43:05.779Z,345.0,13.4,1.89,-2.51,1.76
2020-01-02T22:44:45.022Z,345.0,13.7,1.96,-2.55,1.84
2020-01-02T22:46:24.265Z,346.0,14.2,1.8,-2.17,1.8
2020-01-02T22:48:03.508Z,346.0,14.5,1.2,-1.98,1.29
2020-01-02T22:49:42.751Z,346.0,14.7,1.37,-2.0,1.72
2020-01-02T22:51:21.994Z,345.0,13.8,1.37,-2.1,1.92
2020-01-02T22:53:01.237Z,345.0,14.7,1.36,-1.96,1.89
2020-01-02T22:54:40.480Z,345.0,15.0,1.5,-1.91,1.82
2020-01-02T22:56:19.723Z,344.0,14.0,1.45,-1.6,2.08
2020-01-02T22:57:58.966Z,344.0,14.8,1.46,-1.01,1.92
2020-01-02T22:59:38.209Z,344.0,15.0,1.22,-1.44,1.7
2020-01-02T23:01:17.453Z,345.0,15.4,1.44,-1.04,1.7
2020-01-02T23:02:56.696Z,344.0,15.3,1.34,-0.82,1.61
2020-01-02T23:04:35.939Z,343.0,14.6,1.6,-0.919,1.71
2020-01-02T23:06:15.182Z,339.0,15.4,1.45,-0.851,1.33
2020-01-02T23:07:54.425Z,339.0,16.4,1.27,-0.565,1.25
2020-01-02T23:09:30.566Z,340.0,16.7,1.32,-0.548,1.37
2020-01-02T23:11:09.809Z,341.0,16.5,1.37,-0.413,1.1
2020-01-02T23:12:49.052Z,342.0,15.6,1.47,-0.537,1.03
2020-01-02T23:14:28.295Z,340.0,16.4,1.48,-0.547,1.06
2020-01-02T23:16:07.538Z,340.0,16.2,1.5,-0.673,0.92
2020-01-02T23:17:46.781Z,340.0,16.5,1.33,-0.469,0.975
2020-01-02T23:19:26.024Z,339.0,16.4,1.25,-0.236,1.11
2020-01-02T23:21:08.369Z,340.0,16.7,0.868,0.156,0.904
2020-01-02T23:22:47.612Z,340.0,17.2,1.02,-0.063,0.819
2020-01-02T23:24:26.855Z,339.0,17.0,0.937,0.141,0.933
2020-01-02T23:26:06.098Z,340.0,18.0,0.991,-0.267,0.546
2020-01-02T23:27:45.341Z,339.0,16.9,1.38,-0.00139,0.522
2020-01-02T23:29:24.584Z,340.0,17.0,1.49,-0.142,0.392
2020-01-02T23:31:03.827Z,337.0,15.0,1.44,-0.318,0.43
2020-01-02T23:32:43.070Z,340.0,17.0,1.33,-0.375,0.299
2020-01-02T23:34:22.313Z,340.0,17.0,1.31,-0.364,0.315
2020-01-02T23:36:01.556Z,340.0,17.2,1.13,-0.194,0.518
2020-01-02T23:37:40.798Z,340.0,17.0,1.15,-0.346,0.213
2020-01-02T23:39:16.940Z,340.0,17.2,0.891,-0.189,0.194
2020-01-02T23:40:56.183Z,341.0,17.2,1.42,-0.396,0.348
2020-01-02T23:42:35.426Z,342.0,17.6,1.59,-0.327,0.493
2020-01-02T23:44:14.669Z,341.0,17.1,1.54,-0.254,0.552
2020-01-02T23:45:53.912Z,342.0,17.1,1.55,-0.0585,0.739
2020-01-02T23:47:30.054Z,341.0,17.1,1.52,0.0855,0.851
2020-01-02T23:49:09.297Z,341.0,17.1,1.58,0.111,0.833
2020-01-02T23:50:48.540Z,341.0,17.1,1.58,0.127,0.892
2020-01-02T23:52:27.783Z,342.0,16.9,1.82,-0.109,0.699
2020-01-02T23:54:07.026Z,341.0,17.0,1.81,-0.0224,0.807
2020-01-02T23:55:46.268Z,341.0,17.2,1.62,0.0281,0.903
2020-01-02T23:57:25.511Z,338.0,17.0,1.37,-0.107,0.87
2020-01-02T23:59:04.754Z,338.0,17.7,1.48,-0.131,0.719
2020-01-03T00:02:26.342Z,340.0,17.3,1.46,0.0597,0.501
2020-01-03T00:04:05.585Z,341.0,17.4,1.32,0.167,0.514
2020-01-03T00:05:44.828Z,340.0,18.3,0.953,0.861,0.172
2020-01-03T00:07:24.071Z,343.0,18.0,1.22,0.506,0.168
2020-01-03T00:09:03.314Z,343.0,17.9,1.32,0.424,-0.0485
2020-01-03T00:10:42.557Z,343.0,17.9,1.38,0.152,0.137
2020-01-03T00:12:21.801Z,343.0,17.8,1.33,0.113,0.257
2020-01-03T00:14:01.044Z,342.0,17.9,1.18,0.515,0.199
2020-01-03T00:15:40.287Z,342.0,18.2,1.24,0.222,0.207
2020-01-03T00:17:19.530Z,343.0,18.6,1.56,0.558,0.421
2020-01-03T00:18:58.773Z,343.0,17.8,1.5,0.453,0.771
2020-01-03T00:20:38.017Z,343.0,17.6,1.4,0.548,0.901
2020-01-03T00:22:17.260Z,343.0,17.8,1.42,0.618,0.903
2020-01-03T00:23:56.503Z,343.0,17.4,1.51,0.405,1.06
2020-01-03T00:25:35.746Z,344.0,17.3,1.66,0.785,1.07
2020-01-03T00:27:14.990Z,344.0,17.4,1.52,1.01,0.849
2020-01-03T00:28:51.132Z,345.0,17.1,1.41,1.58,0.0916
2020-01-03T00:30:30.375Z,346.0,17.9,1.48,1.28,0.326
2020-01-03T00:32:09.619Z,346.0,17.5,1.38,1.59,0.232
2020-01-03T00:33:48.862Z,346.0,18.0,1.3,1.87,0.0642
2020-01-03T00:35:28.105Z,347.0,17.9,1.25,1.87,-0.00755
2020-01-03T00:37:07.349Z,347.0,18.0,1.29,1.73,-0.022
2020-01-03T00:38:46.592Z,348.0,18.1,1.19,1.77,0.0106
2020-01-03T00:40:25.835Z,347.0,18.0,1.37,1.7,-0.0726
2020-01-03T00:42:05.079Z,346.0,18.0,1.39,1.73,-0.334
2020-01-03T00:43:47.424Z,346.0,18.0,1.15,1.9,-0.365
2020-01-03T00:45:26.667Z,346.0,18.5,1.22,1.85,-0.478
2020-01-03T00:47:05.911Z,346.0,18.6,1.59,1.55,-0.389
2020-01-03T00:48:45.154Z,345.0,17.5,1.92,1.48,-0.355
2020-01-03T00:50:24.397Z,345.0,18.5,1.9,1.49,-0.497
2020-01-03T00:52:03.641Z,344.0,17.9,1.84,1.52,-0.424
2020-01-03T00:53:42.884Z,342.0,16.4,2.13,1.6,-1.26
2020-01-03T00:55:22.128Z,339.0,16.1,2.42,1.5,-2.04
2020-01-03T00:57:01.371Z,340.0,16.6,2.22,1.34,-2.12
2020-01-03T00:58:40.615Z,341.0,17.2,2.12,1.27,-2.0
2020-01-03T01:00:19.859Z,339.0,16.1,1.92,1.45,-2.72
2020-01-03T01:01:59.102Z,340.0,16.5,1.74,1.37,-1.06
2020-01-03T01:03:38.346Z,345.0,16.2,1.78,1.23,0.28
2020-01-03T01:05:17.589Z,343.0,15.3,2.44,0.844,-1.74
2020-01-03T01:06:56.833Z,343.0,15.9,2.79,1.05,-0.632
2020-01-03T01:08:36.076Z,343.0,15.7,2.71,1.13,0.205
2020-01-03T01:10:12.219Z,341.0,14.0,1.49,1.21,2.08
2020-01-03T01:11:51.462Z,339.0,15.2,1.05,0.897,2.78
2020-01-03T01:13:30.706Z,340.0,15.6,0.987,0.786,2.92
2020-01-03T01:15:09.949Z,337.0,15.9,0.533,0.882,2.92
2020-01-03T01:16:49.193Z,338.0,15.9,0.617,0.965,2.76
2020-01-03T01:18:28.437Z,337.0,15.8,0.785,1.14,2.55
2020-01-03T01:20:07.680Z,336.0,16.0,0.302,2.01,2.13
2020-01-03T01:21:46.924Z,338.0,15.5,0.518,1.8,2.4
2020-01-03T01:23:26.167Z,338.0,16.1,0.253,1.76,2.35
2020-01-03T01:25:05.411Z,337.0,15.4,0.0029,1.94,2.33
2020-01-03T01:26:44.655Z,336.0,14.7,-0.426,1.59,2.45
2020-01-03T01:28:23.898Z,335.0,14.4,-0.693,1.3,2.4
2020-01-03T01:30:03.142Z,335.0,16.3,-0.366,1.28,2.52
2020-01-03T01:31:42.386Z,334.0,14.0,-1.05,0.584,2.2
2020-01-03T01:33:21.629Z,337.0,15.3,0.591,0.456,2.62
2020-01-03T01:35:00.873Z,335.0,15.1,-0.399,0.12,2.39
2020-01-03T01:36:40.117Z,328.0,13.0,-2.18,-0.892,1.39
2020-01-03T01:38:19.360Z,329.0,14.7,-2.98,-0.963,-0.178
2020-01-03T01:39:55.503Z,330.0,14.7,-2.76,-0.88,0.264
2020-01-03T01:41:34.746Z,330.0,14.2,-2.87,-0.94,0.464
2020-01-03T01:43:13.990Z,327.0,14.6,-3.02,-0.826,-0.361
2020-01-03T01:44:53.234Z,328.0,13.5,-3.28,-0.821,-1.0
2020-01-03T01:46:32.477Z,330.0,13.1,-2.99,-0.931,0.665
2020-01-03T01:48:11.721Z,333.0,14.5,-2.4,-0.487,0.567
2020-01-03T01:49:50.965Z,337.0,15.3,-2.21,-0.041,0.26
2020-01-03T01:51:30.209Z,333.0,12.8,-2.07,0.772,0.321
2020-01-03T01:53:09.452Z,338.0,16.3,-1.84,0.341,1.02
2020-01-03T01:54:48.696Z,340.0,14.3,-1.88,0.0342,1.45
2020-01-03T01:56:27.940Z,338.0,14.7,-2.4,0.276,0.163
2020-01-03T01:58:07.183Z,339.0,14.6,-2.31,0.242,0.656
2020-01-03T01:59:46.427Z,338.0,14.8,-2.3,0.0116,0.406
2020-01-03T02:01:25.671Z,335.0,15.2,-1.72,0.0493,-0.0144
2020-01-03T02:03:04.915Z,336.0,15.0,-1.78,-0.189,0.273
2020-01-03T02:04:44.158Z,337.0,15.0,-1.74,-0.587,-0.0105
2020-01-03T02:06:23.402Z,336.0,15.4,-1.39,-0.438,0.379
2020-01-03T02:08:02.646Z,330.0,11.6,-2.01,-0.183,0.117
2020-01-03T02:09:41.890Z,335.0,15.3,-2.07,-0.302,-0.216
2020-01-03T02:11:21.133Z,336.0,15.1,-1.88,-0.739,0.32
2020-01-03T02:14:39.621Z,336.0,14.7,-1.95,0.253,0.237
2020-01-03T02:16:18.865Z,335.0,14.8,-1.85,0.666,-0.0201
2020-01-03T02:17:58.108Z,336.0,14.6,-1.76,1.08,-0.297
2020-01-03T02:19:37.352Z,330.0,11.6,-1.85,0.7,-1.13
2020-01-03T02:21:16.596Z,339.0,14.9,0.828,0.844,0.486
2020-01-03T02:22:55.840Z,338.0,14.7,1.19,0.86,0.688
2020-01-03T02:24:35.083Z,340.0,15.2,0.623,1.07,0.222
2020-01-03T02:26:14.327Z,340.0,14.7,0.664,0.905,-0.0766
2020-01-03T02:27:53.571Z,334.0,13.3,-0.928,0.0788,-1.36
2020-01-03T02:29:32.815Z,332.0,14.7,-1.72,-1.28,-0.834
2020-01-03T02:31:12.058Z,331.0,13.7,-1.4,-1.59,-0.104
2020-01-03T02:32:51.302Z,334.0,14.5,1.39,-0.949,0.701
2020-01-03T02:34:30.546Z,336.0,14.6,1.93,-0.559,0.681
2020-01-03T02:36:09.790Z,337.0,14.7,2.14,-0.489,0.118
2020-01-03T02:37:49.034Z,336.0,14.4,2.1,-0.967,-0.171
2020-01-03T02:39:28.277Z,336.0,14.6,1.88,-1.32,-0.161
2020-01-03T02:41:07.521Z,335.0,14.2,1.73,-1.44,-0.0696
2020-01-03T02:42:46.765Z,333.0,14.6,1.06,-1.3,0.183
2020-01-03T02:44:26.009Z,333.0,11.3,-0.758,0.922,-0.294
2020-01-03T02:46:05.253Z,330.0,14.3,-1.87,2.29,-0.691
2020-01-03T02:47:44.496Z,329.0,13.4,-2.06,2.18,-0.794
2020-01-03T02:49:23.740Z,327.0,13.7,-1.94,1.96,-0.729
2020-01-03T02:51:02.984Z,327.0,15.1,-1.52,1.9,-0.102
2020-01-03T02:52:42.228Z,328.0,13.3,-1.92,1.56,-0.947
2020-01-03T02:54:21.472Z,327.0,15.1,-1.86,1.02,-1.31
2020-01-03T02:56:00.715Z,327.0,14.8,-1.88,1.21,-1.29
2020-01-03T02:57:39.959Z,329.0,14.5,-1.9,1.67,-0.957
2020-01-03T02:59:19.203Z,327.0,15.0,-1.48,1.52,-1.57
2020-01-03T03:00:58.447Z,328.0,15.0,-1.27,2.38,-0.717
2020-01-03T03:02:34.589Z,329.0,14.5,-1.51,3.3,-0.823
2020-01-03T03:04:13.833Z,329.0,12.0,-1.82,3.88,-1.2
2020-01-03T03:05:53.077Z,330.0,12.2,-1.61,3.74,-1.27
2020-01-03T03:07:32.321Z,330.0,12.7,-1.67,3.49,-1.17
2020-01-03T03:09:11.565Z,330.0,13.0,-1.77,3.45,-1.08
2020-01-03T03:10:50.808Z,330.0,13.0,-1.57,3.59,-0.8
2020-01-03T03:12:30.052Z,331.0,13.0,-1.5,3.46,-0.637
2020-01-03T03:14:12.398Z,329.0,14.6,-1.66,2.92,-1.01
2020-01-03T03:15:51.641Z,329.0,14.2,-1.98,2.4,-1.93
2020-01-03T03:17:30.885Z,328.0,13.4,-1.93,2.84,-1.1
2020-01-03T03:19:10.129Z,330.0,14.1,-1.97,2.18,-2.24
2020-01-03T03:20:49.373Z,330.0,13.4,-1.99,2.13,-2.12
2020-01-03T03:22:28.617Z,332.0,13.0,-2.32,2.37,-1.96
2020-01-03T03:24:07.861Z,333.0,13.7,-2.66,2.21,-2.32
2020-01-03T03:25:47.104Z,333.0,14.1,-2.87,1.95,-2.31
2020-01-03T03:27:26.348Z,334.0,14.0,-2.88,1.61,-2.34
2020-01-03T03:29:05.592Z,334.0,14.7,-2.67,1.38,-2.62
2020-01-03T03:30:44.836Z,333.0,15.4,-2.5,0.412,-2.63
2020-01-03T03:32:20.978Z,331.0,14.9,0.128,3.55,-1.82
2020-01-03T03:34:00.222Z,337.0,16.4,0.858,3.65,-1.03
2020-01-03T03:35:39.466Z,337.0,16.1,0.501,4.31,-1.22
2020-01-03T03:38:57.954Z,349.0,14.2,-0.0577,3.88,-2.06
2020-01-03T03:40:34.096Z,337.0,16.5,0.187,4.03,-1.94
2020-01-03T03:42:13.340Z,334.0,16.2,-0.43,3.58,-2.51
2020-01-03T03:43:52.584Z,332.0,16.6,-0.977,3.37,-3.22
2020-01-03T03:45:31.828Z,337.0,17.0,-2.47,2.12,-4.26
2020-01-03T03:47:11.072Z,339.0,17.0,-2.68,1.94,-4.38
2020-01-03T03:48:50.316Z,339.0,17.0,-2.86,1.94,-4.54
2020-01-03T03:50:29.559Z,336.0,15.8,-3.48,1.03,-4.75
2020-01-03T03:52:08.803Z,338.0,16.7,-3.46,1.01,-4.71
2020-01-03T03:53:48.047Z,334.0,17.2,-3.87,0.297,-4.49
2020-01-03T03:55:30.392Z,334.0,17.4,-3.91,0.0908,-4.55
2020-01-03T03:57:09.636Z,335.0,16.6,-3.72,0.447,-5.0
2020-01-03T03:58:48.880Z,338.0,17.4,-2.56,2.05,-4.93
2020-01-03T04:00:28.124Z,342.0,18.0,-1.56,2.4,-4.5
2020-01-03T04:02:07.368Z,340.0,18.1,-2.33,1.51,-4.22
2020-01-03T04:03:46.612Z,340.0,19.8,-3.13,1.29,-3.78
2020-01-03T04:05:25.856Z,341.0,20.1,-3.03,1.46,-3.79
2020-01-03T04:07:05.099Z,341.0,19.9,-3.14,1.61,-3.63
2020-01-03T04:08:44.343Z,341.0,20.5,-3.47,2.12,-3.26
2020-01-03T04:10:23.587Z,341.0,19.8,-3.39,2.11,-3.47
2020-01-03T04:12:02.831Z,340.0,19.7,-3.17,2.29,-3.47
2020-01-03T04:13:38.974Z,336.0,16.6,-3.97,1.88,-3.15
2020-01-03T04:15:18.217Z,338.0,19.2,-2.79,2.52,-3.62
2020-01-03T04:16:57.461Z,341.0,18.4,-0.611,4.33,-4.04
2020-01-03T04:18:36.705Z,341.0,18.6,-1.06,3.85,-4.07
2020-01-03T04:20:15.949Z,341.0,18.8,-0.279,4.36,-4.2
2020-01-03T04:21:52.092Z,342.0,18.4,-0.423,4.59,-4.15
2020-01-03T04:23:31.335Z,342.0,19.3,-0.743,4.57,-3.42
2020-01-03T04:25:10.579Z,342.0,18.0,-0.591,5.3,-3.31
2020-01-03T04:26:49.823Z,343.0,18.2,-0.792,5.08,-3.26
2020-01-03T04:28:29.067Z,342.0,19.4,-0.771,4.63,-3.38
2020-01-03T04:30:08.311Z,342.0,19.3,-0.499,4.79,-3.58
2020-01-03T04:31:47.555Z,341.0,19.2,-0.829,4.35,-4.0
2020-01-03T04:33:26.799Z,340.0,20.4,-0.774,3.69,-4.55
2020-01-03T04:35:06.043Z,342.0,19.6,-0.275,4.12,-4.27
2020-01-03T04:36:45.287Z,342.0,20.7,-0.732,2.9,-4.47
2020-01-03T04:38:24.530Z,342.0,21.5,-0.89,2.23,-4.94
2020-01-03T04:40:03.774Z,345.0,18.1,-1.38,1.89,-5.91
2020-01-03T04:41:43.018Z,343.0,17.3,-1.69,1.36,-6.43
2020-01-03T04:43:22.262Z,345.0,17.0,-1.27,1.87,-6.64
2020-01-03T04:45:01.506Z,345.0,14.9,-1.81,1.6,-7.32
2020-01-03T04:46:40.750Z,344.0,15.0,-1.88,0.941,-7.58
2020-01-03T04:48:19.994Z,339.0,14.3,-1.41,0.39,-7.88
2020-01-03T04:49:59.238Z,340.0,14.1,-2.27,-0.571,-8.0
2020-01-03T04:51:38.481Z,339.0,14.9,-2.85,-1.17,-8.09
2020-01-03T04:53:17.725Z,339.0,14.8,-3.13,-1.76,-8.45
2020-01-03T04:54:56.969Z,340.0,14.8,-3.22,-1.77,-8.61
2020-01-03T04:56:36.213Z,339.0,14.4,-3.36,-2.47,-8.59
2020-01-03T04:58:15.457Z,339.0,13.6,-3.38,-3.2,-8.67
2020-01-03T04:59:54.701Z,339.0,13.1,-3.5,-3.8,-8.62
2020-01-03T05:01:33.945Z,338.0,14.1,-3.48,-4.22,-8.42
2020-01-03T05:03:13.189Z,337.0,14.0,-3.42,-4.51,-8.29
2020-01-03T05:04:52.433Z,337.0,14.3,-3.3,-4.53,-8.34
2020-01-03T05:06:31.677Z,338.0,16.8,-3.19,-4.88,-7.71
2020-01-03T05:08:10.921Z,336.0,16.4,-3.66,-6.1,-7.03
2020-01-03T05:09:50.164Z,336.0,13.9,-3.44,-6.26,-6.59
2020-01-03T05:11:29.408Z,338.0,16.0,-3.56,-7.36,-5.12
2020-01-03T05:13:08.652Z,336.0,15.4,-3.44,-7.69,-4.68
2020-01-03T05:14:47.896Z,341.0,16.3,-3.94,-7.61,-3.96
2020-01-03T05:16:27.140Z,340.0,15.8,-3.18,-7.71,-4.67
2020-01-03T05:18:06.384Z,340.0,15.6,-3.15,-7.57,-4.94
2020-01-03T05:19:45.628Z,338.0,15.9,-2.78,-7.37,-4.99
2020-01-03T05:21:24.872Z,339.0,15.7,-2.3,-6.91,-5.73
2020-01-03T05:23:04.116Z,341.0,14.6,-1.8,-6.43,-6.92
2020-01-03T05:24:43.360Z,337.0,11.5,-2.44,-8.44,-4.83
2020-01-03T05:26:22.603Z,339.0,11.8,-1.99,-8.45,-4.6
2020-01-03T05:28:01.847Z,339.0,13.5,-2.45,-7.72,-5.17
2020-01-03T05:29:41.091Z,340.0,13.8,-2.07,-7.57,-5.46
2020-01-03T05:31:20.335Z,338.0,11.4,-2.26,-8.08,-5.34
2020-01-03T05:32:56.478Z,341.0,11.7,-1.92,-8.12,-5.24
2020-01-03T05:34:35.722Z,343.0,12.2,-1.18,-8.27,-5.12
2020-01-03T05:36:14.966Z,341.0,8.86,-1.65,-8.8,-4.85
2020-01-03T05:37:54.209Z,342.0,13.7,-1.99,-8.11,-4.25
2020-01-03T05:39:33.453Z,343.0,14.0,-2.12,-8.49,-3.68
2020-01-03T05:41:12.697Z,341.0,13.2,-2.12,-8.67,-3.43
2020-01-03T05:42:51.941Z,342.0,14.2,-2.07,-8.57,-3.03
2020-01-03T05:44:31.185Z,341.0,13.4,-1.49,-7.25,-0.289
2020-01-03T05:46:10.429Z,346.0,23.6,-0.841,-5.82,2.16
2020-01-03T05:47:49.673Z,345.0,22.6,-0.212,-5.68,2.37
2020-01-03T05:49:28.917Z,341.0,23.8,-0.562,-5.44,2.49
2020-01-03T05:51:08.161Z,341.0,24.3,-0.636,-5.15,2.57
2020-01-03T05:52:47.405Z,343.0,24.7,-0.662,-5.13,2.56
2020-01-03T05:54:26.649Z,342.0,25.3,-0.564,-4.74,2.74
2020-01-03T05:56:05.893Z,342.0,26.0,-0.773,-4.87,1.01
2020-01-03T05:57:45.136Z,344.0,23.6,-1.16,-5.55,0.248
2020-01-03T05:59:24.380Z,342.0,25.4,-0.906,-5.33,1.52
2020-01-03T06:01:03.624Z,343.0,27.2,-0.623,-4.78,2.52
2020-01-03T06:02:42.868Z,342.0,25.9,0.223,-3.79,4.0
2020-01-03T06:04:22.112Z,343.0,20.2,-0.0474,-5.2,4.21
2020-01-03T06:06:01.356Z,345.0,15.8,-0.13,-5.83,4.83
2020-01-03T06:07:40.600Z,346.0,16.3,0.0561,-6.27,5.2
2020-01-03T06:09:19.844Z,346.0,16.3,0.108,-6.47,5.33
2020-01-03T06:10:55.986Z,345.0,16.0,0.363,-6.37,5.43
2020-01-03T06:12:35.230Z,343.0,16.0,0.604,-5.95,5.82
2020-01-03T06:14:14.474Z,352.0,15.8,-1.89,-6.94,1.59
2020-01-03T06:15:53.718Z,349.0,18.9,-1.71,-6.35,1.2
2020-01-03T06:17:32.962Z,347.0,20.5,-0.849,-6.18,1.09
2020-01-03T06:19:12.206Z,346.0,19.5,-1.06,-6.23,1.68
2020-01-03T06:20:51.450Z,345.0,19.7,-0.272,-6.41,0.131
2020-01-03T06:22:30.694Z,346.0,17.2,-0.196,-7.08,-0.917
2020-01-03T06:24:09.938Z,348.0,17.0,-0.359,-7.45,0.127
2020-01-03T06:25:49.182Z,347.0,16.7,-0.324,-7.47,-0.579
2020-01-03T06:27:28.426Z,345.0,15.6,-0.543,-6.44,-2.95
2020-01-03T06:29:07.670Z,348.0,16.3,-0.312,-5.03,-4.9
2020-01-03T06:30:46.913Z,347.0,15.7,-0.244,-4.5,-6.01
2020-01-03T06:32:26.157Z,346.0,15.1,-0.107,-3.99,-6.73
2020-01-03T06:34:05.401Z,347.0,17.1,-0.178,-3.49,-6.39
2020-01-03T06:35:44.645Z,349.0,16.6,-0.369,-4.84,-5.38
2020-01-03T06:37:23.889Z,349.0,19.6,-0.36,-4.47,-5.02
2020-01-03T06:39:03.133Z,349.0,8.76,-1.18,-3.4,-8.82
2020-01-03T06:40:39.276Z,349.0,7.96,-0.959,-3.89,-8.98
2020-01-03T06:42:18.520Z,350.0,16.8,-0.559,-3.64,-6.38
2020-01-03T06:43:57.764Z,348.0,17.8,-0.67,-3.85,-6.69
2020-01-03T06:45:37.008Z,350.0,11.6,-0.695,-4.8,-7.32
2020-01-03T06:47:16.251Z,349.0,16.3,-0.184,-4.95,-5.0
2020-01-03T06:48:55.495Z,348.0,14.3,-0.0101,-8.21,-2.3
2020-01-03T06:50:34.739Z,347.0,14.5,-0.131,-7.99,-3.14
2020-01-03T06:52:13.983Z,348.0,15.1,-0.461,-7.47,-3.93
2020-01-03T06:53:53.227Z,349.0,15.8,-0.176,-7.02,-4.88
2020-01-03T06:55:32.471Z,349.0,14.2,-0.148,-6.7,-5.47
2020-01-03T06:57:11.715Z,348.0,11.7,0.62,-8.94,-2.04
2020-01-03T06:58:50.959Z,351.0,11.0,0.443,-8.85,-2.72
2020-01-03T07:00:30.203Z,351.0,11.6,0.102,-8.57,-3.47
2020-01-03T07:02:09.447Z,356.0,10.6,-0.574,-7.13,-5.95
2020-01-03T07:03:48.691Z,354.0,9.84,-0.791,-6.02,-7.27
2020-01-03T07:05:27.935Z,354.0,9.22,-0.905,-6.08,-7.45
2020-01-03T07:07:10.280Z,355.0,8.01,-1.33,-5.96,-7.8
2020-01-03T07:08:49.524Z,355.0,7.86,-1.17,-6.37,-7.38
2020-01-03T07:10:28.768Z,354.0,8.6,-1.05,-6.52,-7.16
2020-01-03T07:12:08.012Z,354.0,8.28,-0.776,-6.9,-6.55
2020-01-03T07:13:47.256Z,355.0,8.73,-0.52,-6.89,-6.41
2020-01-03T07:15:26.500Z,355.0,8.65,-0.286,-6.85,-6.41
2020-01-03T07:17:05.744Z,354.0,8.73,-0.253,-6.83,-6.33
2020-01-03T07:18:44.987Z,355.0,8.67,-0.244,-6.54,-6.7
2020-01-03T07:20:24.231Z,356.0,8.53,-1.1,-7.19,-5.7
2020-01-03T07:22:00.374Z,355.0,9.2,-0.929,-7.14,-5.7
2020-01-03T07:23:39.618Z,354.0,9.38,-0.961,-7.15,-5.73
2020-01-03T07:25:18.862Z,354.0,9.09,-1.16,-6.98,-5.77
2020-01-03T07:26:58.106Z,359.0,9.52,-1.73,-6.94,-5.57
2020-01-03T07:28:37.350Z,355.0,8.84,-1.25,-7.16,-5.44
2020-01-03T07:30:16.594Z,353.0,9.51,-0.663,-7.3,-5.51
2020-01-03T07:31:55.838Z,355.0,8.69,-0.585,-7.53,-5.38
2020-01-03T07:33:35.081Z,355.0,8.29,-0.525,-7.52,-5.42
2020-01-03T07:35:14.325Z,355.0,8.66,-0.465,-7.27,-5.67
2020-01-03T07:36:53.569Z,357.0,8.76,-0.223,-7.15,-5.73
2020-01-03T07:38:32.813Z,357.0,9.13,-0.467,-7.26,-5.5
2020-01-03T07:40:12.057Z,357.0,8.67,-0.55,-7.57,-5.06
2020-01-03T07:41:51.301Z,358.0,8.94,-0.641,-6.97,-5.79
2020-01-03T07:43:30.545Z,355.0,9.13,-0.433,-7.1,-5.6
2020-01-03T07:48:31.378Z,358.0,8.36,-0.248,-7.37,-5.32
2020-01-03T07:50:10.622Z,358.0,8.63,-0.0239,-7.1,-5.65
2020-01-03T07:51:49.866Z,359.0,8.64,-0.245,-7.11,-5.59
2020-01-03T07:53:29.110Z,357.0,8.73,-0.556,-6.98,-5.49
2020-01-03T07:55:08.354Z,359.0,9.03,-0.37,-6.63,-5.54
2020-01-03T07:56:47.598Z,358.0,9.41,-0.485,-6.97,-4.96
2020-01-03T07:58:26.842Z,357.0,9.24,-0.613,-6.9,-5.07
2020-01-03T08:00:06.086Z,358.0,9.86,-0.896,-6.53,-5.32
2020-01-03T08:01:45.330Z,359.0,9.75,-0.897,-6.59,-5.01
2020-01-03T08:03:24.574Z,359.0,10.0,-0.775,-7.1,-3.92
2020-01-03T08:05:03.818Z,359.0,10.4,-0.361,-7.11,-3.76
2020-01-03T08:06:43.062Z,359.0,10.3,-0.365,-7.42,-2.91
2020-01-03T08:08:22.305Z,355.0,10.9,0.17,-7.44,-1.14
2020-01-03T08:10:01.549Z,356.0,11.6,0.281,-7.27,1.18
2020-01-03T08:11:40.793Z,355.0,12.1,0.217,-7.26,-0.886
2020-01-03T08:13:20.037Z,361.0,11.3,-0.238,-7.56,-0.13
2020-01-03T08:14:56.180Z,361.0,11.1,0.0428,-7.54,-0.885
2020-01-03T08:16:35.424Z,360.0,11.3,-0.223,-7.3,-2.23
2020-01-03T08:18:14.668Z,361.0,10.7,-0.221,-6.69,-2.89
2020-01-03T08:19:53.912Z,360.0,11.8,0.297,-7.02,1.14
2020-01-03T08:21:33.156Z,364.0,11.3,0.215,-7.09,-0.912
2020-01-03T08:23:12.400Z,357.0,11.8,-0.0798,-6.97,-1.81
2020-01-03T08:24:51.644Z,362.0,11.1,-0.353,-6.66,-2.64
2020-01-03T08:26:30.888Z,366.0,7.52,-0.922,-3.55,-3.56
2020-01-03T08:28:10.131Z,363.0,6.46,-1.43,-1.46,-4.76
2020-01-03T08:29:49.375Z,360.0,8.67,-1.54,-2.27,-4.8
2020-01-03T08:31:28.619Z,359.0,7.38,-1.68,-2.91,-5.36
2020-01-03T08:33:07.863Z,356.0,8.4,-1.38,-3.73,-4.86
2020-01-03T08:34:47.107Z,373.0,5.12,0.0997,-1.55,-0.239
2020-01-03T08:36:26.351Z,363.0,4.11,1.16,1.48,4.5
2020-01-03T08:38:05.595Z,364.0,7.45,1.58,2.24,5.16
2020-01-03T08:39:44.839Z,360.0,7.09,1.47,2.67,4.53
2020-01-03T08:41:24.083Z,362.0,8.28,1.44,2.5,4.49
2020-01-03T08:43:03.327Z,362.0,7.04,1.27,2.54,5.21
2020-01-03T08:44:39.470Z,361.0,8.34,1.03,2.18,5.14
2020-01-03T08:46:18.713Z,364.0,7.65,1.31,2.3,5.77
2020-01-03T08:47:57.957Z,364.0,7.41,1.55,2.04,6.32
2020-01-03T08:49:37.201Z,364.0,7.64,1.44,2.09,6.32
2020-01-03T08:51:16.445Z,365.0,7.45,1.59,2.04,6.33
2020-01-03T08:52:55.689Z,366.0,7.43,1.75,2.12,6.11
2020-01-03T08:54:34.933Z,364.0,6.8,1.77,1.99,6.55
2020-01-03T08:56:14.177Z,366.0,7.32,1.82,1.74,6.58
2020-01-03T08:57:53.421Z,365.0,7.48,1.74,1.85,6.42
2020-01-03T08:59:32.665Z,361.0,7.32,0.643,-0.539,6.51
2020-01-03T09:01:11.909Z,361.0,8.74,0.564,-0.791,6.34
2020-01-03T09:02:51.153Z,360.0,9.03,0.231,-1.18,6.31
2020-01-03T09:04:30.397Z,364.0,7.5,1.52,1.72,5.98
2020-01-03T09:06:09.641Z,363.0,8.11,1.64,2.55,5.84
2020-01-03T09:07:48.885Z,363.0,8.3,1.75,2.28,5.89
2020-01-03T09:09:28.129Z,362.0,6.66,1.8,1.98,6.15
2020-01-03T09:11:07.373Z,368.0,8.66,1.37,2.86,5.26
2020-01-03T09:12:46.617Z,363.0,7.62,1.78,1.71,5.44
2020-01-03T09:14:25.861Z,366.0,7.27,2.26,0.577,5.44
2020-01-03T09:16:05.105Z,367.0,8.71,2.48,-0.732,5.24
2020-01-03T09:17:44.348Z,361.0,5.92,2.45,-1.43,5.61
2020-01-03T09:19:23.592Z,366.0,7.55,2.64,-1.56,5.82
2020-01-03T09:21:02.836Z,362.0,8.11,2.54,-0.469,5.92
2020-01-03T09:22:42.080Z,365.0,8.6,2.53,-0.25,5.51
2020-01-03T09:24:21.324Z,368.0,7.78,2.75,-0.662,5.72
2020-01-03T09:26:00.568Z,372.0,8.26,2.43,0.0471,5.63
2020-01-03T09:27:39.812Z,368.0,7.34,2.32,0.182,5.65
2020-01-03T09:29:19.056Z,369.0,8.46,2.6,0.00606,5.54
2020-01-03T09:30:58.300Z,370.0,8.8,2.5,0.0417,5.58
2020-01-03T09:32:37.544Z,370.0,8.77,2.55,0.218,5.58
2020-01-03T09:34:16.788Z,369.0,8.5,2.75,0.431,5.53
2020-01-03T09:35:56.032Z,369.0,8.84,2.41,-0.393,5.32
2020-01-03T09:37:35.276Z,364.0,8.46,2.97,-2.55,5.19
2020-01-03T09:39:14.520Z,363.0,8.66,2.62,-3.12,4.96
2020-01-03T09:40:53.764Z,360.0,8.55,1.87,-3.91,4.57
2020-01-03T09:42:33.008Z,363.0,7.63,1.76,-3.86,4.48
2020-01-03T09:44:12.252Z,362.0,7.81,1.65,-3.82,5.17
2020-01-03T09:45:51.496Z,361.0,7.86,1.27,-4.15,4.7
2020-01-03T09:47:30.740Z,361.0,7.22,1.97,-3.03,5.36
2020-01-03T09:49:09.984Z,362.0,7.54,2.09,-3.45,5.19
2020-01-03T09:50:49.228Z,362.0,7.77,2.39,-2.84,4.98
2020-01-03T09:52:28.472Z,364.0,8.2,2.83,-2.13,5.09
2020-01-03T09:54:07.715Z,364.0,7.65,2.67,-2.09,5.19
2020-01-03T09:55:46.959Z,364.0,8.68,2.47,-1.93,5.43
2020-01-03T09:57:26.203Z,363.0,8.22,2.71,-1.79,5.41
2020-01-03T09:59:05.447Z,362.0,7.71,2.37,-2.03,5.45
2020-01-03T10:00:44.691Z,358.0,9.02,2.08,-4.37,2.78
2020-01-03T10:02:23.935Z,356.0,9.5,1.66,-5.41,2.07
2020-01-03T10:04:03.179Z,360.0,7.97,1.42,-5.55,0.173
2020-01-03T10:05:42.423Z,361.0,8.59,0.942,-5.47,0.752
2020-01-03T10:07:18.566Z,360.0,7.44,0.26,-5.46,1.95
2020-01-03T10:08:57.810Z,359.0,8.84,0.375,-5.23,1.68
2020-01-03T10:10:37.054Z,358.0,8.7,0.164,-5.55,0.675
2020-01-03T10:12:16.298Z,357.0,8.36,-0.274,-5.73,-0.0988
2020-01-03T10:13:55.542Z,358.0,8.84,0.05,-4.8,1.41
2020-01-03T10:15:34.785Z,355.0,8.11,-0.277,-5.03,1.34
2020-01-03T10:17:14.029Z,357.0,8.51,-0.188,-5.27,1.3
2020-01-03T10:18:56.375Z,360.0,8.66,-0.0436,-5.86,1.3
2020-01-03T10:20:35.619Z,360.0,8.78,-0.137,-6.23,0.456
2020-01-03T10:22:14.863Z,362.0,8.95,0.654,-5.37,-0.389
2020-01-03T10:23:54.107Z,361.0,9.11,0.721,-4.45,-0.446
2020-01-03T10:25:33.351Z,362.0,8.29,-0.135,-4.05,-2.72
2020-01-03T10:27:12.595Z,362.0,8.23,0.0161,-3.72,-4.25
2020-01-03T10:28:51.839Z,359.0,7.95,-0.111,-4.0,-4.33
2020-01-03T10:30:31.083Z,360.0,7.6,-0.114,-4.44,-4.12
2020-01-03T10:32:10.326Z,359.0,5.11,-0.28,-4.76,-3.78
2020-01-03T10:33:49.570Z,356.0,6.44,-0.447,-4.75,-3.79
2020-01-03T10:35:28.814Z,360.0,6.81,-0.544,-5.02,-3.34
2020-01-03T10:37:04.957Z,357.0,5.94,-0.59,-4.91,-2.98
2020-01-03T10:38:44.201Z,362.0,6.04,-0.872,-4.94,-2.52
2020-01-03T10:40:23.445Z,358.0,7.8,-0.0424,-4.42,-4.17
2020-01-03T10:42:02.689Z,361.0,6.39,0.131,-3.95,-5.05
2020-01-03T10:43:41.933Z,359.0,7.54,0.415,-3.29,-5.36
2020-01-03T10:45:18.075Z,365.0,8.02,1.58,-2.17,-5.41
2020-01-03T10:46:57.319Z,364.0,8.07,1.54,-1.23,-5.78
2020-01-03T10:48:36.563Z,363.0,7.56,1.25,-0.696,-6.05
2020-01-03T10:50:15.807Z,363.0,7.83,1.63,-1.77,-5.75
2020-01-03T10:51:55.051Z,362.0,7.51,1.33,-2.3,-5.35
2020-01-03T10:53:34.295Z,363.0,7.89,1.24,-2.88,-4.84
2020-01-03T10:55:13.539Z,363.0,7.53,0.255,-2.25,-5.32
2020-01-03T10:56:52.783Z,362.0,6.48,-0.272,-2.15,-5.1
2020-01-03T10:58:32.027Z,361.0,7.78,-0.148,-1.3,-5.73
2020-01-03T11:00:14.372Z,360.0,6.26,-0.724,-2.35,-5.04
2020-01-03T11:01:53.616Z,358.0,7.74,-1.4,-3.03,-4.75
2020-01-03T11:03:32.860Z,359.0,7.71,-1.33,-2.91,-4.86
2020-01-03T11:06:51.348Z,358.0,6.83,-1.02,-3.65,-4.06
2020-01-03T11:08:30.592Z,357.0,8.13,-0.757,-3.77,-3.82
2020-01-03T11:10:09.836Z,359.0,8.1,-0.805,-3.99,-2.52
2020-01-03T11:11:49.080Z,361.0,8.42,-0.814,-1.22,-5.24
2020-01-03T11:13:28.324Z,361.0,7.87,-0.814,-0.851,-5.83
2020-01-03T11:15:07.568Z,359.0,7.61,-0.295,-5.02,-1.94
2020-01-03T11:16:46.812Z,361.0,6.38,-0.26,-5.09,-1.07
2020-01-03T11:18:22.955Z,363.0,8.42,0.0435,-5.05,-1.3
2020-01-03T11:20:02.199Z,365.0,7.92,-0.629,-5.05,-1.86
2020-01-03T11:21:41.443Z,364.0,7.94,-0.72,-4.96,-1.66
2020-01-03T11:23:20.687Z,364.0,8.49,-0.672,-4.95,-1.1
2020-01-03T11:24:59.931Z,364.0,8.55,0.244,-4.98,-1.25
2020-01-03T11:26:36.073Z,362.0,6.15,1.19,-5.12,-1.32
2020-01-03T11:28:15.317Z,364.0,8.09,-1.8,-3.61,-3.01
2020-01-03T11:29:54.561Z,363.0,8.38,-1.21,-3.87,-2.65
2020-01-03T11:31:33.805Z,364.0,5.69,0.308,-5.25,1.09
2020-01-03T11:33:13.049Z,363.0,3.69,0.18,-5.24,1.37
2020-01-03T11:34:52.293Z,363.0,5.8,0.489,-5.21,1.19
2020-01-03T11:36:31.537Z,360.0,6.9,0.299,-5.04,1.4
2020-01-03T11:38:10.781Z,362.0,4.57,-0.0603,-4.62,1.64
2020-01-03T11:39:50.025Z,362.0,4.0,0.248,-4.5,1.75
2020-01-03T11:41:29.269Z,357.0,6.4,-1.5,-4.85,0.857
2020-01-03T11:43:08.513Z,362.0,6.34,-1.13,-4.91,0.907
2020-01-03T11:44:47.757Z,364.0,5.33,-0.9,-4.44,1.38
2020-01-03T11:46:27.001Z,362.0,7.27,-0.8,-4.01,1.6
2020-01-03T11:48:06.245Z,362.0,8.02,-0.389,-3.53,1.92
2020-01-03T11:49:45.489Z,359.0,6.69,-0.758,-4.07,1.63
2020-01-03T11:51:24.733Z,358.0,8.11,-0.649,-4.04,2.46
2020-01-03T11:56:22.465Z,356.0,7.02,-0.864,-4.96,1.52
2020-01-03T11:58:01.708Z,359.0,8.63,-1.09,-5.35,0.814
2020-01-03T11:59:40.952Z,359.0,8.71,-0.992,-5.3,0.784
2020-01-03T12:01:20.196Z,356.0,8.89,-1.02,-5.31,0.928
2020-01-03T12:02:59.440Z,356.0,9.32,-0.766,-5.4,0.771
2020-01-03T12:04:38.684Z,355.0,8.81,-0.917,-5.33,0.436
2020-01-03T12:06:17.928Z,356.0,8.16,-0.832,-5.17,-0.00672
2020-01-03T12:07:57.172Z,355.0,9.27,-1.01,-4.95,-0.0843
2020-01-03T12:09:36.416Z,355.0,8.62,-1.05,-4.97,0.554
2020-01-03T12:11:15.660Z,356.0,8.96,-1.18,-4.93,0.622
2020-01-03T12:12:54.904Z,354.0,8.66,-1.07,-4.97,0.391
2020-01-03T12:19:31.880Z,353.0,5.02,0.138,-3.2,3.3
2020-01-03T12:21:11.124Z,358.0,5.38,0.716,-2.55,3.59
2020-01-03T12:22:50.368Z,359.0,6.63,0.33,-2.77,3.25
2020-01-03T12:24:29.612Z,357.0,6.56,1.09,-2.31,3.67
2020-01-03T12:26:08.856Z,354.0,4.31,1.58,-2.01,3.71
2020-01-03T12:27:48.100Z,358.0,4.71,1.99,-1.41,3.59
2020-01-03T12:31:06.588Z,356.0,4.48,1.63,-1.46,3.23
2020-01-03T12:32:45.832Z,357.0,7.1,1.39,-1.79,3.12
2020-01-03T12:34:25.076Z,352.0,8.18,0.502,-2.62,-1.89
2020-01-03T12:36:04.320Z,352.0,9.23,-0.0433,-1.39,-2.18
2020-01-03T12:37:40.462Z,350.0,7.4,-0.0355,-3.16,-5.02
2020-01-03T12:39:19.706Z,349.0,7.89,-0.186,-3.43,-4.85
2020-01-03T12:40:58.950Z,350.0,7.17,-0.559,-3.3,-4.65
2020-01-03T12:42:38.194Z,350.0,8.59,-0.544,-3.49,-4.32
2020-01-03T12:44:17.438Z,349.0,8.36,-0.438,-3.83,-4.35
2020-01-03T12:45:56.682Z,352.0,9.78,0.625,-4.37,-2.72
2020-01-03T12:47:35.926Z,354.0,5.76,-0.831,-0.734,-4.72
2020-01-03T12:49:15.170Z,354.0,3.62,-1.56,0.948,-4.95
2020-01-03T12:50:54.414Z,354.0,7.3,-1.9,1.34,-5.32
2020-01-03T12:52:33.658Z,351.0,8.47,-2.2,1.95,-4.98
2020-01-03T12:54:12.902Z,353.0,7.68,-1.9,1.17,-5.14
2020-01-03T12:55:52.146Z,357.0,5.05,-1.38,-1.46,-5.13
2020-01-03T12:57:31.390Z,355.0,8.09,-1.52,-1.82,-6.05
2020-01-03T12:59:10.634Z,351.0,7.25,-1.06,-3.6,-6.22
2020-01-03T13:00:49.878Z,349.0,5.52,-1.01,-3.35,-6.38
2020-01-03T13:02:29.122Z,346.0,7.38,-1.08,-3.52,-6.2
2020-01-03T13:04:08.366Z,350.0,7.72,-1.21,-3.16,-6.26
2020-01-03T13:05:47.610Z,352.0,6.52,-0.892,-3.79,-6.16
2020-01-03T13:07:26.854Z,349.0,7.49,-0.897,-3.74,-6.11
2020-01-03T13:09:06.098Z,351.0,7.97,-1.19,-4.01,-5.76
2020-01-03T13:10:45.342Z,350.0,7.15,-1.18,-4.27,-5.47
2020-01-03T13:12:24.586Z,350.0,7.08,-0.373,-4.44,-4.85
2020-01-03T13:14:03.830Z,337.0,9.41,1.26,-5.14,-2.98
2020-01-03T13:15:39.973Z,337.0,9.08,1.16,-5.32,-2.75
2020-01-03T13:17:19.217Z,337.0,6.51,1.26,-5.5,-2.79
2020-01-03T13:18:58.460Z,338.0,6.59,0.755,-5.3,-3.43
2020-01-03T13:20:37.704Z,343.0,5.98,-0.147,-4.93,-4.19
2020-01-03T13:25:35.436Z,344.0,6.66,0.499,-5.45,-3.9
2020-01-03T13:27:14.680Z,346.0,6.28,0.272,-5.22,-4.41
2020-01-03T13:28:53.924Z,350.0,8.25,0.0593,-5.46,-4.26
2020-01-03T13:30:33.168Z,352.0,5.92,-0.118,-5.32,-4.39
2020-01-03T13:32:12.412Z,355.0,6.18,0.0841,-5.18,-4.48
2020-01-03T13:33:51.656Z,349.0,7.1,0.157,-5.36,-4.68
2020-01-03T13:35:30.900Z,347.0,8.38,0.352,-5.87,-4.0
2020-01-03T13:37:10.144Z,353.0,9.41,-0.321,-6.02,-3.96
2020-01-03T13:38:49.388Z,342.0,9.31,1.7,-6.32,-1.18
2020-01-03T13:40:28.632Z,347.0,9.1,1.45,-6.16,-2.26
2020-01-03T13:42:07.876Z,343.0,8.85,1.67,-6.34,-1.86
2020-01-03T13:43:47.120Z,346.0,9.55,1.45,-6.4,-1.28
2020-01-03T13:45:23.263Z,345.0,9.17,1.39,-6.45,-1.37
2020-01-03T13:47:02.507Z,345.0,9.38,1.25,-6.38,-2.0
2020-01-03T13:48:41.751Z,343.0,8.47,1.48,-6.35,-1.94
2020-01-03T13:50:20.995Z,346.0,9.03,1.45,-6.24,-2.28
2020-01-03T13:52:00.239Z,347.0,8.87,1.44,-6.24,-2.72
2020-01-03T13:53:39.483Z,345.0,8.23,1.53,-5.94,-3.19
2020-01-03T13:55:18.727Z,342.0,7.31,1.73,-6.14,-2.7
2020-01-03T13:56:57.971Z,347.0,8.81,1.26,-6.2,-2.91
2020-01-03T13:58:37.215Z,345.0,6.14,0.958,-6.03,-3.44
2020-01-03T14:00:16.459Z,350.0,8.3,0.459,-5.9,-3.78
2020-01-03T14:01:55.703Z,353.0,8.82,0.791,-5.81,-3.31
2020-01-03T14:03:34.947Z,347.0,8.27,1.58,-6.03,-1.94
2020-01-03T14:05:14.191Z,347.0,8.36,1.03,-5.9,-2.26
2020-01-03T14:06:53.435Z,349.0,6.29,0.835,-6.59,-0.00667
2020-01-03T14:08:32.679Z,349.0,9.73,0.403,-6.21,0.76
2020-01-03T14:10:11.923Z,347.0,7.01,0.6,-6.09,0.423
2020-01-03T14:11:54.268Z,350.0,8.08,0.403,-6.01,0.712
2020-01-03T14:13:33.512Z,348.0,10.1,0.6,-6.14,0.104
2020-01-03T14:15:12.756Z,350.0,11.3,0.361,-6.01,0.596
2020-01-03T14:16:52.000Z,350.0,11.1,0.233,-6.17,0.811
2020-01-03T14:18:31.244Z,351.0,10.7,0.0856,-6.2,1.26
2020-01-03T14:20:10.488Z,352.0,11.3,0.234,-6.26,-0.305
2020-01-03T14:21:49.732Z,350.0,10.7,0.303,-6.21,-0.534
2020-01-03T14:23:28.976Z,351.0,11.1,0.0334,-6.24,-0.629
2020-01-03T14:25:08.220Z,349.0,11.0,0.971,-6.09,-1.57
2020-01-03T14:26:44.362Z,348.0,10.9,1.13,-6.04,-1.83
2020-01-03T14:28:23.606Z,350.0,11.3,0.91,-5.93,-1.96
2020-01-03T14:30:02.850Z,349.0,11.2,0.721,-5.98,-0.565
2020-01-03T14:31:42.094Z,349.0,9.51,1.08,-5.98,2.01
2020-01-03T14:33:21.338Z,349.0,10.1,1.36,-5.5,2.63
2020-01-03T14:35:00.582Z,346.0,6.13,2.25,-5.24,3.21
2020-01-03T14:36:39.826Z,349.0,8.96,1.27,-5.38,2.49
2020-01-03T14:38:19.070Z,350.0,10.3,1.29,-5.47,2.27
2020-01-03T14:39:58.314Z,349.0,6.78,1.18,-5.82,1.42
2020-01-03T14:41:37.558Z,350.0,10.8,0.97,-5.58,2.28
2020-01-03T14:43:16.802Z,351.0,10.7,1.34,-5.75,1.53
2020-01-03T14:44:56.046Z,350.0,10.4,1.26,-5.76,1.5
2020-01-03T14:46:35.290Z,351.0,11.1,1.16,-5.76,1.45
2020-01-03T14:48:14.534Z,350.0,10.7,1.55,-5.72,1.5
2020-01-03T14:49:53.778Z,351.0,11.9,1.01,-5.77,1.16
2020-01-03T14:51:33.022Z,355.0,11.8,0.0983,-5.73,-0.207
2020-01-03T14:53:15.368Z,352.0,10.9,0.0854,-5.38,-0.511
2020-01-03T14:54:54.612Z,351.0,11.9,0.498,-5.36,-0.345
2020-01-03T14:56:33.856Z,352.0,11.8,0.512,-5.52,-0.596
2020-01-03T14:58:13.099Z,351.0,9.36,0.625,-6.12,-0.592
2020-01-03T14:59:52.344Z,354.0,11.3,0.681,-6.16,0.146
2020-01-03T15:01:31.587Z,355.0,11.1,0.633,-6.1,-1.6
2020-01-03T15:03:10.832Z,355.0,10.3,0.569,-6.82,-1.09
2020-01-03T15:04:50.075Z,355.0,10.1,0.685,-7.06,0.00417
2020-01-03T15:06:29.319Z,355.0,9.84,0.804,-7.22,0.106
2020-01-03T15:08:08.563Z,354.0,7.89,0.914,-6.93,0.664
2020-01-03T15:09:47.807Z,356.0,9.54,0.0302,-6.47,2.92
2020-01-03T15:11:27.052Z,357.0,8.15,-0.635,-6.33,3.21
2020-01-03T15:13:06.295Z,358.0,7.21,-0.866,-6.19,3.33
2020-01-03T15:14:45.539Z,356.0,7.25,-0.418,-5.61,4.37
2020-01-03T15:16:24.783Z,356.0,7.74,-0.278,-5.1,4.6
2020-01-03T15:18:04.027Z,357.0,10.7,0.916,-6.18,2.49
2020-01-03T15:19:40.170Z,357.0,7.26,1.62,-6.13,2.93
2020-01-03T15:21:19.414Z,354.0,7.28,1.19,-5.95,3.36
2020-01-03T15:22:58.658Z,352.0,7.36,1.81,-5.42,4.04
2020-01-03T15:24:37.902Z,355.0,9.5,1.5,-5.84,3.37
2020-01-03T15:26:17.146Z,356.0,8.47,1.19,-6.07,3.07
2020-01-03T15:27:56.390Z,352.0,7.78,1.47,-5.86,3.24
2020-01-03T15:29:35.634Z,353.0,9.7,1.94,-4.96,3.96
2020-01-03T15:31:14.878Z,349.0,5.96,2.13,-3.81,4.77
2020-01-03T15:32:54.122Z,347.0,6.2,2.04,-3.52,4.94
2020-01-03T15:34:33.366Z,348.0,7.1,2.45,-3.62,4.78
2020-01-03T15:36:12.610Z,349.0,7.66,2.0,-3.98,4.74
2020-01-03T15:37:51.854Z,349.0,7.23,2.23,-3.9,4.67
2020-01-03T15:39:31.098Z,350.0,9.76,2.44,-4.53,4.48
2020-01-03T15:41:10.342Z,351.0,8.94,2.46,-4.78,4.56
2020-01-03T15:42:49.586Z,350.0,9.36,2.26,-4.53,4.43
2020-01-03T15:44:28.830Z,352.0,9.57,2.02,-4.6,4.78
2020-01-03T15:46:08.074Z,350.0,8.56,2.21,-4.22,5.06
2020-01-03T15:47:47.318Z,350.0,7.81,2.32,-4.95,4.12
2020-01-03T15:49:23.460Z,347.0,7.78,2.93,-4.04,4.83
2020-01-03T15:51:02.704Z,347.0,7.76,2.92,-3.48,5.34
2020-01-03T15:52:41.948Z,344.0,7.07,2.94,-2.94,5.55
2020-01-03T15:54:21.192Z,346.0,7.59,2.89,-2.88,5.89
2020-01-03T15:56:00.436Z,344.0,8.25,3.03,-2.58,5.71
2020-01-03T15:57:39.680Z,342.0,7.29,3.03,-2.45,5.56
2020-01-03T16:04:16.656Z,343.0,6.46,3.48,-1.27,5.59
2020-01-03T16:05:55.900Z,343.0,7.07,3.46,-2.15,5.36
2020-01-03T16:07:35.144Z,343.0,6.26,3.33,-2.08,5.53
2020-01-03T16:09:14.388Z,345.0,6.43,3.27,-1.55,5.65
2020-01-03T16:10:53.632Z,348.0,9.12,3.56,-2.02,5.39
2020-01-03T16:12:32.876Z,343.0,6.33,3.69,-2.03,5.23
2020-01-03T16:14:12.120Z,342.0,5.97,3.87,-2.19,5.08
2020-01-03T16:15:51.364Z,351.0,9.5,1.56,-0.913,5.7
2020-01-03T16:17:30.608Z,354.0,10.7,1.59,-1.41,5.84
2020-01-03T16:20:49.096Z,341.0,10.9,2.7,-1.87,5.03
2020-01-03T16:22:28.340Z,343.0,10.9,2.55,-1.94,5.07
2020-01-03T16:24:07.584Z,344.0,10.5,2.45,-1.88,5.23
2020-01-03T16:25:46.828Z,345.0,8.0,2.57,-1.93,5.13
2020-01-03T16:27:26.072Z,350.0,10.8,2.45,-2.09,5.14
2020-01-03T16:29:05.316Z,350.0,10.8,2.51,-1.72,5.32
2020-01-03T16:30:44.560Z,351.0,8.99,2.08,2.09,5.03
2020-01-03T16:32:23.804Z,350.0,11.4,2.37,1.81,5.06
2020-01-03T16:34:03.048Z,350.0,9.95,2.2,2.27,4.63
2020-01-03T16:35:42.292Z,350.0,11.2,2.16,1.35,4.68
2020-01-03T16:37:21.536Z,351.0,11.5,2.08,1.07,4.65
2020-01-03T16:39:00.780Z,347.0,7.22,2.32,1.12,4.85
2020-01-03T16:40:40.024Z,345.0,11.4,2.8,0.402,4.63
2020-01-03T16:42:19.268Z,349.0,11.5,1.9,1.52,4.73
2020-01-03T16:43:58.512Z,354.0,10.0,1.49,2.95,5.18
2020-01-03T16:45:37.756Z,352.0,8.87,1.54,2.84,5.15
2020-01-03T16:47:17.000Z,350.0,9.07,1.86,2.34,4.94
2020-01-03T16:48:56.244Z,352.0,10.6,2.02,2.09,4.81
2020-01-03T16:50:35.488Z,349.0,10.8,2.28,1.64,4.64
2020-01-03T16:52:14.732Z,345.0,6.87,2.5,1.31,4.57
2020-01-03T16:53:53.976Z,346.0,8.99,1.88,2.71,4.65
2020-01-03T16:55:33.220Z,347.0,8.62,1.88,3.05,4.39
2020-01-03T16:57:12.464Z,355.0,8.54,0.789,5.31,2.69
2020-01-03T16:58:51.708Z,348.0,8.45,1.43,4.68,4.1
2020-01-03T17:00:30.952Z,352.0,9.16,1.35,4.69,4.04
2020-01-03T17:02:10.196Z,351.0,9.5,1.57,4.26,4.4
2020-01-03T17:03:49.440Z,352.0,9.39,1.82,2.98,4.49
2020-01-03T17:05:28.684Z,353.0,9.41,2.03,3.02,4.74
2020-01-03T17:07:07.928Z,343.0,3.75,3.02,0.752,5.36
2020-01-03T17:08:47.172Z,342.0,5.47,3.65,0.262,6.07
2020-01-03T17:10:26.416Z,340.0,5.68,3.94,-1.09,5.85
2020-01-03T17:12:02.559Z,336.0,5.11,4.34,-2.08,5.09
2020-01-03T17:15:21.047Z,341.0,4.79,3.55,0.26,5.89
2020-01-03T17:17:00.291Z,341.0,4.53,3.59,-1.37,5.58
2020-01-03T17:18:39.535Z,358.0,8.55,2.27,2.4,5.06
2020-01-03T17:20:18.779Z,358.0,7.07,1.98,2.1,5.58
2020-01-03T17:21:58.023Z,367.0,8.53,1.75,3.82,4.68
2020-01-03T17:23:40.368Z,342.0,3.93,3.85,0.197,4.81
2020-01-03T17:25:19.612Z,338.0,4.39,3.79,-0.393,5.08
2020-01-03T17:26:58.856Z,327.0,3.79,4.58,-1.85,3.85
2020-01-03T17:28:38.100Z,330.0,4.11,4.66,-0.868,4.06
2020-01-03T17:33:35.832Z,350.0,8.6,3.53,-0.0939,5.0
2020-01-03T17:35:15.076Z,363.0,8.19,1.53,1.61,5.9
2020-01-03T17:36:54.320Z,363.0,7.33,1.58,1.81,5.95
2020-01-03T17:38:33.564Z,354.0,5.61,2.45,0.444,5.81
2020-01-03T17:40:12.808Z,343.0,4.85,3.37,-1.52,5.08
2020-01-03T17:41:48.951Z,346.0,5.13,3.25,-2.01,4.83
2020-01-03T17:43:28.195Z,343.0,3.38,3.21,-2.31,4.76
2020-01-03T17:45:07.439Z,348.0,4.21,2.93,-3.04,4.5
2020-01-03T17:46:46.683Z,347.0,4.17,3.04,-3.14,4.25
2020-01-03T17:48:25.927Z,344.0,3.91,2.67,-3.58,2.98
2020-01-03T17:50:02.070Z,365.0,9.76,0.842,-4.39,2.81
2020-01-03T17:51:41.314Z,366.0,9.15,1.39,-1.94,4.66
2020-01-03T17:53:20.558Z,354.0,8.33,1.85,-3.63,1.86
2020-01-03T17:54:59.802Z,354.0,9.09,1.72,-3.93,0.717
2020-01-03T17:56:39.046Z,358.0,9.85,-0.173,-3.52,-1.4
2020-01-03T17:58:18.290Z,363.0,9.2,-2.1,-3.37,-4.13
2020-01-03T17:59:57.534Z,365.0,9.07,-1.86,-3.25,-2.98
2020-01-03T18:01:36.778Z,358.0,8.11,-1.56,-4.18,-2.58
2020-01-03T18:03:16.022Z,353.0,8.58,2.05,-1.95,3.89
2020-01-03T18:04:58.367Z,354.0,7.41,2.31,-1.8,3.9
2020-01-03T18:06:37.611Z,361.0,6.54,0.917,-2.81,3.23
2020-01-03T18:08:16.855Z,362.0,9.64,0.534,-2.74,3.57
2020-01-03T18:09:56.099Z,356.0,6.94,1.27,-3.78,1.88
2020-01-03T18:11:35.343Z,359.0,10.0,1.68,-3.49,-1.77
2020-01-03T18:13:14.587Z,361.0,10.4,1.12,-3.08,-1.31
2020-01-03T18:14:53.831Z,357.0,9.4,1.88,-3.73,-1.53
2020-01-03T18:16:33.075Z,342.0,5.61,2.62,-3.33,0.345
2020-01-03T18:18:12.319Z,343.0,5.16,2.57,-3.11,0.923
2020-01-03T18:19:51.563Z,337.0,3.41,3.03,-2.34,0.874
2020-01-03T18:21:30.807Z,349.0,7.98,2.57,-2.9,0.227
2020-01-03T18:23:06.950Z,358.0,9.45,1.72,-3.6,-1.22
2020-01-03T18:24:46.194Z,357.0,10.2,1.61,-4.13,-2.14
2020-01-03T18:26:25.438Z,362.0,8.31,1.26,-4.37,-3.75
2020-01-03T18:28:04.682Z,363.0,8.3,1.22,-4.18,-3.9
2020-01-03T18:29:43.926Z,358.0,9.53,0.892,-3.65,-3.14
2020-01-03T18:31:20.068Z,366.0,8.07,-0.365,-4.7,-2.78
2020-01-03T18:32:59.312Z,366.0,7.24,0.279,-4.38,-4.08
2020-01-03T18:34:38.556Z,368.0,6.68,-0.769,-3.05,-4.32
2020-01-03T18:36:17.800Z,365.0,7.96,0.33,-2.69,-3.02
2020-01-03T18:37:57.044Z,346.0,8.67,2.51,-2.91,0.732
2020-01-03T18:39:36.288Z,356.0,8.29,1.46,1.57,4.49
2020-01-03T18:41:15.532Z,355.0,7.25,1.96,2.1,5.85
2020-01-03T18:42:54.776Z,352.0,7.6,2.12,1.83,6.0
2020-01-03T18:44:34.020Z,353.0,7.49,1.85,1.8,6.04
2020-01-03T18:46:13.264Z,345.0,6.26,2.82,2.08,5.23
2020-01-03T18:47:52.508Z,346.0,6.23,2.41,1.76,5.5
2020-01-03T18:49:31.752Z,348.0,4.73,1.94,2.03,5.69
2020-01-03T18:51:10.996Z,353.0,4.29,1.7,1.25,5.97
2020-01-03T18:52:50.240Z,343.0,2.38,1.71,1.29,5.75
2020-01-03T18:54:29.484Z,343.0,5.12,2.26,-1.38,3.99
2020-01-03T18:56:08.728Z,350.0,8.36,2.62,0.542,5.11
2020-01-03T18:57:47.972Z,353.0,8.05,2.46,-0.141,5.32
2020-01-03T18:59:27.216Z,348.0,7.18,2.66,-0.35,5.32
2020-01-03T19:01:06.460Z,352.0,7.76,2.57,-0.188,4.96
2020-01-03T19:02:45.705Z,351.0,7.48,2.26,-0.285,4.94
2020-01-03T19:04:24.948Z,340.0,5.38,3.1,-0.846,4.61
2020-01-03T19:06:04.193Z,346.0,4.65,3.3,-2.48,4.68
2020-01-03T19:07:43.436Z,351.0,6.84,3.66,-2.96,4.44
2020-01-03T19:09:22.681Z,351.0,6.75,3.71,-2.36,4.83
2020-01-03T19:11:01.925Z,349.0,7.06,2.96,-3.98,4.02
2020-01-03T19:12:41.169Z,351.0,6.8,2.7,-4.09,3.47
2020-01-03T19:14:20.413Z,349.0,7.31,3.46,-3.32,3.81
2020-01-03T19:15:59.657Z,351.0,6.55,2.89,-4.2,3.02
2020-01-03T19:17:38.901Z,348.0,5.84,1.49,-4.66,-1.93
2020-01-03T19:20:57.389Z,372.0,4.99,-2.57,0.809,-5.44
2020-01-03T19:22:36.633Z,372.0,5.45,-2.61,-0.062,-5.93
2020-01-03T19:24:15.877Z,374.0,3.03,-2.4,-0.491,-6.98
2020-01-03T19:25:55.121Z,367.0,5.37,-2.42,-1.06,-6.97
2020-01-03T19:27:34.365Z,369.0,4.76,-2.18,-1.37,-7.04
2020-01-03T19:29:13.609Z,375.0,5.17,-3.35,1.88,-6.54
2020-01-03T19:30:52.853Z,374.0,4.26,-2.99,2.24,-6.58
2020-01-03T19:32:32.097Z,372.0,5.26,-3.58,1.06,-6.6
2020-01-03T19:34:11.341Z,376.0,4.73,-3.89,0.245,-6.54
2020-01-03T19:35:50.585Z,379.0,4.71,-4.38,-0.245,-5.88
2020-01-03T19:37:29.829Z,377.0,5.18,-4.2,0.0314,-5.87
2020-01-03T19:39:09.073Z,373.0,5.08,-4.12,0.442,-5.89
2020-01-03T19:40:48.317Z,378.0,4.99,-3.61,0.307,-6.18
2020-01-03T19:42:24.459Z,377.0,5.03,-3.75,0.053,-6.02
2020-01-03T19:44:03.703Z,377.0,4.82,-3.61,0.0286,-6.15
2020-01-03T19:45:42.947Z,376.0,5.08,-3.47,0.157,-6.27
2020-01-03T19:47:22.191Z,380.0,2.92,-2.93,1.49,-6.69
2020-01-03T19:49:01.435Z,378.0,2.76,-3.03,1.01,-6.59
2020-01-03T19:50:40.679Z,378.0,2.66,-2.4,-0.537,-7.07
2020-01-03T19:52:19.923Z,380.0,2.5,-2.35,-1.24,-7.0
2020-01-03T19:53:59.167Z,375.0,2.98,-1.9,-1.6,-6.97
2020-01-03T19:55:38.411Z,376.0,3.21,-1.77,-1.66,-6.88
2020-01-03T19:57:17.655Z,376.0,2.35,-1.59,-1.9,-6.79
2020-01-03T19:58:56.899Z,372.0,3.53,-1.58,-1.37,-7.04
2020-01-03T20:00:36.143Z,377.0,3.7,-2.15,-1.58,-7.07
2020-01-03T20:02:15.388Z,378.0,2.6,-2.26,-2.01,-7.1
2020-01-03T20:03:54.631Z,375.0,2.44,-2.03,-2.19,-7.0
2020-01-03T20:05:33.876Z,381.0,2.78,-1.47,-3.03,-6.68
2020-01-03T20:07:13.119Z,372.0,2.24,0.0511,-4.73,-5.01
2020-01-03T20:10:31.608Z,376.0,3.19,2.41,-6.27,0.0047
2020-01-03T20:12:10.852Z,377.0,5.15,2.5,-5.93,0.78
2020-01-03T20:13:50.096Z,373.0,3.44,1.95,-5.51,2.7
2020-01-03T20:15:29.340Z,371.0,2.97,2.01,-5.86,1.64
2020-01-03T20:17:08.584Z,379.0,5.23,2.2,-5.81,-0.585
2020-01-03T20:18:47.828Z,380.0,4.92,2.2,-5.86,-1.35
2020-01-03T20:20:23.970Z,380.0,5.19,1.8,-5.95,-0.95
2020-01-03T20:22:03.214Z,380.0,4.44,1.67,-5.87,-0.653
2020-01-03T20:23:42.458Z,378.0,2.88,1.77,-5.48,-2.64
2020-01-03T20:25:21.702Z,380.0,4.97,1.88,-4.88,-3.81
2020-01-03T20:27:00.946Z,377.0,4.74,1.68,-4.61,-3.85
2020-01-03T20:28:40.190Z,377.0,2.5,2.63,-5.09,1.79
2020-01-03T20:30:19.434Z,381.0,4.37,1.15,-4.55,-3.51
2020-01-03T20:31:58.678Z,378.0,3.31,1.72,-4.98,-1.65
2020-01-03T20:33:37.922Z,386.0,2.71,2.0,-5.39,-1.52
2020-01-03T20:36:56.410Z,372.0,2.82,2.7,-4.99,-1.61
2020-01-03T20:38:35.654Z,381.0,5.05,2.04,-5.19,-2.18
2020-01-03T20:40:14.898Z,382.0,5.01,1.3,-4.37,-3.88
2020-01-03T20:41:54.142Z,387.0,5.13,1.46,-4.92,-3.72
2020-01-03T20:43:33.387Z,389.0,4.61,-0.758,-2.27,-5.85
2020-01-03T20:45:12.630Z,394.0,4.15,-0.258,-3.68,-5.27
2020-01-03T20:46:51.874Z,392.0,4.68,0.238,-3.3,-5.48
2020-01-03T20:48:31.119Z,392.0,3.78,0.417,-4.22,-4.42
2020-01-03T20:50:07.261Z,395.0,3.6,0.391,-5.42,-3.48
2020-01-03T20:51:46.505Z,394.0,3.12,1.17,-4.34,-4.34
2020-01-03T20:53:25.749Z,394.0,4.41,0.949,-4.55,-4.25
2020-01-03T20:55:04.993Z,397.0,4.3,0.601,-4.19,-4.71
2020-01-03T20:56:44.237Z,398.0,4.1,0.939,-4.04,-4.66
2020-01-03T20:58:23.481Z,396.0,4.18,0.86,-4.28,-4.46
2020-01-03T21:00:02.725Z,408.0,2.24,0.301,-3.75,-4.57
2020-01-03T21:01:41.969Z,402.0,4.72,0.843,-3.52,-4.56
2020-01-03T21:03:21.213Z,411.0,3.89,0.77,-3.25,-4.21
2020-01-03T21:05:00.457Z,385.0,2.62,2.68,-5.24,-1.07
2020-01-03T21:06:39.701Z,386.0,4.23,2.87,-5.02,-1.58
2020-01-03T21:08:18.945Z,393.0,4.23,1.54,-5.04,-2.75
2020-01-03T21:09:58.189Z,395.0,4.1,0.863,-4.96,-3.33
2020-01-03T21:14:55.921Z,399.0,2.67,-0.462,-4.68,-4.22
2020-01-03T21:16:38.267Z,396.0,3.44,-1.27,-4.36,-4.56
2020-01-03T21:18:17.511Z,401.0,3.35,-1.9,-4.14,-4.63
2020-01-03T21:19:56.755Z,396.0,3.2,-2.11,-3.72,-4.64
2020-01-03T21:21:35.999Z,410.0,4.72,-3.05,-2.59,-4.76
2020-01-03T21:23:15.243Z,410.0,5.12,-1.87,-2.66,-4.29
2020-01-03T21:26:33.731Z,386.0,5.81,3.56,-3.44,1.87
2020-01-03T21:28:12.975Z,99999.9,3.93,3.93,-1.6,3.11
2020-01-03T21:29:52.219Z,378.0,3.75,3.9,-2.37,2.58
2020-01-03T21:31:28.362Z,362.0,2.67,3.68,-3.11,1.62
2020-01-03T21:33:07.606Z,374.0,1.8,4.21,-1.71,2.53
2020-01-03T21:34:46.850Z,99999.9,1.1,4.46,-0.294,2.68
2020-01-03T21:39:44.582Z,376.0,4.05,4.94,-1.52,1.54
2020-01-03T21:41:23.826Z,375.0,3.83,4.6,-1.62,1.79
2020-01-03T21:43:03.070Z,385.0,4.02,4.03,-1.47,3.0
2020-01-03T21:44:42.314Z,372.0,1.27,3.84,-2.97,1.02
2020-01-03T21:46:21.558Z,379.0,2.23,3.06,-4.05,0.35
2020-01-03T21:49:40.046Z,390.0,3.5,1.43,-4.94,-2.36
2020-01-03T21:51:19.290Z,393.0,4.52,0.912,-4.8,-2.2
2020-01-03T21:52:58.534Z,394.0,4.91,0.833,-4.64,-2.9
2020-01-03T21:54:37.778Z,396.0,4.84,0.408,-4.59,-3.05
2020-01-03T21:56:17.022Z,394.0,5.17,0.886,-5.16,-1.76
2020-01-03T21:57:59.368Z,394.0,4.8,0.878,-5.33,-1.26
2020-01-03T21:59:38.611Z,392.0,3.9,0.822,-5.47,-0.419
2020-01-03T22:01:17.856Z,394.0,4.5,1.19,-5.34,-0.508
2020-01-03T22:02:57.099Z,387.0,4.89,2.12,-4.99,-0.621
2020-01-03T22:04:36.344Z,382.0,4.64,2.65,-4.77,-0.582
2020-01-03T22:06:15.588Z,384.0,3.89,2.7,-4.65,-0.581
2020-01-03T22:07:54.832Z,386.0,5.34,2.26,-4.75,-1.11
2020-01-03T22:09:34.076Z,403.0,5.06,0.425,-3.84,-3.6
2020-01-03T22:11:13.320Z,402.0,5.0,0.617,-4.04,-3.46
2020-01-03T22:12:52.564Z,399.0,4.82,1.34,-3.53,-3.61
2020-01-03T22:14:31.808Z,396.0,4.9,1.35,-4.69,-1.68
2020-01-03T22:16:11.052Z,390.0,4.67,3.01,-3.83,1.6
2020-01-03T22:17:50.296Z,394.0,2.48,3.31,-2.39,3.12
2020-01-03T22:19:29.540Z,384.0,3.32,3.56,-2.51,2.62
2020-01-03T22:21:08.784Z,383.0,3.14,3.21,-2.35,1.95
2020-01-03T22:22:48.028Z,403.0,3.98,1.63,-4.33,-0.254
2020-01-03T22:24:24.170Z,398.0,4.84,2.24,-3.94,0.31
2020-01-03T22:26:03.414Z,390.0,4.4,3.24,-3.1,1.52
2020-01-03T22:27:42.659Z,388.0,3.74,3.2,-2.86,1.56
2020-01-03T22:29:21.903Z,395.0,5.18,2.27,-4.12,-0.758
2020-01-03T22:31:01.147Z,398.0,4.88,1.74,-4.12,-1.75
2020-01-03T22:32:40.391Z,396.0,5.01,1.96,-4.06,-1.45
2020-01-03T22:34:19.635Z,396.0,4.32,2.05,-4.05,-1.16
2020-01-03T22:35:58.879Z,393.0,3.94,2.37,-4.07,-0.191
2020-01-03T22:37:38.123Z,396.0,4.35,2.32,-3.94,0.33
2020-01-03T22:39:17.367Z,396.0,4.8,1.23,-4.05,-0.691
2020-01-03T22:40:56.611Z,393.0,5.56,1.13,-2.41,0.633
2020-01-03T22:42:35.855Z,386.0,6.5,-0.322,-2.91,-1.43
2020-01-03T22:44:15.099Z,396.0,6.46,-0.846,-2.95,-1.87
2020-01-03T22:45:54.343Z,398.0,6.27,-1.13,-3.13,-2.24
2020-01-03T22:47:33.587Z,398.0,5.75,-1.53,-3.51,-2.73
2020-01-03T22:49:12.831Z,397.0,5.8,-1.99,-2.61,-3.71
2020-01-03T22:50:52.075Z,399.0,5.99,-2.14,-2.01,-3.98
2020-01-03T22:52:31.319Z,401.0,5.78,-2.28,-1.53,-4.08
2020-01-03T22:54:07.462Z,399.0,5.26,-2.48,-1.27,-4.4
2020-01-03T22:55:46.706Z,398.0,5.32,-2.51,-1.58,-4.56
2020-01-03T22:57:25.950Z,396.0,4.97,-2.8,-1.08,-4.65
2020-01-03T22:59:05.194Z,396.0,4.79,-2.79,-0.757,-4.68
2020-01-03T23:00:44.438Z,398.0,5.32,-2.51,-0.833,-4.56
2020-01-03T23:02:23.681Z,397.0,5.21,-2.72,-1.39,-4.62
2020-01-03T23:04:02.925Z,399.0,5.25,-3.09,-1.29,-4.6
2020-01-03T23:05:42.169Z,399.0,4.91,-3.03,-0.873,-4.68
2020-01-03T23:07:21.413Z,398.0,5.3,-3.14,-0.453,-4.61
2020-01-03T23:09:00.657Z,398.0,5.09,-3.26,0.151,-4.56
2020-01-03T23:10:39.901Z,400.0,5.52,-3.3,0.812,-3.89
2020-01-03T23:12:19.145Z,399.0,5.59,-3.11,0.936,-3.72
2020-01-03T23:13:58.388Z,393.0,5.78,-2.08,1.22,-4.39
2020-01-03T23:15:37.632Z,398.0,5.31,-2.63,1.75,-3.56
2020-01-03T23:17:16.876Z,403.0,5.37,-2.96,1.31,-4.0
2020-01-03T23:18:56.120Z,403.0,5.28,-2.75,1.11,-3.96
2020-01-03T23:20:35.363Z,399.0,5.38,-2.48,0.662,-4.01
2020-01-03T23:22:14.607Z,389.0,5.58,-0.627,-0.676,-3.22
2020-01-03T23:27:12.338Z,384.0,2.36,3.21,-1.32,2.49
2020-01-03T23:28:51.582Z,381.0,2.84,3.18,-1.79,2.09
2020-01-03T23:30:30.825Z,383.0,3.76,3.17,-2.34,1.51
2020-01-03T23:32:10.069Z,392.0,2.4,2.26,-3.6,-0.306
2020-01-03T23:33:49.312Z,383.0,2.66,2.77,-3.22,0.177
2020-01-03T23:35:28.556Z,392.0,6.08,3.19,-2.27,0.683
2020-01-03T23:37:07.799Z,394.0,5.99,3.11,-2.21,0.437
2020-01-03T23:38:47.043Z,383.0,4.53,2.99,-2.32,-0.0574
2020-01-03T23:40:26.286Z,395.0,5.94,2.89,-2.16,0.0151
2020-01-03T23:42:05.530Z,392.0,5.81,2.71,-2.43,-0.105
2020-01-03T23:43:44.773Z,391.0,5.82,2.01,-3.13,-1.27
2020-01-03T23:45:24.017Z,387.0,2.7,2.12,-2.91,-1.51
2020-01-03T23:47:03.260Z,386.0,3.98,0.877,-2.09,-2.65
2020-01-03T23:48:42.503Z,409.0,6.08,-2.29,1.86,-1.7
2020-01-03T23:50:21.747Z,404.0,5.84,-2.32,1.44,-2.18
2020-01-03T23:52:00.990Z,401.0,5.85,-2.56,2.26,-2.06
2020-01-03T23:53:40.234Z,399.0,5.61,-2.63,2.57,-2.01
2020-01-03T23:55:19.477Z,401.0,5.83,-2.44,1.77,-1.44
2020-01-03T23:56:58.720Z,394.0,5.2,-2.89,2.13,-1.23
2020-01-03T23:58:37.964Z,395.0,5.92,-3.68,1.1,-0.821
2020-01-04T00:01:56.450Z,396.0,6.02,-2.45,-0.929,-1.07
2020-01-04T00:03:35.694Z,399.0,5.2,-1.72,-1.51,-3.98
2020-01-04T00:05:14.937Z,402.0,4.78,-2.01,-1.27,-4.18
2020-01-04T00:06:54.180Z,404.0,5.08,-2.91,-1.22,-3.33
2020-01-04T00:08:33.424Z,399.0,5.01,-2.28,-0.611,-4.2
2020-01-04T00:10:12.667Z,405.0,2.89,-2.22,-1.39,-3.73
2020-01-04T00:13:31.153Z,410.0,3.06,-1.73,-1.15,-3.79
2020-01-04T00:15:10.397Z,413.0,3.6,-1.3,-1.81,-3.76
2020-01-04T00:16:49.640Z,411.0,3.54,-1.18,-2.23,-3.6
2020-01-04T00:18:28.883Z,412.0,2.64,-0.353,-2.15,-2.88
2020-01-04T00:20:08.126Z,407.0,4.76,-0.03,-2.61,-2.46
2020-01-04T00:21:47.369Z,406.0,5.54,0.193,-2.51,-2.03
2020-01-04T00:23:26.613Z,406.0,5.69,-0.155,-2.44,-2.39
2020-01-04T00:25:05.856Z,410.0,5.48,-0.0577,-2.42,-2.78
2020-01-04T00:26:45.099Z,411.0,2.57,-0.249,-2.23,-2.65
2020-01-04T00:28:24.342Z,401.0,2.29,1.11,-3.6,-0.865
2020-01-04T00:30:03.585Z,397.0,4.6,1.9,-3.31,2.12
2020-01-04T00:31:42.829Z,394.0,3.48,2.58,-3.57,1.8
2020-01-04T00:33:22.072Z,396.0,4.25,2.49,-2.01,2.07
2020-01-04T00:35:01.315Z,403.0,4.02,1.94,1.05,3.29
2020-01-04T00:36:40.558Z,391.0,2.54,2.73,-1.15,3.31
2020-01-04T00:38:19.801Z,395.0,4.0,3.0,-2.52,2.71
2020-01-04T00:39:59.044Z,396.0,3.65,2.62,-1.25,3.93
2020-01-04T00:41:38.287Z,395.0,5.87,1.25,0.971,4.56
2020-01-04T00:43:17.531Z,398.0,5.77,1.6,-0.064,4.56
2020-01-04T00:44:56.774Z,397.0,5.75,1.63,-0.767,4.58
2020-01-04T00:46:32.916Z,395.0,4.85,2.16,-1.16,4.02
2020-01-04T00:48:12.159Z,393.0,4.72,2.77,-1.56,3.4
2020-01-04T00:49:51.402Z,392.0,5.95,3.03,-1.84,3.05
2020-01-04T00:51:30.645Z,393.0,3.76,3.21,-1.82,2.92
2020-01-04T00:53:09.888Z,395.0,3.93,3.32,-1.94,2.73
2020-01-04T00:54:46.030Z,390.0,4.48,3.1,-1.92,3.18
2020-01-04T00:56:25.273Z,392.0,6.07,3.09,-1.8,3.23
2020-01-04T00:58:04.516Z,390.0,5.81,3.38,-1.93,2.87
2020-01-04T00:59:43.759Z,389.0,5.6,2.91,-1.79,3.44
2020-01-04T01:01:23.002Z,392.0,5.77,2.65,-1.85,3.43
2020-01-04T01:04:41.488Z,402.0,5.78,0.484,-0.208,4.35
2020-01-04T01:06:20.731Z,397.0,4.78,0.746,-0.208,4.2
2020-01-04T01:07:59.974Z,401.0,5.46,0.27,-0.426,4.18
2020-01-04T01:09:42.319Z,401.0,5.52,-0.523,-0.262,4.36
2020-01-04T01:11:21.562Z,399.0,5.44,-0.509,-0.292,4.49
2020-01-04T01:13:00.805Z,399.0,3.98,-0.826,-0.547,4.61
2020-01-04T01:14:40.048Z,399.0,4.35,-0.786,-1.42,4.27
2020-01-04T01:16:19.291Z,405.0,4.71,-0.863,-1.62,4.17
2020-01-04T01:17:58.534Z,402.0,3.86,-0.538,-1.54,4.19
2020-01-04T01:19:37.777Z,399.0,4.09,-0.178,-1.23,4.29
2020-01-04T01:21:17.020Z,398.0,3.66,0.801,-1.08,4.09
2020-01-04T01:22:56.263Z,394.0,5.1,1.51,-1.06,3.89
2020-01-04T01:24:35.506Z,396.0,4.91,1.58,-1.05,4.08
2020-01-04T01:26:14.749Z,393.0,5.71,1.89,-0.925,4.21
2020-01-04T01:27:53.992Z,393.0,5.03,1.79,-1.75,4.18
2020-01-04T01:29:33.235Z,393.0,5.38,1.78,-1.71,4.41
2020-01-04T01:31:12.479Z,395.0,5.25,1.67,-2.04,4.43
2020-01-04T01:32:51.722Z,391.0,5.32,2.08,-2.14,4.31
2020-01-04T01:34:30.965Z,391.0,5.4,2.41,-2.14,4.14
2020-01-04T01:36:07.107Z,390.0,5.39,2.65,-2.4,3.84
2020-01-04T01:37:46.350Z,387.0,4.83,2.33,-1.59,4.31
2020-01-04T01:39:25.593Z,389.0,4.26,2.47,-1.95,4.27
2020-01-04T01:41:04.836Z,392.0,5.63,2.41,-2.76,3.85
2020-01-04T01:42:44.079Z,393.0,5.5,3.19,-2.48,3.5
2020-01-04T01:44:23.322Z,387.0,5.02,3.31,-2.86,3.09
2020-01-04T01:46:02.566Z,387.0,5.09,3.44,-3.01,2.66
2020-01-04T01:47:41.809Z,386.0,4.83,3.88,-2.44,2.76
2020-01-04T01:49:21.052Z,394.0,4.49,2.99,-4.01,2.66
2020-01-04T01:51:03.397Z,392.0,3.51,3.1,-3.86,2.71
2020-01-04T01:52:42.640Z,391.0,3.43,3.37,-3.07,3.05
2020-01-04T01:54:21.884Z,389.0,4.51,3.52,-3.44,2.63
2020-01-04T01:56:01.127Z,391.0,4.09,3.44,-3.95,2.23
2020-01-04T01:57:40.370Z,397.0,2.94,3.21,-4.36,1.31
2020-01-04T01:59:19.614Z,391.0,3.33,2.54,-3.94,2.47
2020-01-04T02:00:58.857Z,393.0,4.64,2.94,-4.1,1.8
2020-01-04T02:02:38.100Z,391.0,3.3,2.65,-4.01,1.91
2020-01-04T02:04:17.344Z,392.0,5.12,2.06,-4.79,0.282
2020-01-04T02:05:56.587Z,393.0,5.1,1.79,-4.68,1.3
2020-01-04T02:07:35.831Z,395.0,4.31,1.51,-4.78,1.17
2020-01-04T02:09:15.074Z,393.0,3.8,1.73,-4.7,1.0
2020-01-04T02:10:54.318Z,390.0,4.66,2.08,-4.54,1.22
2020-01-04T02:12:33.561Z,389.0,4.86,1.78,-4.67,1.36
2020-01-04T02:14:12.805Z,389.0,3.78,1.63,-4.87,0.947
2020-01-04T02:15:52.048Z,386.0,4.73,1.59,-4.82,0.865
2020-01-04T02:17:28.190Z,386.0,3.86,1.49,-4.79,0.602
2020-01-04T02:19:07.434Z,386.0,3.07,2.13,-4.38,0.752
2020-01-04T02:20:46.678Z,384.0,4.26,2.85,-3.96,1.09
2020-01-04T02:22:25.921Z,382.0,2.75,2.74,-3.96,1.14
2020-01-04T02:24:05.165Z,378.0,2.91,2.77,-3.82,1.22
2020-01-04T02:27:23.652Z,384.0,3.87,2.91,-3.2,1.51
2020-01-04T02:29:02.895Z,383.0,3.16,3.18,-3.0,1.13
2020-01-04T02:30:42.139Z,384.0,3.65,3.67,-1.78,1.7
2020-01-04T02:32:21.383Z,383.0,3.95,3.88,-0.577,1.86
2020-01-04T02:34:00.626Z,379.0,3.13,3.58,-0.0419,2.34
2020-01-04T02:35:39.870Z,380.0,2.37,3.19,0.0476,2.94
2020-01-04T02:37:19.114Z,379.0,3.31,3.99,-0.893,1.19
2020-01-04T02:38:58.357Z,376.0,2.49,4.01,-1.35,0.404
2020-01-04T02:40:37.601Z,380.0,3.78,4.11,-0.537,1.48
2020-01-04T02:42:16.845Z,381.0,3.59,4.15,-1.05,0.955
2020-01-04T02:43:56.088Z,381.0,2.85,4.07,-1.33,1.02
2020-01-04T02:45:35.332Z,377.0,2.82,4.03,-1.39,0.885
2020-01-04T02:47:11.474Z,379.0,2.74,4.18,-0.986,0.838
2020-01-04T02:48:50.718Z,371.0,2.2,4.35,-0.323,0.787
2020-01-04T02:50:29.962Z,369.0,1.75,4.48,-0.318,0.168
2020-01-04T02:52:09.206Z,370.0,1.86,4.39,-0.313,-0.613
2020-01-04T02:53:48.449Z,372.0,2.69,4.17,-0.591,-0.907
2020-01-04T02:55:27.693Z,375.0,2.52,3.87,-1.37,-0.869
2020-01-04T02:57:06.937Z,375.0,2.73,3.29,-2.12,-0.977
2020-01-04T02:58:46.180Z,376.0,2.95,3.19,-2.12,-1.11
2020-01-04T03:00:25.424Z,378.0,3.78,2.98,-2.41,-1.43
2020-01-04T03:02:04.668Z,379.0,3.84,2.9,-2.04,-1.87
2020-01-04T03:03:43.912Z,379.0,3.56,2.94,-2.01,-1.85
2020-01-04T03:05:23.155Z,386.0,3.41,2.49,-2.82,-0.862
2020-01-04T03:07:02.399Z,379.0,2.15,2.78,-1.86,-1.84
2020-01-04T03:08:41.643Z,379.0,2.19,2.7,-2.09,-1.64
2020-01-04T03:10:20.887Z,384.0,3.26,2.21,-2.25,-1.09
2020-01-04T03:12:00.131Z,383.0,2.14,2.34,-2.56,-0.902
2020-01-04T03:13:39.374Z,386.0,2.31,2.54,-2.88,-1.15
2020-01-04T03:16:57.862Z,387.0,1.54,2.04,-2.69,0.038
2020-01-04T03:18:37.106Z,389.0,2.16,2.08,-2.53,-0.43
2020-01-04T03:20:16.350Z,392.0,2.43,1.68,-2.44,-0.887
2020-01-04T03:21:55.593Z,390.0,4.23,2.53,-1.85,0.964
2020-01-04T03:23:34.837Z,392.0,3.34,2.99,-1.38,2.54
2020-01-04T03:25:14.081Z,397.0,4.51,3.1,-1.53,2.37
2020-01-04T03:26:53.325Z,390.0,3.99,3.15,-1.34,2.46
2020-01-04T03:28:32.569Z,394.0,3.83,3.09,-1.29,2.4
2020-01-04T03:30:11.813Z,392.0,2.31,3.03,-1.58,2.01
2020-01-04T03:33:30.300Z,391.0,2.43,3.13,-2.01,1.96
2020-01-04T03:35:09.544Z,389.0,4.03,3.12,-1.95,1.52
2020-01-04T03:36:48.788Z,389.0,3.09,3.11,-1.49,1.77
2020-01-04T03:38:28.032Z,392.0,3.06,3.38,-1.31,1.48
2020-01-04T03:40:07.276Z,389.0,3.11,3.36,-1.6,1.42
2020-01-04T03:41:46.519Z,387.0,1.74,2.58,-1.62,2.34
2020-01-04T03:50:02.739Z,390.0,3.53,3.78,-1.27,1.47
2020-01-04T03:51:41.983Z,387.0,3.44,3.76,-1.58,1.19
2020-01-04T03:53:21.226Z,388.0,3.61,3.71,-1.63,1.01
2020-01-04T03:55:00.470Z,386.0,3.95,3.62,-1.52,0.894
2020-01-04T03:56:39.714Z,385.0,3.97,3.4,-1.8,0.756
2020-01-04T03:58:18.958Z,386.0,4.44,2.98,-2.46,0.212
2020-01-04T03:59:58.202Z,377.0,2.08,3.54,-1.77,0.425
2020-01-04T04:03:16.690Z,378.0,1.96,3.44,-2.3,-0.168
2020-01-04T04:04:55.934Z,380.0,1.67,3.37,-2.58,-0.472
2020-01-04T04:06:35.178Z,381.0,1.56,3.16,-2.83,-0.649
2020-01-04T04:08:14.421Z,381.0,1.45,3.24,-2.88,-0.708
2020-01-04T04:09:50.564Z,382.0,1.58,3.32,-2.81,-0.815
2020-01-04T04:11:29.808Z,381.0,1.36,2.83,-2.75,-1.09
2020-01-04T04:13:09.052Z,394.0,2.68,2.77,-2.89,-1.15
2020-01-04T04:14:48.296Z,396.0,3.86,2.34,-2.92,-1.27
2020-01-04T04:16:27.540Z,99999.9,2.56,2.81,-2.62,-0.825
2020-01-04T04:18:06.784Z,391.0,3.07,2.83,-2.51,-1.07
2020-01-04T04:19:46.027Z,387.0,3.37,2.87,-2.45,-1.05
2020-01-04T04:21:28.373Z,99999.9,3.23,2.85,-2.34,-1.06
2020-01-04T04:23:07.617Z,398.0,4.3,2.56,-2.3,-1.33
2020-01-04T04:24:46.860Z,394.0,4.3,2.25,-2.23,-1.55
2020-01-04T04:26:26.104Z,393.0,3.58,2.12,-2.7,-1.74
2020-01-04T04:28:05.348Z,392.0,4.38,2.14,-1.58,-1.33
2020-01-04T04:29:44.592Z,395.0,3.9,2.45,-1.5,-1.24
2020-01-04T04:31:23.836Z,394.0,4.11,2.45,-1.42,-1.25
2020-01-04T04:33:03.080Z,384.0,4.72,1.51,-1.08,-1.23
2020-01-04T04:34:42.324Z,387.0,4.38,0.545,-1.5,-2.32
2020-01-04T04:36:21.568Z,387.0,4.2,1.01,-1.3,-2.39
2020-01-04T04:38:00.812Z,385.0,3.55,1.46,-1.17,-2.08
2020-01-04T04:39:36.955Z,389.0,4.41,1.82,-1.32,-0.986
2020-01-04T04:41:16.198Z,389.0,4.3,2.47,-1.09,-0.359
2020-01-04T04:42:55.442Z,391.0,4.1,2.58,-1.28,-0.0715
2020-01-04T04:44:34.686Z,388.0,4.21,3.0,-1.13,-0.0122
2020-01-04T04:46:13.930Z,389.0,4.18,3.04,-1.19,0.196
2020-01-04T04:47:50.073Z,390.0,4.19,2.89,-0.923,0.0563
2020-01-04T04:49:29.317Z,392.0,4.18,2.73,-0.668,-1.1
2020-01-04T04:51:08.561Z,394.0,3.99,2.34,-0.561,-1.38
2020-01-04T04:52:47.805Z,393.0,3.94,2.02,-0.443,-1.68
2020-01-04T04:54:27.049Z,388.0,3.92,3.03,0.305,-0.0485
2020-01-04T04:56:06.293Z,387.0,4.04,3.16,0.173,-0.0205
2020-01-04T04:57:45.537Z,388.0,4.03,3.15,-0.287,0.396
2020-01-04T04:59:24.780Z,390.0,3.69,3.03,0.132,0.00837
2020-01-04T05:01:04.024Z,386.0,3.99,2.77,0.606,-0.0046
2020-01-04T05:02:46.370Z,395.0,3.44,2.99,0.552,-0.258
2020-01-04T05:04:25.614Z,387.0,4.0,2.67,0.225,-0.103
2020-01-04T05:06:04.858Z,386.0,4.04,3.09,-0.432,-0.115
2020-01-04T05:07:44.102Z,388.0,4.18,3.11,-0.191,-0.275
2020-01-04T05:09:23.346Z,388.0,4.05,3.11,-0.359,-0.411
2020-01-04T05:11:02.589Z,388.0,4.01,3.03,-0.363,-0.506
2020-01-04T05:12:41.833Z,391.0,4.16,2.33,-1.3,-0.811
2020-01-04T05:14:21.077Z,385.0,4.11,1.21,-2.42,-0.624
2020-01-04T05:16:00.321Z,378.0,4.09,2.33,-1.5,-0.986
2020-01-04T05:17:39.565Z,377.0,4.26,2.22,-1.61,-0.66
2020-01-04T05:19:18.809Z,378.0,4.39,2.32,-1.62,-0.229
2020-01-04T05:20:54.952Z,377.0,4.4,1.82,-1.8,-0.309
2020-01-04T05:22:34.196Z,387.0,3.32,0.811,-2.63,-1.35
2020-01-04T05:24:13.440Z,384.0,3.73,1.69,-2.58,-0.563
2020-01-04T05:25:52.684Z,381.0,4.27,2.02,-2.41,-0.133
2020-01-04T05:27:31.928Z,380.0,4.1,1.93,-2.42,-0.259
2020-01-04T05:30:47.314Z,363.0,3.97,1.47,-2.63,-0.372
2020-01-04T05:32:26.558Z,381.0,2.66,1.25,-2.74,-0.323
2020-01-04T05:34:05.802Z,382.0,3.6,1.54,-2.56,0.199
2020-01-04T05:35:45.046Z,376.0,2.49,2.19,-2.56,-0.888
2020-01-04T05:37:24.290Z,385.0,4.2,2.44,-0.765,-1.75
2020-01-04T05:39:03.534Z,385.0,4.35,2.5,-1.55,-0.905
2020-01-04T05:40:42.778Z,382.0,4.31,2.5,-1.4,-0.673
2020-01-04T05:42:22.022Z,377.0,3.08,2.25,-1.67,-0.456
2020-01-04T05:44:01.266Z,386.0,4.21,2.19,-1.66,-0.158
2020-01-04T05:45:40.510Z,387.0,4.05,1.85,-1.94,0.107
2020-01-04T05:47:19.754Z,388.0,4.28,1.93,-1.82,-0.0224
2020-01-04T05:48:58.998Z,387.0,4.15,2.18,-1.47,-0.0786
2020-01-04T05:50:38.242Z,387.0,4.22,2.28,-1.19,0.312
2020-01-04T05:52:17.486Z,384.0,3.64,2.35,-1.28,0.261
2020-01-04T05:53:56.730Z,388.0,4.28,2.18,-1.16,0.406
2020-01-04T05:55:35.974Z,388.0,4.27,2.19,-1.08,0.171
2020-01-04T05:57:15.218Z,388.0,2.64,1.73,-1.11,1.55
2020-01-04T05:58:54.462Z,387.0,3.84,1.84,-1.05,1.73
2020-01-04T06:00:33.706Z,388.0,3.27,1.84,-0.926,1.73
2020-01-04T06:02:12.950Z,99999.9,2.68,1.63,-0.599,1.8
2020-01-04T06:03:52.194Z,388.0,3.85,1.76,-0.495,1.75
2020-01-04T06:05:31.438Z,391.0,3.86,2.25,-0.421,1.78
2020-01-04T06:07:10.682Z,388.0,3.03,2.16,-0.317,1.78
2020-01-04T06:08:49.926Z,388.0,3.29,2.12,-0.107,1.74
2020-01-04T06:10:29.170Z,387.0,2.78,1.99,0.0277,1.74
2020-01-04T06:12:08.414Z,384.0,2.73,2.08,0.0141,1.49
2020-01-04T06:13:47.658Z,385.0,3.01,2.08,0.0697,1.39
2020-01-04T06:15:26.902Z,386.0,3.49,2.11,0.234,1.4
2020-01-04T06:17:06.146Z,386.0,2.96,2.16,0.371,1.49
2020-01-04T06:18:45.390Z,391.0,3.37,2.02,0.622,1.54
2020-01-04T06:20:24.634Z,387.0,3.4,2.17,0.914,1.14
2020-01-04T06:22:03.878Z,391.0,3.37,2.08,0.964,1.22
2020-01-04T06:23:43.122Z,383.0,2.77,2.35,0.966,0.416
2020-01-04T06:25:22.366Z,99999.9,2.49,2.47,0.758,0.18
2020-01-04T06:27:01.610Z,388.0,3.69,2.38,1.03,0.564
2020-01-04T06:28:40.854Z,389.0,3.63,2.32,1.03,0.454
2020-01-04T06:30:20.098Z,391.0,2.0,2.32,1.02,0.633
2020-01-04T06:31:59.342Z,387.0,2.48,2.44,1.14,0.578
2020-01-04T06:33:38.586Z,387.0,3.3,2.38,1.34,0.224
2020-01-04T06:35:17.830Z,387.0,3.41,2.35,1.38,0.0945
2020-01-04T06:36:57.074Z,387.0,2.94,2.25,1.43,0.37
2020-01-04T06:38:36.318Z,393.0,3.84,1.9,1.69,0.658
2020-01-04T06:40:12.461Z,394.0,3.85,1.52,2.0,0.922
2020-01-04T06:41:51.705Z,388.0,2.33,2.03,1.65,0.533
2020-01-04T06:43:30.949Z,388.0,3.87,2.01,1.74,0.952
2020-01-04T06:45:10.193Z,388.0,3.25,1.98,1.73,1.02
2020-01-04T06:46:49.437Z,387.0,2.74,1.99,1.67,1.06
2020-01-04T06:48:28.681Z,389.0,2.32,1.67,2.23,0.841
2020-01-04T06:50:07.925Z,389.0,3.09,1.39,2.19,1.43
2020-01-04T06:51:47.169Z,392.0,3.89,1.03,2.22,1.67
2020-01-04T06:53:26.413Z,389.0,3.77,2.06,1.92,0.7
2020-01-04T06:56:44.901Z,389.0,3.86,2.63,0.704,-1.55
2020-01-04T06:58:24.145Z,388.0,3.91,1.79,-0.0578,-2.39
2020-01-04T07:00:03.389Z,383.0,3.51,1.34,-0.849,-2.57
2020-01-04T07:01:42.633Z,383.0,3.67,1.39,-0.701,-2.62
2020-01-04T07:03:21.877Z,382.0,3.59,2.0,-0.409,-2.22
2020-01-04T07:05:01.121Z,382.0,3.74,2.47,0.092,-1.68
2020-01-04T07:06:40.365Z,384.0,3.78,2.5,0.442,-1.46
2020-01-04T07:08:19.609Z,383.0,3.69,2.27,1.33,-0.857
2020-01-04T07:09:58.853Z,382.0,3.84,2.12,1.25,-1.1
2020-01-04T07:11:38.097Z,383.0,3.79,2.19,1.29,-1.13
2020-01-04T07:13:17.341Z,380.0,3.64,2.05,1.16,-1.17
2020-01-04T07:14:56.585Z,384.0,4.03,2.35,1.22,-1.06
2020-01-04T07:16:35.829Z,394.0,3.15,2.76,2.06,-0.861
2020-01-04T07:18:11.972Z,392.0,3.0,2.75,1.94,-0.778
2020-01-04T07:19:51.216Z,368.0,2.69,2.13,0.489,-0.75
2020-01-04T07:21:30.460Z,385.0,3.75,2.49,0.175,-1.3
2020-01-04T07:23:09.704Z,385.0,3.61,2.52,-0.48,-1.66
2020-01-04T07:24:48.948Z,386.0,3.69,2.26,-0.57,-1.38
2020-01-04T07:26:28.192Z,388.0,3.62,2.3,-0.417,-1.26
2020-01-04T07:28:07.436Z,387.0,3.57,2.03,-0.44,-1.26
2020-01-04T07:29:46.680Z,387.0,3.88,1.46,-1.06,-1.64
2020-01-04T07:31:25.924Z,385.0,3.92,1.53,-1.16,-1.51
2020-01-04T07:33:05.168Z,387.0,3.76,1.72,-1.36,-1.15
2020-01-04T07:34:44.412Z,384.0,3.92,1.62,-1.46,-0.96
2020-01-04T07:36:23.656Z,384.0,3.91,1.49,-1.81,-0.722
2020-01-04T07:38:02.900Z,386.0,3.66,1.69,-1.94,-0.526
2020-01-04T07:39:42.144Z,384.0,3.73,0.709,-2.32,0.0713
2020-01-04T07:41:21.388Z,384.0,3.5,0.689,-2.24,-0.467
2020-01-04T07:43:00.632Z,383.0,3.92,0.774,-1.82,-0.66
2020-01-04T07:44:39.876Z,385.0,3.95,0.731,-1.62,-0.522
2020-01-04T07:46:19.120Z,385.0,3.92,0.669,-1.74,-0.614
2020-01-04T07:47:55.263Z,382.0,3.75,-0.0018,-1.93,0.933
2020-01-04T07:49:34.507Z,385.0,3.11,0.0728,-2.64,0.369
2020-01-04T07:51:13.751Z,388.0,3.64,0.178,-2.08,0.373
2020-01-04T07:52:52.995Z,386.0,3.85,0.351,-1.86,0.126
2020-01-04T07:54:32.239Z,387.0,3.86,0.305,-1.91,-0.0411
2020-01-04T07:56:11.483Z,387.0,4.12,0.323,-1.44,-0.345
2020-01-04T07:57:50.727Z,392.0,4.11,-0.00171,-1.55,-1.17
2020-01-04T07:59:29.971Z,386.0,3.74,0.277,-1.19,-1.81
2020-01-04T08:01:09.215Z,389.0,3.69,0.163,-0.633,-2.13
2020-01-04T08:02:48.459Z,392.0,3.91,-0.144,-0.166,-2.38
2020-01-04T08:04:27.703Z,387.0,4.06,0.708,-1.64,-1.34
2020-01-04T08:06:06.947Z,389.0,3.98,-0.114,-2.51,0.00174
2020-01-04T08:07:46.191Z,394.0,3.27,-0.528,-2.38,1.22
2020-01-04T08:09:25.435Z,396.0,2.89,-0.473,-2.24,1.46
2020-01-04T08:11:04.679Z,392.0,2.77,-0.406,-2.51,0.617
2020-01-04T08:12:43.923Z,391.0,3.74,-0.0447,-2.22,0.427
2020-01-04T08:14:26.269Z,389.0,3.14,0.393,-2.48,0.00666
2020-01-04T08:16:05.513Z,395.0,2.98,-0.0883,-2.53,-1.04
2020-01-04T08:17:44.757Z,394.0,3.21,-0.097,-2.47,-0.96
2020-01-04T08:19:24.001Z,395.0,3.0,-0.413,-2.04,-0.516
2020-01-04T08:22:42.489Z,374.0,3.63,1.67,0.158,-1.37
2020-01-04T08:24:21.733Z,393.0,3.05,0.572,-1.52,-1.35
2020-01-04T08:26:00.977Z,386.0,3.25,1.22,-1.13,-1.24
2020-01-04T08:27:40.221Z,368.0,2.19,1.76,-1.03,-1.46
2020-01-04T08:29:16.364Z,380.0,3.67,1.83,-1.55,-0.645
2020-01-04T08:30:55.608Z,369.0,2.5,1.99,-1.2,-1.14
2020-01-04T08:32:34.852Z,383.0,4.01,1.44,-1.15,-1.47
2020-01-04T08:34:14.096Z,385.0,3.88,1.54,-0.869,-1.82
2020-01-04T08:35:53.340Z,384.0,1.81,1.74,-0.703,-1.86
2020-01-04T08:37:32.584Z,395.0,3.33,0.112,-1.97,-1.03
2020-01-04T08:39:11.828Z,401.0,3.49,-0.547,-2.31,-0.881
2020-01-04T08:40:51.072Z,396.0,2.18,-0.155,-1.81,-1.55
2020-01-04T08:42:30.316Z,398.0,1.58,0.00201,-2.0,-0.58
2020-01-04T08:44:09.560Z,398.0,1.73,-0.184,-1.88,0.818
2020-01-04T08:45:48.804Z,401.0,3.42,-0.43,-1.79,0.901
2020-01-04T08:47:28.048Z,399.0,3.7,-0.111,-2.09,0.124
2020-01-04T08:49:07.292Z,398.0,3.92,0.044,-2.26,-0.405
2020-01-04T08:50:46.536Z,390.0,3.06,1.02,-1.39,-0.492
2020-01-04T08:52:25.781Z,369.0,2.19,1.5,-0.893,-0.797
2020-01-04T08:54:05.024Z,382.0,3.71,1.19,-1.5,-0.382
2020-01-04T08:55:47.370Z,384.0,3.66,0.738,-1.79,-0.27
2020-01-04T09:00:45.102Z,393.0,1.61,0.347,-1.99,-1.26
2020-01-04T09:02:24.346Z,389.0,3.36,0.676,-1.58,-2.2
2020-01-04T09:05:42.834Z,397.0,2.69,-0.278,-3.71,1.6
2020-01-04T09:07:22.078Z,397.0,2.31,-0.155,-3.9,1.38
2020-01-04T09:09:01.322Z,396.0,2.44,-0.0656,-4.14,1.02
2020-01-04T09:10:40.566Z,396.0,2.74,-0.0327,-4.27,0.648
2020-01-04T09:12:19.810Z,392.0,1.91,0.233,-4.31,0.273
2020-01-04T09:13:59.054Z,393.0,2.08,0.206,-4.3,0.2
2020-01-04T09:15:38.298Z,394.0,2.01,0.211,-4.26,-0.0919
2020-01-04T09:17:17.542Z,395.0,2.09,0.146,-4.27,0.00612
2020-01-04T09:18:56.787Z,396.0,2.52,0.386,-4.26,-0.39
2020-01-04T09:20:36.031Z,394.0,2.51,0.78,-4.21,-0.62
2020-01-04T09:22:12.173Z,393.0,2.6,0.969,-4.12,-0.882
2020-01-04T09:23:51.417Z,394.0,1.7,0.947,-3.88,-0.898
2020-01-04T09:25:30.661Z,406.0,2.9,0.212,-3.38,-1.21
2020-01-04T09:27:09.905Z,403.0,3.6,0.506,-3.54,-1.1
2020-01-04T09:28:49.149Z,390.0,1.78,1.22,-3.24,-1.72
2020-01-04T09:30:28.393Z,397.0,2.66,0.17,-3.55,-1.22
2020-01-04T09:32:07.638Z,397.0,2.89,0.158,-3.66,-1.27
2020-01-04T09:33:46.882Z,394.0,2.63,0.339,-3.61,-1.42
2020-01-04T09:35:26.126Z,398.0,3.13,0.829,-3.08,-2.04
2020-01-04T09:38:44.614Z,400.0,3.72,0.237,-3.88,-1.02
2020-01-04T09:40:23.858Z,403.0,2.95,0.203,-3.85,-0.787
2020-01-04T09:42:03.102Z,385.0,1.79,1.18,-3.39,-1.64
2020-01-04T09:43:42.346Z,397.0,2.79,0.735,-3.7,-0.886
2020-01-04T09:45:21.590Z,398.0,4.59,0.19,-3.77,-0.635
2020-01-04T09:47:00.834Z,393.0,3.14,0.945,-3.83,-0.575
2020-01-04T09:48:40.078Z,390.0,2.89,1.21,-3.73,-0.342
2020-01-04T09:50:19.322Z,385.0,2.63,1.08,-3.73,0.347
2020-01-04T09:51:55.465Z,396.0,3.28,0.0641,-3.94,0.494
2020-01-04T09:53:34.709Z,394.0,3.41,0.337,-3.93,0.0843
2020-01-04T09:55:13.953Z,394.0,3.02,0.174,-3.2,-2.26
2020-01-04T09:56:53.197Z,387.0,1.66,0.862,-3.32,-2.25
2020-01-04T09:58:32.441Z,392.0,3.29,0.683,-3.15,-2.55
2020-01-04T10:00:11.685Z,389.0,3.36,0.828,-3.44,-2.04
2020-01-04T10:01:50.929Z,390.0,3.23,0.529,-3.47,-2.05
2020-01-04T10:03:30.173Z,384.0,3.14,1.27,-3.53,-1.76
2020-01-04T10:05:09.417Z,386.0,2.04,0.996,-3.39,-2.1
2020-01-04T10:06:48.661Z,388.0,3.0,0.762,-3.51,-1.33
2020-01-04T10:08:27.905Z,392.0,3.78,0.362,-3.61,-1.6
2020-01-04T10:10:07.149Z,385.0,1.89,0.649,-3.72,-1.22
2020-01-04T10:11:46.393Z,396.0,3.37,0.379,-3.68,-1.44
2020-01-04T10:13:25.637Z,389.0,2.58,0.331,-3.76,-1.53
2020-01-04T10:15:04.882Z,394.0,2.0,-0.392,-3.66,-1.88
2020-01-04T10:16:44.126Z,396.0,2.82,-0.345,-3.72,-1.84
2020-01-04T10:18:23.370Z,396.0,2.43,-0.16,-3.4,-2.29
2020-01-04T10:20:02.614Z,394.0,3.67,-0.283,-3.54,-2.03
2020-01-04T10:21:41.858Z,394.0,3.48,-0.407,-3.79,-1.75
2020-01-04T10:23:21.102Z,397.0,2.77,-0.925,-3.83,-1.55
2020-01-04T10:26:39.590Z,385.0,2.52,1.66,-3.01,-2.69
2020-01-04T10:28:18.834Z,387.0,2.12,2.41,-2.45,-2.87
2020-01-04T10:29:58.078Z,383.0,2.32,2.13,-2.52,-2.89
2020-01-04T10:31:37.322Z,386.0,2.95,1.99,-2.75,-2.85
2020-01-04T10:33:16.566Z,386.0,3.0,2.06,-2.87,-2.78
2020-01-04T10:34:55.810Z,382.0,1.87,2.15,-2.86,-2.76
2020-01-04T10:36:35.054Z,386.0,1.84,1.8,-3.13,-2.71
2020-01-04T10:38:14.298Z,383.0,2.34,1.74,-3.14,-2.67
2020-01-04T10:39:53.542Z,383.0,2.89,1.84,-3.01,-2.73
2020-01-04T10:41:32.787Z,383.0,3.03,2.04,-2.84,-2.74
2020-01-04T10:43:12.031Z,382.0,2.97,1.49,-3.68,-2.06
2020-01-04T10:44:51.275Z,380.0,2.61,1.66,-3.34,-2.46
2020-01-04T10:46:30.519Z,384.0,2.46,1.74,-3.32,-2.55
2020-01-04T10:48:09.763Z,388.0,3.4,1.28,-3.72,-1.94
2020-01-04T10:49:49.007Z,386.0,3.12,1.32,-3.8,-1.81
2020-01-04T10:51:28.251Z,387.0,3.22,1.44,-3.71,-2.03
2020-01-04T10:53:07.495Z,385.0,3.2,1.62,-3.58,-2.2
2020-01-04T10:54:46.739Z,384.0,2.97,1.74,-3.57,-2.23
2020-01-04T10:56:25.983Z,385.0,3.2,1.72,-3.48,-2.36
2020-01-04T10:58:05.227Z,383.0,3.15,1.73,-3.44,-2.4
2020-01-04T10:59:44.471Z,386.0,3.29,1.44,-3.49,-2.48
2020-01-04T11:01:23.715Z,386.0,3.21,1.44,-3.51,-2.41
2020-01-04T11:03:02.959Z,382.0,3.3,1.63,-3.43,-2.4
2020-01-04T11:04:42.203Z,389.0,2.49,1.72,-3.37,-2.39
2020-01-04T11:06:21.447Z,384.0,2.61,1.81,-3.34,-2.42
2020-01-04T11:08:00.692Z,384.0,2.7,1.72,-3.42,-2.39
2020-01-04T11:09:39.936Z,384.0,3.25,1.74,-3.44,-2.26
2020-01-04T11:11:19.180Z,383.0,3.44,1.66,-3.45,-2.19
2020-01-04T11:12:58.424Z,385.0,3.32,1.81,-3.48,-2.19
2020-01-04T11:14:34.566Z,386.0,3.32,1.7,-3.51,-2.09
2020-01-04T11:16:13.810Z,385.0,3.56,1.26,-3.75,-1.77
2020-01-04T11:17:53.055Z,384.0,3.69,1.22,-3.8,-1.65
2020-01-04T11:19:32.299Z,385.0,3.66,1.06,-3.88,-1.47
2020-01-04T11:21:11.543Z,386.0,3.79,0.807,-3.98,-1.35
2020-01-04T11:22:50.787Z,384.0,3.63,0.705,-4.05,-1.31
2020-01-04T11:24:30.031Z,384.0,3.65,0.773,-4.05,-1.2
2020-01-04T11:26:12.376Z,384.0,3.74,0.88,-3.98,-1.26
2020-01-04T11:27:51.620Z,384.0,3.75,0.956,-3.96,-1.26
2020-01-04T11:29:30.864Z,384.0,3.68,0.961,-4.0,-1.09
2020-01-04T11:31:10.108Z,383.0,3.27,0.99,-4.01,-0.876
2020-01-04T11:32:49.353Z,385.0,3.63,0.959,-4.03,-0.911
2020-01-04T11:34:28.597Z,384.0,3.99,0.964,-3.99,-0.979
2020-01-04T11:36:07.841Z,386.0,3.7,0.355,-3.95,-1.6
2020-01-04T11:37:47.085Z,386.0,3.65,0.078,-3.95,-1.76
2020-01-04T11:39:26.329Z,385.0,3.72,0.193,-3.98,-1.74
2020-01-04T11:41:05.573Z,386.0,3.13,0.189,-4.01,-1.77
2020-01-04T11:42:44.817Z,386.0,3.65,0.145,-3.92,-1.82
2020-01-04T11:44:20.960Z,385.0,3.7,0.273,-3.81,-2.01
2020-01-04T11:46:00.204Z,386.0,3.59,0.319,-3.81,-2.01
2020-01-04T11:47:39.448Z,387.0,3.68,-0.108,-3.86,-1.88
2020-01-04T11:49:18.692Z,390.0,3.59,-0.724,-3.98,-1.8
2020-01-04T11:50:57.936Z,388.0,3.63,-0.555,-4.03,-1.85
2020-01-04T11:52:34.079Z,389.0,3.51,-0.512,-4.03,-1.87
2020-01-04T11:54:13.323Z,388.0,3.62,-0.538,-4.03,-1.84
2020-01-04T11:55:52.567Z,391.0,3.68,-0.786,-3.87,-2.11
2020-01-04T11:57:31.811Z,395.0,3.83,-1.02,-3.92,-1.99
2020-01-04T11:59:11.055Z,392.0,3.72,-0.837,-3.98,-2.02
2020-01-04T12:00:50.299Z,391.0,3.67,-0.635,-4.01,-2.02
2020-01-04T12:02:29.543Z,392.0,4.04,-0.639,-3.94,-2.1
2020-01-04T12:04:08.787Z,391.0,4.09,-0.599,-4.08,-1.98
2020-01-04T12:05:48.031Z,390.0,3.68,-0.463,-4.15,-1.99
2020-01-04T12:07:30.377Z,392.0,3.96,-0.314,-4.04,-2.2
2020-01-04T12:09:09.621Z,392.0,3.72,-0.361,-3.86,-2.51
2020-01-04T12:10:48.865Z,393.0,4.04,-0.531,-4.06,-2.16
2020-01-04T12:12:28.109Z,394.0,4.03,-0.573,-4.01,-2.35
2020-01-04T12:14:07.353Z,393.0,4.26,-0.79,-3.97,-2.39
2020-01-04T12:15:46.597Z,394.0,4.12,-1.38,-3.99,-2.16
2020-01-04T12:17:25.841Z,398.0,4.42,-1.12,-4.02,-1.95
2020-01-04T12:19:05.085Z,400.0,5.24,-1.75,-3.79,-1.62
2020-01-04T12:20:44.329Z,410.0,4.31,-2.97,-3.23,-1.2
2020-01-04T12:22:23.573Z,410.0,2.96,-2.28,-3.36,-2.08
2020-01-04T12:24:02.817Z,402.0,4.78,-2.6,-3.12,-2.09
2020-01-04T12:25:38.960Z,405.0,4.82,-2.66,-2.99,-2.3
2020-01-04T12:27:18.204Z,407.0,4.58,-2.71,-2.6,-2.63
2020-01-04T12:28:57.448Z,388.0,3.8,-0.867,-4.19,-2.2
2020-01-04T12:30:36.692Z,395.0,3.97,-0.491,-4.21,-2.21
2020-01-04T12:32:15.936Z,390.0,4.32,0.233,-4.34,-1.87
2020-01-04T12:33:52.079Z,387.0,2.88,0.0181,-4.36,-2.27
2020-01-04T12:35:31.323Z,391.0,4.07,-0.375,-4.31,-2.75
2020-01-04T12:37:10.567Z,397.0,4.93,-0.179,-4.44,-2.45
2020-01-04T12:38:49.811Z,399.0,4.06,0.0278,-4.64,-2.44
2020-01-04T12:40:29.055Z,395.0,3.74,0.183,-4.63,-2.62
2020-01-04T12:42:08.300Z,394.0,3.9,-0.136,-4.83,-2.74
2020-01-04T12:43:47.544Z,392.0,3.69,-0.0686,-4.94,-2.67
2020-01-04T12:45:26.788Z,401.0,4.33,-1.11,-4.08,-3.54
2020-01-04T12:47:06.032Z,402.0,4.07,-1.23,-4.06,-3.61
2020-01-04T12:48:45.276Z,399.0,4.4,-1.13,-4.35,-3.25
2020-01-04T12:50:24.520Z,398.0,4.69,-1.18,-4.69,-2.75
2020-01-04T12:52:03.764Z,396.0,4.46,-0.96,-4.67,-2.91
2020-01-04T12:53:43.008Z,395.0,4.61,-1.25,-4.89,-2.14
2020-01-04T12:55:22.252Z,397.0,4.4,-0.886,-4.59,-2.99
2020-01-04T12:57:01.496Z,394.0,4.3,-0.753,-4.6,-3.03
2020-01-04T12:58:40.740Z,390.0,5.06,-0.421,-4.66,-2.99
2020-01-04T13:00:19.984Z,395.0,6.06,-0.849,-3.98,-3.74
2020-01-04T13:01:59.228Z,405.0,5.34,-1.7,-4.41,-2.89
2020-01-04T13:03:38.473Z,398.0,4.98,-1.24,-4.59,-2.95
2020-01-04T13:05:17.717Z,399.0,5.0,-1.17,-4.96,-2.34
2020-01-04T13:06:56.961Z,401.0,4.95,-1.23,-5.19,-1.7
2020-01-04T13:08:36.205Z,396.0,4.31,-1.07,-5.4,-0.59
2020-01-04T13:10:15.449Z,400.0,3.62,-1.44,-5.5,0.65
2020-01-04T13:11:54.693Z,399.0,4.44,-1.25,-5.54,-0.134
2020-01-04T13:13:33.937Z,397.0,4.5,-0.963,-5.59,-1.07
2020-01-04T13:15:13.181Z,398.0,4.76,-0.772,-5.56,-1.08
2020-01-04T13:16:52.425Z,395.0,4.46,-0.779,-5.42,-1.38
2020-01-04T13:18:31.669Z,395.0,4.89,-0.895,-5.37,-1.79
2020-01-04T13:20:10.913Z,397.0,4.7,-0.897,-5.49,-1.52
2020-01-04T13:21:50.157Z,396.0,4.42,-0.842,-5.56,-1.47
2020-01-04T13:23:29.401Z,396.0,4.36,-0.649,-5.7,-0.997
2020-01-04T13:25:08.646Z,395.0,4.72,-0.814,-5.58,-1.15
2020-01-04T13:26:47.890Z,395.0,4.91,-0.999,-5.42,-1.49
2020-01-04T13:28:27.134Z,397.0,4.45,-0.942,-5.23,-1.92
2020-01-04T13:30:06.378Z,389.0,5.22,0.203,-4.53,-3.3
2020-01-04T13:31:45.622Z,391.0,4.02,0.0533,-4.68,-3.43
2020-01-04T13:33:24.866Z,389.0,4.68,0.126,-4.61,-3.7
2020-01-04T13:35:04.110Z,390.0,4.83,-0.0168,-4.59,-3.7
2020-01-04T13:36:43.354Z,392.0,4.17,-0.165,-4.15,-4.33
2020-01-04T13:38:22.598Z,390.0,4.04,0.176,-4.51,-3.99
2020-01-04T13:40:01.842Z,384.0,4.03,0.571,-4.87,-3.52
2020-01-04T13:41:41.086Z,380.0,4.24,0.994,-5.35,-2.62
2020-01-04T13:43:20.330Z,387.0,4.4,0.333,-5.14,-3.35
2020-01-04T13:48:14.961Z,386.0,4.43,0.596,-5.16,-3.58
2020-01-04T13:49:54.205Z,389.0,4.36,0.25,-5.24,-3.55
2020-01-04T13:51:33.449Z,386.0,4.36,0.594,-5.4,-3.36
2020-01-04T13:53:12.693Z,383.0,4.64,0.953,-5.45,-3.14
2020-01-04T13:54:51.937Z,385.0,4.64,0.704,-5.6,-2.91
2020-01-04T13:56:31.182Z,391.0,4.65,0.221,-5.36,-3.45
2020-01-04T13:58:10.426Z,391.0,4.71,0.157,-5.32,-3.6
2020-01-04T13:59:49.670Z,390.0,4.52,0.138,-5.26,-3.91
2020-01-04T14:01:28.914Z,392.0,4.2,-0.178,-5.09,-4.21
2020-01-04T14:03:08.158Z,393.0,5.1,-0.153,-5.35,-3.74
2020-01-04T14:04:47.402Z,398.0,4.12,-0.259,-5.44,-3.38
2020-01-04T14:06:26.646Z,393.0,4.43,-0.0579,-5.6,-3.49
2020-01-04T14:08:05.890Z,394.0,4.23,-0.34,-5.46,-3.75
2020-01-04T14:09:45.134Z,381.0,4.5,1.58,-5.82,-2.29
2020-01-04T14:11:24.378Z,383.0,4.9,1.2,-5.81,-2.47
2020-01-04T14:13:03.622Z,386.0,5.47,0.835,-5.84,-2.57
2020-01-04T14:14:42.867Z,390.0,5.11,0.387,-5.74,-2.92
2020-01-04T14:16:22.111Z,388.0,3.43,0.153,-5.87,-2.58
2020-01-04T14:18:01.355Z,405.0,5.86,-0.705,-4.19,-4.79
2020-01-04T14:19:40.599Z,402.0,5.22,-0.63,-4.62,-4.43
2020-01-04T14:21:19.843Z,399.0,5.18,-0.462,-5.0,-4.16
2020-01-04T14:22:59.087Z,396.0,5.03,-0.232,-5.22,-3.98
2020-01-04T14:24:38.331Z,396.0,4.77,-0.2,-5.45,-3.76
2020-01-04T14:26:17.575Z,396.0,5.06,-0.229,-5.5,-3.54
2020-01-04T14:27:56.819Z,396.0,5.11,-0.306,-5.45,-3.63
2020-01-04T14:29:36.063Z,397.0,4.66,-0.142,-5.2,-4.18
2020-01-04T14:31:15.307Z,397.0,5.4,0.325,-5.23,-3.86
2020-01-04T14:34:33.796Z,392.0,4.84,-0.16,-5.01,-4.9
2020-01-04T14:36:13.040Z,395.0,4.53,-0.392,-4.68,-5.48
2020-01-04T14:37:52.284Z,391.0,5.0,0.53,-5.85,-3.27
2020-01-04T14:39:31.528Z,386.0,4.21,0.256,-5.99,-3.49
2020-01-04T14:41:10.772Z,390.0,4.16,0.166,-5.99,-4.07
2020-01-04T14:42:50.016Z,391.0,3.91,0.243,-5.8,-4.39
2020-01-04T14:44:29.260Z,387.0,3.82,0.414,-5.65,-4.61
2020-01-04T14:46:08.504Z,387.0,4.1,0.505,-6.03,-4.04
2020-01-04T14:47:47.748Z,390.0,3.66,0.148,-5.81,-4.46
2020-01-04T14:49:26.992Z,388.0,4.14,-0.0152,-5.75,-4.54
2020-01-04T14:52:45.480Z,386.0,3.81,0.385,-6.08,-4.05
2020-01-04T14:54:24.725Z,383.0,3.62,0.451,-6.41,-3.58
2020-01-04T14:56:00.867Z,385.0,3.87,0.316,-6.44,-3.48
2020-01-04T14:57:40.111Z,386.0,3.99,0.358,-6.33,-3.77
2020-01-04T14:59:19.355Z,384.0,4.4,0.412,-6.25,-3.88
2020-01-04T15:00:58.600Z,383.0,4.4,0.467,-6.15,-4.01
2020-01-04T15:02:37.844Z,384.0,4.15,0.375,-6.2,-4.0
2020-01-04T15:04:13.986Z,386.0,4.06,0.142,-6.16,-4.08
2020-01-04T15:05:53.230Z,387.0,4.15,0.131,-6.29,-3.97
2020-01-04T15:07:32.475Z,388.0,3.93,0.079,-6.27,-4.07
2020-01-04T15:09:11.719Z,390.0,3.89,0.0185,-6.32,-4.07
2020-01-04T15:10:50.963Z,389.0,4.27,0.0501,-6.38,-3.9
2020-01-04T15:12:30.207Z,392.0,4.02,-0.167,-6.2,-4.23
2020-01-04T15:14:09.451Z,393.0,3.7,-0.242,-6.27,-4.32
2020-01-04T15:15:48.695Z,393.0,3.81,-0.27,-6.32,-4.24
2020-01-04T15:17:27.939Z,395.0,3.83,-0.452,-6.18,-4.42
2020-01-04T15:19:10.285Z,396.0,4.01,-0.354,-6.24,-4.34
2020-01-04T15:20:49.529Z,392.0,4.58,-0.308,-6.24,-4.29
2020-01-04T15:22:28.773Z,394.0,3.96,-0.234,-6.36,-4.17
2020-01-04T15:24:08.017Z,393.0,4.05,-0.0201,-6.51,-4.05
2020-01-04T15:25:47.261Z,392.0,4.12,0.107,-6.54,-3.97
2020-01-04T15:27:26.505Z,391.0,3.49,0.124,-6.69,-3.91
2020-01-04T15:29:05.749Z,389.0,3.42,0.199,-6.76,-3.85
2020-01-04T15:30:44.993Z,390.0,3.88,-0.00694,-6.65,-3.88
2020-01-04T15:32:24.237Z,389.0,3.93,0.0786,-6.63,-3.87
2020-01-04T15:34:03.481Z,388.0,4.6,-0.145,-6.47,-3.94
2020-01-04T15:35:42.726Z,389.0,4.22,-0.209,-6.48,-4.1
2020-01-04T15:37:21.970Z,388.0,4.21,-0.0558,-6.42,-4.11
2020-01-04T15:39:01.214Z,388.0,5.15,-0.0981,-6.41,-3.88
2020-01-04T15:40:40.458Z,389.0,5.04,-0.488,-6.48,-3.78
2020-01-04T15:42:19.702Z,389.0,4.51,-0.424,-6.53,-3.73
2020-01-04T15:43:58.946Z,386.0,4.67,-0.182,-6.55,-3.76
2020-01-04T15:45:35.089Z,386.0,5.57,-0.173,-6.43,-3.74
2020-01-04T15:47:14.333Z,387.0,5.61,-0.196,-6.48,-3.75
2020-01-04T15:48:53.577Z,387.0,5.65,-0.135,-6.52,-3.7
2020-01-04T15:50:32.821Z,388.0,5.88,-0.159,-6.44,-3.64
2020-01-04T15:52:12.065Z,388.0,3.83,0.249,-6.36,-4.37
2020-01-04T15:53:51.309Z,387.0,5.03,0.148,-6.4,-4.06
2020-01-04T15:55:30.553Z,386.0,4.99,0.219,-6.41,-3.76
2020-01-04T15:57:09.797Z,385.0,4.99,0.348,-6.73,-3.29
2020-01-04T15:58:49.041Z,388.0,6.36,0.0999,-6.52,-3.32
2020-01-04T16:00:31.387Z,386.0,5.24,0.306,-6.75,-3.12
2020-01-04T16:02:10.631Z,386.0,4.31,0.194,-6.18,-4.72
2020-01-04T16:03:49.875Z,384.0,4.29,0.334,-6.32,-4.47
2020-01-04T16:05:29.119Z,385.0,4.23,0.46,-6.28,-4.59
2020-01-04T16:07:08.363Z,386.0,4.09,0.305,-6.3,-4.59
2020-01-04T16:08:47.607Z,385.0,3.95,0.455,-6.02,-4.84
2020-01-04T16:10:26.851Z,383.0,4.44,0.585,-5.95,-4.89
2020-01-04T16:12:06.096Z,386.0,4.83,0.283,-5.9,-4.98
2020-01-04T16:13:45.340Z,386.0,4.54,0.217,-5.69,-5.21
2020-01-04T16:15:24.584Z,383.0,5.05,0.423,-5.72,-5.17
2020-01-04T16:17:03.828Z,383.0,4.81,0.221,-6.0,-4.86
2020-01-04T16:18:43.072Z,387.0,5.1,0.0308,-5.43,-5.51
2020-01-04T16:20:22.316Z,386.0,4.58,-0.3,-6.76,-3.62
2020-01-04T16:22:01.560Z,389.0,3.64,-0.691,-7.39,-2.53
2020-01-04T16:23:40.804Z,389.0,3.52,-0.727,-7.46,-2.18
2020-01-04T16:25:20.048Z,389.0,3.91,-0.646,-7.44,-2.11
2020-01-04T16:26:56.191Z,389.0,4.17,-0.656,-7.34,-2.09
2020-01-04T16:28:35.435Z,390.0,3.97,-0.69,-7.46,-1.77
2020-01-04T16:30:14.679Z,389.0,3.93,-0.716,-7.44,-1.83
2020-01-04T16:31:53.923Z,388.0,4.13,-0.658,-7.45,-1.76
2020-01-04T16:33:33.167Z,388.0,3.93,-0.544,-7.43,-2.07
2020-01-04T16:35:12.412Z,388.0,3.81,-0.566,-7.42,-2.0
2020-01-04T16:36:51.656Z,389.0,4.18,-0.664,-7.38,-1.91
2020-01-04T16:38:30.900Z,387.0,3.89,-0.521,-7.19,-2.56
2020-01-04T16:40:10.144Z,392.0,3.99,-0.758,-7.27,-2.32
2020-01-04T16:41:49.388Z,387.0,3.92,-0.312,-7.3,-2.35
2020-01-04T16:43:28.632Z,388.0,4.19,-0.416,-7.3,-2.33
2020-01-04T16:45:07.876Z,388.0,4.01,-0.561,-7.32,-2.24
2020-01-04T16:46:47.120Z,388.0,4.04,-0.614,-7.34,-2.11
2020-01-04T16:48:26.364Z,388.0,4.26,-0.577,-7.39,-1.97
2020-01-04T16:50:05.608Z,389.0,4.03,-0.623,-7.34,-2.2
2020-01-04T16:51:44.853Z,387.0,3.99,-0.334,-7.27,-2.41
2020-01-04T16:53:24.097Z,385.0,4.09,-0.301,-7.31,-2.22
2020-01-04T16:55:03.341Z,386.0,4.07,-0.37,-7.36,-2.05
2020-01-04T16:56:39.483Z,385.0,4.15,-0.262,-7.3,-2.35
2020-01-04T16:58:18.728Z,384.0,4.19,-0.276,-7.41,-1.83
2020-01-04T16:59:57.972Z,383.0,4.16,-0.0531,-7.35,-2.14
2020-01-04T17:01:37.216Z,378.0,4.08,0.199,-7.28,-2.25
2020-01-04T17:03:16.460Z,381.0,4.09,-0.00371,-7.42,-1.65
2020-01-04T17:04:55.704Z,379.0,4.25,0.159,-7.44,-1.42
2020-01-04T17:06:34.948Z,379.0,4.15,-0.148,-7.34,-2.03
2020-01-04T17:08:14.192Z,386.0,4.1,-0.514,-7.26,-2.33
2020-01-04T17:09:53.436Z,382.0,3.98,-0.308,-7.28,-2.54
2020-01-04T17:11:32.680Z,380.0,3.96,-0.268,-7.32,-2.56
2020-01-04T17:13:11.924Z,381.0,3.75,-0.305,-7.3,-2.6
2020-01-04T17:14:51.168Z,382.0,4.02,-0.359,-7.22,-2.74
2020-01-04T17:16:30.413Z,380.0,4.12,-0.102,-7.24,-2.51
2020-01-04T17:18:09.657Z,388.0,4.3,-0.925,-7.01,-3.11
2020-01-04T17:19:48.901Z,384.0,4.76,-0.52,-7.09,-3.01
2020-01-04T17:21:28.145Z,383.0,4.11,-0.41,-7.39,-2.2
2020-01-04T17:23:07.389Z,385.0,4.13,-0.542,-7.27,-2.5
2020-01-04T17:24:46.633Z,383.0,4.18,-0.245,-7.42,-1.98
2020-01-04T17:26:25.877Z,379.0,4.14,-0.0432,-7.34,-2.33
2020-01-04T17:28:05.121Z,385.0,4.19,-0.512,-7.39,-2.01
2020-01-04T17:29:44.365Z,386.0,4.03,-0.572,-7.43,-1.83
2020-01-04T17:31:23.610Z,384.0,4.29,-0.458,-7.31,-2.34
2020-01-04T17:33:02.854Z,387.0,3.95,-0.654,-7.43,-1.85
2020-01-04T17:34:42.098Z,384.0,4.21,-0.309,-7.4,-2.03
2020-01-04T17:36:21.342Z,385.0,4.35,-0.536,-7.43,-2.08
2020-01-04T17:38:00.586Z,384.0,4.49,-0.758,-7.48,-1.83
2020-01-04T17:39:39.830Z,392.0,4.29,-1.3,-7.37,-1.95
2020-01-04T17:41:19.074Z,391.0,4.02,-1.19,-7.34,-2.14
2020-01-04T17:42:58.318Z,387.0,4.16,-0.898,-7.43,-2.07
2020-01-04T17:44:37.562Z,390.0,4.27,-1.1,-7.39,-2.12
2020-01-04T17:46:16.806Z,390.0,4.4,-1.2,-7.41,-1.98
2020-01-04T17:47:56.051Z,391.0,4.29,-1.26,-7.44,-1.82
2020-01-04T17:49:35.295Z,387.0,4.04,-0.91,-7.48,-1.87
2020-01-04T17:52:53.783Z,391.0,4.1,-0.996,-7.51,-1.59
2020-01-04T17:54:33.027Z,386.0,4.38,-0.751,-7.52,-1.72
2020-01-04T17:56:12.271Z,387.0,4.98,-1.48,-7.35,-1.79
2020-01-04T17:57:51.515Z,387.0,4.67,-1.46,-7.2,-2.45
2020-01-04T17:59:30.759Z,391.0,3.99,-0.959,-7.3,-2.43
2020-01-04T18:01:10.003Z,392.0,4.19,-0.228,-7.5,-1.85
2020-01-04T18:02:49.247Z,368.0,3.64,0.759,-7.64,-1.37
2020-01-04T18:04:28.492Z,375.0,4.08,0.151,-7.56,-1.95
2020-01-04T18:06:07.736Z,378.0,4.41,-0.0395,-7.54,-2.03
2020-01-04T18:07:46.980Z,378.0,3.99,0.0368,-7.53,-2.01
2020-01-04T18:09:26.224Z,369.0,4.47,0.597,-7.58,-1.75
2020-01-04T18:11:05.468Z,372.0,4.35,0.402,-7.5,-2.12
2020-01-04T18:12:44.712Z,371.0,4.14,0.677,-7.49,-2.07
2020-01-04T18:14:23.956Z,374.0,4.83,0.193,-7.54,-2.05
2020-01-04T18:16:03.200Z,382.0,4.33,-0.211,-7.53,-2.18
2020-01-04T18:17:42.444Z,382.0,4.12,-0.307,-7.49,-2.33
2020-01-04T18:19:18.587Z,374.0,4.75,0.0729,-7.58,-2.02
2020-01-04T18:20:57.831Z,377.0,4.45,-0.0578,-7.59,-2.02
2020-01-04T18:22:37.075Z,377.0,4.39,-0.0393,-7.61,-1.98
2020-01-04T18:24:16.319Z,375.0,3.76,0.0147,-7.6,-2.05
2020-01-04T18:25:55.563Z,378.0,3.98,-0.39,-7.47,-2.45
2020-01-04T18:27:34.808Z,380.0,4.51,-0.272,-7.41,-2.69
2020-01-04T18:29:14.052Z,377.0,4.37,0.236,-7.5,-2.39
2020-01-04T18:30:56.397Z,370.0,4.25,1.35,-7.55,-2.13
2020-01-04T18:32:35.641Z,372.0,4.23,1.07,-7.48,-2.47
2020-01-04T18:34:14.885Z,371.0,4.24,1.08,-7.49,-2.5
2020-01-04T18:35:54.130Z,372.0,4.21,0.926,-7.47,-2.57
2020-01-04T18:37:33.374Z,375.0,4.17,1.05,-7.57,-2.3
2020-01-04T18:39:12.618Z,376.0,4.2,0.791,-7.61,-2.18
2020-01-04T18:40:51.862Z,374.0,3.85,0.28,-7.59,-2.45
2020-01-04T18:42:31.106Z,378.0,4.23,-0.156,-7.53,-2.71
2020-01-04T18:44:10.350Z,376.0,4.23,-0.0528,-7.57,-2.67
2020-01-04T18:45:49.594Z,378.0,4.34,-0.281,-7.51,-2.83
2020-01-04T18:47:28.838Z,379.0,4.04,-0.524,-7.52,-2.78
2020-01-04T18:49:11.184Z,379.0,3.35,0.0779,-7.56,-2.64
2020-01-04T18:50:50.428Z,369.0,4.08,0.468,-7.73,-2.17
2020-01-04T18:52:29.672Z,382.0,4.1,-0.788,-7.67,-2.45
2020-01-04T18:54:08.916Z,375.0,4.29,0.038,-7.8,-2.1
2020-01-04T18:55:48.160Z,373.0,3.7,0.133,-7.75,-2.29
2020-01-04T18:57:27.404Z,368.0,4.06,0.627,-7.71,-2.37
2020-01-04T18:59:06.648Z,361.0,3.52,0.965,-7.67,-2.26
2020-01-04T19:00:45.892Z,366.0,4.65,0.66,-7.76,-2.12
2020-01-04T19:02:25.137Z,364.0,4.46,0.743,-7.69,-2.29
2020-01-04T19:04:01.279Z,361.0,3.88,1.28,-7.81,-1.5
2020-01-04T19:05:40.523Z,364.0,3.29,0.839,-7.68,-2.3
2020-01-04T19:07:19.768Z,368.0,4.92,0.483,-7.92,-1.67
2020-01-04T19:08:59.012Z,369.0,4.57,0.186,-7.89,-1.88
2020-01-04T19:10:38.256Z,374.0,4.52,-0.305,-7.68,-2.64
2020-01-04T19:12:17.500Z,377.0,4.59,-0.457,-7.57,-2.92
2020-01-04T19:13:56.744Z,379.0,4.1,-0.669,-7.45,-3.21
2020-01-04T19:15:35.988Z,374.0,4.57,-0.151,-7.4,-3.35
2020-01-04T19:17:15.232Z,364.0,4.6,0.709,-7.37,-3.36
2020-01-04T19:18:54.476Z,366.0,4.01,0.583,-7.67,-2.62
2020-01-04T19:20:33.720Z,373.0,4.63,0.0326,-7.64,-2.77
2020-01-04T19:23:52.209Z,363.0,4.03,0.832,-7.82,-2.28
2020-01-04T19:25:31.453Z,359.0,4.39,1.06,-7.87,-2.03
2020-01-04T19:27:10.697Z,354.0,4.11,1.34,-7.84,-2.01
2020-01-04T19:28:49.941Z,357.0,4.7,1.13,-7.95,-1.71
2020-01-04T19:30:29.185Z,356.0,4.15,1.4,-7.95,-1.36
2020-01-04T19:32:08.429Z,351.0,4.45,1.67,-7.86,-1.65
2020-01-04T19:33:47.673Z,355.0,4.59,1.4,-7.89,-1.75
2020-01-04T19:35:26.918Z,346.0,4.4,1.58,-7.75,-1.87
2020-01-04T19:37:06.162Z,361.0,4.5,-0.00502,-7.43,-3.35
2020-01-04T19:38:45.406Z,361.0,4.34,1.23,-7.5,-3.01
2020-01-04T19:40:24.650Z,365.0,4.2,0.25,-8.05,-1.31
2020-01-04T19:42:00.793Z,352.0,3.4,0.842,-7.81,-2.14
2020-01-04T19:43:40.037Z,358.0,4.42,0.699,-7.95,-1.85
2020-01-04T19:45:19.281Z,358.0,4.45,0.705,-7.98,-1.87
2020-01-04T19:46:58.525Z,358.0,3.91,0.633,-8.02,-1.68
2020-01-04T19:48:37.769Z,358.0,4.46,0.723,-7.93,-1.83
2020-01-04T19:50:17.013Z,361.0,4.79,0.289,-8.09,-1.09
2020-01-04T19:51:56.257Z,365.0,3.19,0.159,-8.04,-1.53
2020-01-04T19:53:35.501Z,360.0,4.31,0.489,-7.84,-2.4
2020-01-04T19:55:14.745Z,357.0,4.57,0.717,-7.73,-2.73
2020-01-04T19:56:53.990Z,363.0,4.55,-0.103,-7.9,-2.41
2020-01-04T19:58:33.234Z,365.0,4.76,-0.3,-7.77,-2.82
2020-01-04T20:00:12.478Z,370.0,4.95,-0.611,-7.36,-3.58
2020-01-04T20:01:51.722Z,366.0,4.89,-0.0504,-7.56,-3.19
2020-01-04T20:03:30.966Z,365.0,4.53,0.199,-7.76,-2.71
2020-01-04T20:05:10.210Z,354.0,4.38,1.69,-7.96,-0.997
2020-01-04T20:08:28.698Z,351.0,4.68,2.04,-7.96,-0.545
2020-01-04T20:10:07.943Z,348.0,4.66,1.87,-8.0,-0.477
2020-01-04T20:11:44.085Z,342.0,4.63,2.36,-7.88,-0.413
2020-01-04T20:13:23.329Z,348.0,4.49,2.17,-7.88,-0.968
2020-01-04T20:15:02.574Z,352.0,4.97,1.52,-7.98,-1.46
2020-01-04T20:16:41.818Z,348.0,4.31,1.94,-8.0,-0.755
2020-01-04T20:18:21.062Z,351.0,4.4,1.67,-8.02,-1.04
2020-01-04T20:19:57.205Z,355.0,4.38,1.25,-8.04,-1.4
2020-01-04T20:21:36.449Z,360.0,4.28,0.895,-8.08,-1.52
2020-01-04T20:23:15.693Z,356.0,4.72,1.17,-7.98,-1.76
2020-01-04T20:24:54.937Z,352.0,4.41,1.38,-7.99,-1.55
2020-01-04T20:26:34.181Z,358.0,4.48,1.03,-7.96,-1.92
2020-01-04T20:28:13.425Z,351.0,4.3,1.57,-7.88,-1.9
2020-01-04T20:29:52.669Z,348.0,4.87,1.59,-7.85,-1.97
2020-01-04T20:31:31.913Z,356.0,4.26,1.1,-7.98,-1.77
2020-01-04T20:33:11.157Z,357.0,4.67,0.887,-8.05,-1.55
2020-01-04T20:34:50.402Z,353.0,4.7,1.06,-7.97,-1.88
2020-01-04T20:36:29.646Z,353.0,3.96,1.52,-7.89,-1.85
2020-01-04T20:38:08.890Z,351.0,4.66,1.42,-7.89,-2.05
2020-01-04T20:39:48.134Z,355.0,4.83,1.56,-7.86,-2.11
2020-01-04T20:41:27.378Z,349.0,4.4,1.9,-7.9,-1.72
2020-01-04T20:43:06.622Z,348.0,4.37,2.07,-7.8,-1.72
2020-01-04T20:44:45.866Z,342.0,5.19,2.53,-7.07,-3.02
2020-01-04T20:46:25.110Z,344.0,4.75,2.47,-7.56,-2.1
2020-01-04T20:48:04.355Z,345.0,4.83,2.6,-7.45,-2.07
2020-01-04T20:49:40.497Z,344.0,4.75,2.79,-7.44,-1.83
2020-01-04T20:51:19.741Z,343.0,4.31,2.58,-7.39,-2.22
2020-01-04T20:52:58.986Z,346.0,5.36,2.5,-7.37,-2.54
2020-01-04T20:54:38.230Z,347.0,5.72,2.2,-7.47,-2.13
2020-01-04T20:56:17.474Z,346.0,5.75,2.14,-7.61,-1.75
2020-01-04T20:57:56.718Z,348.0,5.45,2.1,-7.65,-1.44
2020-01-04T20:59:35.962Z,349.0,5.49,1.94,-7.73,-1.39
2020-01-04T21:01:15.206Z,349.0,4.92,2.1,-7.68,-1.6
2020-01-04T21:02:54.450Z,348.0,5.0,2.26,-7.62,-1.6
2020-01-04T21:04:33.694Z,347.0,5.49,2.32,-7.63,-1.61
2020-01-04T21:06:12.938Z,347.0,5.23,2.31,-7.69,-1.52
2020-01-04T21:07:52.183Z,348.0,4.12,2.12,-7.9,-1.38
2020-01-04T21:09:31.427Z,346.0,4.96,2.31,-7.75,-1.34
2020-01-04T21:11:10.671Z,348.0,4.73,2.0,-7.89,-1.11
2020-01-04T21:12:49.915Z,348.0,4.93,2.0,-7.87,-1.14
2020-01-04T21:14:29.159Z,346.0,4.92,2.1,-7.86,-1.28
2020-01-04T21:16:08.403Z,347.0,4.46,2.15,-7.91,-1.27
2020-01-04T21:17:47.647Z,346.0,4.43,2.11,-7.97,-1.42
2020-01-04T21:19:26.891Z,347.0,4.45,2.12,-7.95,-1.42
2020-01-04T21:21:06.136Z,349.0,4.31,2.12,-7.95,-1.45
2020-01-04T21:22:45.380Z,345.0,4.68,2.45,-7.89,-1.18
2020-01-04T21:24:24.624Z,344.0,4.69,2.5,-7.84,-1.09
2020-01-04T21:26:03.868Z,345.0,4.36,2.39,-7.98,-1.3
2020-01-04T21:27:43.112Z,344.0,4.42,2.48,-7.94,-1.05
2020-01-04T21:29:22.356Z,348.0,4.85,1.96,-7.93,-1.93
2020-01-04T21:31:01.600Z,350.0,6.28,1.71,-7.62,-2.41
2020-01-04T21:32:40.845Z,349.0,6.61,1.85,-7.72,-2.06
2020-01-04T21:34:20.089Z,350.0,4.5,2.01,-8.08,-1.42
2020-01-04T21:35:59.333Z,347.0,4.59,2.23,-8.08,-1.27
2020-01-04T21:37:38.577Z,350.0,4.7,1.8,-8.08,-1.76
2020-01-04T21:39:17.821Z,353.0,4.76,1.58,-8.13,-1.68
2020-01-04T21:40:57.065Z,352.0,4.71,1.76,-8.2,-1.51
2020-01-04T21:42:36.309Z,348.0,4.43,1.78,-8.24,-1.4
2020-01-04T21:44:15.553Z,352.0,4.94,1.52,-8.3,-1.29
2020-01-04T21:45:54.797Z,348.0,4.87,1.85,-8.33,-1.32
2020-01-04T21:47:34.042Z,353.0,4.84,1.5,-8.33,-1.65
2020-01-04T21:49:13.286Z,353.0,4.75,1.52,-8.36,-1.64
2020-01-04T21:50:52.530Z,354.0,4.83,1.45,-8.38,-1.7
2020-01-04T21:52:31.774Z,352.0,4.6,1.65,-8.49,-1.28
2020-01-04T21:54:11.018Z,352.0,4.69,2.02,-8.3,-1.67
2020-01-04T21:55:50.262Z,346.0,5.41,2.41,-8.13,-1.75
2020-01-04T21:57:29.506Z,347.0,5.15,2.22,-8.27,-1.34
2020-01-04T21:59:08.750Z,347.0,5.06,2.24,-8.34,-1.29
2020-01-04T22:02:24.137Z,351.0,4.98,2.06,-8.57,-0.659
2020-01-04T22:04:03.381Z,353.0,4.88,1.54,-8.67,-0.71
2020-01-04T22:05:42.626Z,354.0,5.79,1.54,-8.69,-0.812
2020-01-04T22:07:21.870Z,351.0,4.61,1.95,-8.62,-0.644
2020-01-04T22:08:58.012Z,348.0,4.29,2.33,-8.52,-0.786
2020-01-04T22:10:37.257Z,345.0,4.85,2.58,-8.47,-0.792
2020-01-04T22:12:16.501Z,344.0,4.88,2.56,-8.46,-0.582
2020-01-04T22:13:55.745Z,344.0,4.92,2.61,-8.45,-0.773
2020-01-04T22:15:34.989Z,343.0,5.94,2.25,-8.5,-1.22
2020-01-04T22:17:14.233Z,352.0,4.71,1.75,-8.6,-1.55
2020-01-04T22:18:53.477Z,346.0,5.35,2.55,-8.5,-0.8
2020-01-04T22:20:32.721Z,346.0,5.26,2.4,-8.56,-0.672
2020-01-04T22:22:11.965Z,347.0,5.18,2.3,-8.62,-0.559
2020-01-04T22:23:54.311Z,344.0,4.78,2.79,-8.48,-0.75
2020-01-04T22:25:33.555Z,344.0,4.98,2.85,-8.47,-0.767
2020-01-04T22:27:12.799Z,342.0,4.92,3.11,-8.39,-0.721
2020-01-04T22:28:52.043Z,342.0,5.02,2.99,-8.42,-0.91
2020-01-04T22:30:31.287Z,345.0,4.84,2.51,-8.58,-1.22
2020-01-04T22:32:10.531Z,343.0,4.86,2.65,-8.56,-1.15
2020-01-04T22:33:49.775Z,344.0,4.93,2.59,-8.61,-0.982
2020-01-04T22:35:29.019Z,347.0,5.34,2.61,-8.58,-0.965
2020-01-04T22:37:08.263Z,345.0,5.42,2.6,-8.59,-0.952
2020-01-04T22:38:47.507Z,347.0,5.16,2.6,-8.63,-0.752
2020-01-04T22:40:26.750Z,347.0,4.89,2.4,-8.68,-1.0
2020-01-04T22:42:05.994Z,348.0,5.09,2.45,-8.68,-0.988
2020-01-04T22:43:45.238Z,349.0,5.04,2.44,-8.67,-1.01
2020-01-04T22:45:24.482Z,348.0,5.01,2.48,-8.68,-0.959
2020-01-04T22:47:03.726Z,348.0,4.32,2.67,-8.64,-0.908
2020-01-04T22:48:42.970Z,346.0,5.27,2.75,-8.63,-0.826
2020-01-04T22:50:19.112Z,345.0,4.94,2.7,-8.65,-0.765
2020-01-04T22:51:58.356Z,351.0,5.12,1.97,-8.8,-0.923
2020-01-04T22:53:37.599Z,351.0,4.93,1.89,-8.88,-0.903
2020-01-04T22:55:16.843Z,352.0,4.94,1.8,-8.94,-0.67
2020-01-04T22:56:56.087Z,353.0,5.11,1.75,-8.93,-0.782
2020-01-04T22:58:35.330Z,350.0,4.83,2.27,-8.83,-1.1
2020-01-04T23:00:14.574Z,349.0,4.62,2.44,-8.81,-0.875
2020-01-04T23:01:53.817Z,345.0,4.85,2.51,-8.82,-0.53
2020-01-04T23:03:33.061Z,347.0,4.96,2.57,-8.8,-0.463
2020-01-04T23:05:15.406Z,348.0,5.53,2.43,-8.82,-0.199
2020-01-04T23:06:54.650Z,346.0,4.17,2.7,-8.74,-0.323
2020-01-04T23:08:33.893Z,345.0,5.1,2.86,-8.74,-0.178
2020-01-04T23:10:13.137Z,343.0,5.05,3.03,-8.68,0.11
2020-01-04T23:11:52.380Z,342.0,4.64,3.14,-8.65,0.473
2020-01-04T23:13:31.624Z,340.0,4.83,3.67,-8.43,0.612
2020-01-04T23:15:10.867Z,336.0,5.46,3.81,-8.36,0.774
2020-01-04T23:16:50.111Z,337.0,4.67,3.55,-8.52,0.336
2020-01-04T23:18:29.354Z,336.0,4.48,3.64,-8.47,0.517
2020-01-04T23:20:08.598Z,340.0,4.92,3.66,-8.5,0.0229
2020-01-04T23:21:47.841Z,335.0,5.66,3.67,-8.5,-0.0117
2020-01-04T23:23:27.085Z,347.0,5.24,2.8,-8.85,-0.11
2020-01-04T23:25:06.328Z,346.0,5.16,2.72,-8.87,-0.0617
2020-01-04T23:26:45.571Z,349.0,4.88,2.14,-8.95,-0.789
2020-01-04T23:28:24.815Z,349.0,5.36,2.06,-8.92,-0.808
2020-01-04T23:30:04.058Z,349.0,4.9,2.05,-8.99,-0.96
2020-01-04T23:31:40.200Z,348.0,4.56,2.56,-8.92,-0.702
2020-01-04T23:33:19.444Z,339.0,4.36,3.24,-8.76,-0.113
2020-01-04T23:34:58.687Z,343.0,4.97,2.6,-8.97,-0.311
2020-01-04T23:36:37.930Z,349.0,4.61,2.25,-9.1,-0.324
2020-01-04T23:38:17.174Z,351.0,5.16,2.0,-9.16,-0.322
2020-01-04T23:39:56.417Z,350.0,5.04,2.15,-9.13,-0.278
2020-01-04T23:41:35.660Z,350.0,4.92,2.07,-9.1,-0.821
2020-01-04T23:43:14.904Z,353.0,5.33,1.78,-9.18,-0.248
2020-01-04T23:44:54.147Z,350.0,4.37,2.49,-8.99,-0.264
2020-01-04T23:46:33.390Z,348.0,4.87,2.21,-9.11,-0.307
2020-01-04T23:48:12.634Z,346.0,5.05,2.42,-9.03,0.595
2020-01-04T23:49:51.877Z,353.0,4.85,2.12,-9.14,0.13
2020-01-04T23:51:31.120Z,349.0,4.99,2.27,-9.1,0.197
2020-01-04T23:53:10.364Z,355.0,4.56,1.98,-9.16,0.135
2020-01-04T23:54:49.607Z,358.0,4.26,1.65,-9.22,0.0449
2020-01-04T23:56:28.850Z,364.0,4.9,0.898,-9.34,-0.0261
2020-01-04T23:58:08.093Z,355.0,4.77,1.59,-9.27,-0.461
2020-01-05T00:01:23.479Z,348.0,5.17,1.56,-9.28,-0.46
2020-01-05T00:03:02.722Z,351.0,4.92,1.51,-9.27,-0.598
2020-01-05T00:04:41.965Z,354.0,5.19,1.37,-9.28,-0.642
2020-01-05T00:06:21.208Z,354.0,5.03,1.42,-9.28,-0.524
2020-01-05T00:08:00.452Z,351.0,4.41,1.49,-9.25,-0.721
2020-01-05T00:09:39.695Z,353.0,5.29,1.53,-9.25,-0.594
2020-01-05T00:11:18.938Z,353.0,5.02,1.53,-9.22,-0.739
2020-01-05T00:12:58.181Z,354.0,5.01,1.29,-9.29,-0.788
2020-01-05T00:14:37.424Z,358.0,5.11,0.936,-9.33,-0.83
2020-01-05T00:16:16.668Z,357.0,5.04,1.02,-9.33,-0.779
2020-01-05T00:17:55.911Z,354.0,5.16,1.27,-9.29,-0.656
2020-01-05T00:19:35.154Z,354.0,5.0,1.26,-9.28,-0.875
2020-01-05T00:21:14.397Z,351.0,5.01,1.23,-9.27,-1.06
2020-01-05T00:22:53.640Z,349.0,4.91,1.54,-9.28,-0.567
2020-01-05T00:24:32.884Z,354.0,4.67,1.38,-9.29,-0.707
2020-01-05T00:26:12.127Z,350.0,5.22,1.71,-9.19,-0.566
2020-01-05T00:27:51.370Z,348.0,5.17,1.81,-9.17,-0.478
2020-01-05T00:29:30.613Z,352.0,5.23,1.39,-9.22,-1.26
2020-01-05T00:31:09.856Z,351.0,5.35,1.47,-9.26,-1.12
2020-01-05T00:32:49.099Z,354.0,5.05,1.35,-9.3,-0.661
2020-01-05T00:34:28.343Z,352.0,5.37,1.52,-9.29,-0.534
2020-01-05T00:36:07.586Z,346.0,5.5,1.66,-9.24,-0.543
2020-01-05T00:37:46.829Z,346.0,5.13,1.5,-9.23,-0.515
2020-01-05T00:39:26.072Z,349.0,5.37,1.45,-9.22,-0.487
2020-01-05T00:41:05.315Z,349.0,5.22,1.34,-9.26,-0.394
2020-01-05T00:42:44.559Z,348.0,5.41,1.42,-9.19,-0.267
2020-01-05T00:44:23.802Z,347.0,5.11,1.38,-9.21,-0.224
2020-01-05T00:46:03.045Z,349.0,5.35,1.18,-9.2,-0.179
2020-01-05T00:47:42.288Z,351.0,5.44,1.35,-9.18,-0.17
2020-01-05T00:49:21.531Z,350.0,5.37,1.51,-9.17,-0.294
2020-01-05T00:51:00.774Z,350.0,5.7,1.7,-9.19,0.221
2020-01-05T00:52:40.018Z,349.0,5.49,1.87,-9.15,0.468
2020-01-05T00:54:19.261Z,343.0,5.01,2.34,-9.09,0.324
2020-01-05T00:55:58.504Z,348.0,4.97,2.07,-9.08,0.887
2020-01-05T00:57:37.747Z,349.0,4.83,1.87,-9.16,0.292
2020-01-05T00:59:16.990Z,349.0,4.66,1.97,-9.14,-9.31e-05
2020-01-05T01:00:56.233Z,352.0,4.88,1.64,-9.24,-0.273
2020-01-05T01:02:35.477Z,349.0,4.6,1.65,-9.22,-0.537
2020-01-05T01:04:14.720Z,348.0,4.9,2.14,-9.13,-0.0964
2020-01-05T01:05:53.963Z,349.0,3.95,2.31,-9.1,0.104
2020-01-05T01:07:33.206Z,348.0,4.93,2.15,-9.14,0.101
2020-01-05T01:09:12.449Z,336.0,4.98,3.03,-8.85,-0.94
2020-01-05T01:10:51.692Z,348.0,4.43,2.2,-9.05,-0.947
2020-01-05T01:12:30.936Z,347.0,4.59,2.07,-9.11,-0.651
2020-01-05T01:14:10.179Z,348.0,4.92,1.91,-9.12,-1.28
2020-01-05T01:15:49.422Z,349.0,5.11,1.88,-9.1,-1.22
2020-01-05T01:17:28.665Z,344.0,4.89,2.16,-9.02,0.226
2020-01-05T01:19:07.908Z,340.0,4.38,2.19,-8.93,0.401
2020-01-05T01:20:47.151Z,342.0,5.8,2.1,-8.82,0.396
2020-01-05T01:22:26.395Z,340.0,4.8,2.4,-8.79,0.00651
2020-01-05T01:24:05.638Z,348.0,6.87,1.71,-8.72,0.397
2020-01-05T01:25:44.881Z,334.0,5.57,3.33,-8.28,-0.211
2020-01-05T01:27:24.124Z,338.0,5.37,2.89,-8.37,0.33
2020-01-05T01:29:03.367Z,338.0,6.55,2.78,-8.21,0.331
2020-01-05T01:30:42.611Z,337.0,6.55,2.66,-8.33,0.777
2020-01-05T01:32:21.854Z,351.0,5.62,1.06,-8.6,1.87
2020-01-05T01:34:01.097Z,346.0,6.38,1.26,-8.57,1.47
2020-01-05T01:35:40.341Z,342.0,7.08,1.92,-8.4,0.97
2020-01-05T01:37:19.584Z,343.0,7.08,1.43,-8.53,0.432
2020-01-05T01:38:58.827Z,343.0,7.09,1.81,-8.44,0.12
2020-01-05T01:40:38.071Z,341.0,7.6,1.96,-8.42,-0.0207
2020-01-05T01:42:17.314Z,342.0,6.43,1.63,-8.6,0.0803
2020-01-05T01:43:56.558Z,343.0,6.71,1.76,-8.45,0.218
2020-01-05T01:45:35.801Z,348.0,5.97,1.34,-8.66,0.189
2020-01-05T01:47:15.044Z,348.0,6.02,1.26,-8.76,0.189
2020-01-05T01:48:54.288Z,341.0,6.44,1.75,-8.68,-0.0281
2020-01-05T01:50:33.531Z,344.0,6.36,1.64,-8.7,0.139
2020-01-05T01:52:12.775Z,339.0,5.27,1.76,-8.7,0.0938
2020-01-05T01:53:48.917Z,345.0,5.78,1.53,-8.71,-0.184
2020-01-05T01:55:28.161Z,341.0,6.06,1.72,-8.69,-0.00473
2020-01-05T01:57:07.404Z,344.0,6.32,1.64,-8.77,-0.238
2020-01-05T01:58:46.648Z,345.0,6.02,1.65,-8.79,-0.303
2020-01-05T02:00:25.891Z,343.0,6.34,1.81,-8.71,-0.467
2020-01-05T02:02:02.033Z,342.0,6.48,1.94,-8.73,-0.328
2020-01-05T02:03:41.277Z,342.0,5.84,1.84,-8.82,-0.685
2020-01-05T02:05:20.521Z,343.0,6.06,2.24,-8.65,-0.749
2020-01-05T02:06:59.764Z,341.0,6.03,2.01,-8.71,-0.69
2020-01-05T02:08:39.008Z,340.0,6.18,2.21,-8.62,-0.723
2020-01-05T02:10:18.252Z,343.0,5.66,2.11,-8.7,-0.501
2020-01-05T02:11:57.495Z,346.0,6.63,1.85,-8.71,-0.341
2020-01-05T02:13:36.739Z,347.0,6.95,1.69,-8.77,-0.518
2020-01-05T02:15:15.983Z,345.0,6.63,1.41,-8.8,-0.744
2020-01-05T02:16:58.328Z,345.0,6.0,1.16,-8.79,-0.929
2020-01-05T02:18:37.571Z,344.0,6.5,1.34,-8.74,-0.923
2020-01-05T02:20:16.815Z,342.0,6.14,2.16,-8.62,-0.516
2020-01-05T02:21:56.059Z,345.0,6.49,1.98,-8.68,-0.624
2020-01-05T02:23:35.302Z,342.0,6.07,2.36,-8.8,-0.703
2020-01-05T02:25:14.546Z,341.0,5.34,2.43,-8.81,-0.719
2020-01-05T02:26:53.790Z,342.0,6.08,2.43,-8.79,-0.867
2020-01-05T02:28:33.034Z,346.0,6.26,2.0,-8.89,-0.8
2020-01-05T02:30:12.277Z,349.0,6.68,1.73,-8.95,-0.866
2020-01-05T02:31:51.521Z,348.0,6.83,1.99,-8.99,-0.923
2020-01-05T02:33:30.765Z,345.0,6.23,2.39,-9.06,-0.743
2020-01-05T02:35:10.009Z,343.0,5.89,2.68,-9.15,-0.61
2020-01-05T02:36:49.252Z,344.0,6.55,2.84,-9.24,-0.515
2020-01-05T02:38:28.496Z,346.0,6.45,2.7,-9.37,-0.604
2020-01-05T02:40:07.740Z,343.0,6.24,2.98,-9.25,-0.54
2020-01-05T02:41:46.984Z,342.0,6.93,2.85,-9.31,-0.539
2020-01-05T02:43:23.126Z,343.0,7.14,3.17,-9.2,-0.291
2020-01-05T02:45:02.370Z,341.0,6.66,3.28,-9.24,-0.35
2020-01-05T02:46:41.614Z,342.0,7.45,3.06,-9.26,-0.577
2020-01-05T02:48:20.858Z,337.0,6.63,3.74,-9.06,-0.166
2020-01-05T02:50:00.101Z,338.0,7.06,3.72,-9.08,-0.308
2020-01-05T02:51:39.345Z,338.0,6.71,3.81,-9.07,-0.000634
2020-01-05T02:53:18.589Z,337.0,7.08,3.97,-8.97,0.174
2020-01-05T02:54:57.833Z,335.0,7.39,4.1,-8.85,0.159
2020-01-05T02:56:37.077Z,336.0,7.52,3.97,-8.89,0.394
2020-01-05T02:58:19.422Z,338.0,7.28,3.94,-8.99,0.198
2020-01-05T02:59:58.666Z,338.0,6.97,3.84,-9.08,0.27
2020-01-05T03:01:37.910Z,338.0,6.96,3.79,-9.13,-0.0587
2020-01-05T03:03:17.154Z,336.0,7.52,4.13,-8.95,0.756
2020-01-05T03:04:56.398Z,337.0,6.59,4.27,-8.97,0.933
2020-01-05T03:06:35.641Z,339.0,6.85,4.08,-9.07,0.758
2020-01-05T03:08:14.885Z,340.0,8.32,3.43,-9.14,-0.337
2020-01-05T03:09:54.129Z,337.0,7.01,4.21,-8.9,0.985
2020-01-05T03:11:33.373Z,337.0,7.33,4.31,-8.84,0.93
2020-01-05T03:13:12.617Z,335.0,7.14,4.48,-8.71,0.871
2020-01-05T03:14:51.861Z,337.0,7.49,4.24,-8.86,0.287
2020-01-05T03:16:28.003Z,337.0,7.48,4.37,-8.75,0.402
2020-01-05T03:18:07.247Z,330.0,7.62,5.15,-8.28,-0.871
2020-01-05T03:19:46.491Z,335.0,8.35,4.26,-8.68,1.06
2020-01-05T03:21:25.735Z,337.0,7.27,4.19,-8.82,1.06
2020-01-05T03:23:04.979Z,336.0,7.54,4.23,-8.77,0.96
2020-01-05T03:24:41.122Z,337.0,7.69,4.26,-8.82,0.437
2020-01-05T03:26:20.365Z,346.0,6.94,3.12,-9.08,1.9
2020-01-05T03:29:38.853Z,344.0,6.0,4.08,-8.51,2.99
2020-01-05T03:31:18.097Z,341.0,6.21,3.83,-9.01,1.67
2020-01-05T03:32:57.341Z,342.0,7.0,3.39,-9.15,1.16
2020-01-05T03:34:36.585Z,344.0,6.84,3.23,-9.26,1.07
2020-01-05T03:36:15.829Z,348.0,7.17,2.88,-9.44,0.76
2020-01-05T03:37:55.073Z,348.0,7.01,2.53,-9.55,0.359
2020-01-05T03:39:34.317Z,351.0,6.73,2.31,-9.61,-0.858
2020-01-05T03:41:13.561Z,352.0,6.92,2.34,-9.63,-0.313
2020-01-05T03:42:52.805Z,351.0,7.27,2.24,-9.61,0.988
2020-01-05T03:44:32.049Z,353.0,7.07,2.41,-9.38,1.51
2020-01-05T03:46:11.293Z,346.0,7.31,3.28,-9.29,-1.39
2020-01-05T03:47:50.537Z,345.0,6.91,3.15,-9.42,-1.5
2020-01-05T03:49:29.781Z,350.0,7.68,3.13,-9.47,-0.113
2020-01-05T03:52:48.269Z,345.0,7.16,3.34,-9.32,1.76
2020-01-05T03:54:27.513Z,348.0,6.49,2.86,-9.65,0.272
2020-01-05T03:56:06.757Z,346.0,6.5,3.08,-9.58,0.315
2020-01-05T03:57:46.001Z,342.0,6.66,3.49,-9.45,0.258
2020-01-05T03:59:25.245Z,341.0,6.98,3.84,-9.23,1.18
2020-01-05T04:01:04.489Z,345.0,7.84,3.67,-9.29,0.824
2020-01-05T04:02:43.732Z,335.0,7.23,3.91,-9.09,0.99
2020-01-05T04:04:22.976Z,343.0,9.0,2.64,-9.51,0.232
2020-01-05T04:06:02.220Z,342.0,8.48,2.41,-9.63,0.0791
2020-01-05T04:07:41.464Z,347.0,8.91,1.64,-9.82,-0.417
2020-01-05T04:09:20.708Z,352.0,9.33,1.78,-9.89,0.235
2020-01-05T04:10:59.952Z,349.0,8.3,1.84,-9.94,0.339
2020-01-05T04:12:39.196Z,347.0,8.33,2.04,-9.93,0.5
2020-01-05T04:14:18.440Z,349.0,9.09,2.04,-9.94,0.485
2020-01-05T04:15:57.684Z,344.0,7.24,2.66,-9.86,0.527
2020-01-05T04:17:36.928Z,343.0,7.7,2.86,-9.82,0.656
2020-01-05T04:19:16.172Z,341.0,6.95,2.52,-9.88,1.4
2020-01-05T04:20:55.416Z,345.0,7.64,2.4,-9.82,1.57
2020-01-05T04:22:34.660Z,345.0,8.44,2.56,-9.77,1.71
2020-01-05T04:24:13.904Z,343.0,7.86,3.11,-9.72,1.21
2020-01-05T04:25:53.148Z,340.0,6.02,3.88,-9.4,1.48
2020-01-05T04:27:32.392Z,333.0,7.26,3.98,-9.45,1.16
2020-01-05T04:29:11.636Z,334.0,4.45,2.83,-9.72,1.69
2020-01-05T04:30:50.880Z,329.0,6.9,3.1,-9.66,1.5
2020-01-05T04:32:30.125Z,333.0,5.67,3.14,-9.64,1.49
2020-01-05T04:34:09.369Z,331.0,5.42,3.94,-9.12,1.96
2020-01-05T04:35:45.511Z,339.0,5.98,3.53,-9.33,1.55
2020-01-05T04:37:24.755Z,338.0,7.01,3.45,-9.43,0.68
2020-01-05T04:39:04.999Z,348.0,6.99,2.49,-9.81,0.27
2020-01-05T04:42:22.487Z,351.0,5.61,1.13,-9.89,-1.21
2020-01-05T04:44:01.731Z,350.0,9.86,1.08,-9.89,-1.28
2020-01-05T04:45:40.975Z,346.0,8.94,1.73,-9.75,-0.602
2020-01-05T04:47:20.219Z,349.0,8.0,1.74,-9.87,-0.612
2020-01-05T04:48:59.463Z,342.0,9.59,2.57,-9.73,0.155
2020-01-05T04:50:38.707Z,346.0,9.58,2.24,-9.79,0.0145
2020-01-05T04:52:17.951Z,342.0,8.79,2.68,-9.65,-0.0328
2020-01-05T04:53:57.195Z,346.0,9.24,2.44,-9.7,-0.875
2020-01-05T04:55:36.440Z,347.0,8.9,2.23,-9.8,-0.39
2020-01-05T04:57:15.684Z,344.0,8.49,2.56,-9.63,0.16
2020-01-05T04:58:54.928Z,346.0,9.22,3.03,-9.49,0.622
2020-01-05T05:00:34.172Z,346.0,10.0,2.64,-9.35,0.169
2020-01-05T05:02:13.416Z,343.0,13.3,1.95,-9.25,-0.129
2020-01-05T05:03:52.660Z,344.0,13.2,2.48,-9.04,0.156
2020-01-05T05:05:31.904Z,344.0,11.9,2.44,-9.25,-0.41
2020-01-05T05:07:11.148Z,349.0,12.3,2.66,-8.85,-0.449
2020-01-05T05:08:50.392Z,349.0,14.3,2.47,-8.85,-0.761
2020-01-05T05:10:29.636Z,342.0,14.3,3.65,-8.39,0.258
2020-01-05T05:12:08.880Z,335.0,18.2,5.99,-5.5,3.64
2020-01-05T05:13:45.023Z,347.0,12.0,6.78,-4.81,3.88
2020-01-05T05:15:24.267Z,346.0,11.5,7.33,-3.95,4.89
2020-01-05T05:17:03.511Z,353.0,9.73,6.8,-5.29,4.41
2020-01-05T05:18:42.755Z,346.0,14.1,6.62,-4.41,5.06
2020-01-05T05:20:21.999Z,342.0,8.42,7.54,-4.39,4.86
2020-01-05T05:22:01.243Z,336.0,8.74,7.32,-4.13,5.46
2020-01-05T05:23:40.487Z,344.0,9.83,7.46,-4.32,4.71
2020-01-05T05:26:58.975Z,346.0,9.97,8.44,-4.2,3.85
2020-01-05T05:28:41.320Z,347.0,12.3,7.49,-3.64,4.63
2020-01-05T05:30:20.565Z,347.0,13.4,7.36,-3.59,4.79
2020-01-05T05:31:59.809Z,348.0,13.9,7.45,-3.15,4.71
2020-01-05T05:33:39.053Z,337.0,7.65,8.24,-3.05,5.07
2020-01-05T05:35:18.297Z,348.0,11.8,8.02,-2.56,4.82
2020-01-05T05:36:57.541Z,344.0,12.5,7.81,-2.69,5.2
2020-01-05T05:38:36.785Z,344.0,12.3,7.48,-3.35,5.22
2020-01-05T05:40:16.029Z,350.0,17.0,6.69,-3.72,4.73
2020-01-05T05:41:55.273Z,350.0,17.6,6.71,-3.09,4.92
2020-01-05T05:43:34.517Z,355.0,11.8,7.54,-2.27,5.21
2020-01-05T05:45:13.761Z,353.0,11.5,7.84,-1.63,5.16
2020-01-05T05:46:49.904Z,352.0,11.6,7.63,-1.26,5.46
2020-01-05T05:48:29.148Z,354.0,11.4,7.6,-0.898,5.62
2020-01-05T05:50:08.392Z,353.0,6.94,7.89,-0.0245,5.69
2020-01-05T05:51:47.636Z,362.0,2.33,6.93,4.17,5.24
2020-01-05T05:53:26.880Z,361.0,2.56,6.95,3.78,5.55
2020-01-05T05:55:03.023Z,355.0,2.27,7.26,3.13,5.71
2020-01-05T05:56:42.267Z,367.0,2.92,6.82,4.12,5.7
2020-01-05T05:58:21.511Z,359.0,3.07,7.2,3.61,5.74
2020-01-05T06:00:00.755Z,355.0,3.34,7.65,0.706,5.78
2020-01-05T06:01:40.999Z,368.0,5.32,6.83,3.32,6.08
2020-01-05T06:03:19.243Z,373.0,5.64,6.94,2.2,6.54
2020-01-05T06:04:58.487Z,358.0,4.1,7.19,1.23,6.5
2020-01-05T06:06:37.731Z,378.0,5.51,6.9,1.34,6.99
2020-01-05T06:08:16.976Z,364.0,3.89,7.56,1.71,6.47
2020-01-05T06:09:59.321Z,355.0,2.99,7.94,0.851,6.32
2020-01-05T06:11:38.565Z,353.0,3.5,7.98,1.54,5.88
2020-01-05T06:13:17.809Z,349.0,4.49,8.12,1.41,5.46
2020-01-05T06:14:57.053Z,348.0,4.27,8.11,1.48,5.54
2020-01-05T06:16:36.297Z,348.0,4.23,8.05,1.31,5.84
2020-01-05T06:18:15.541Z,348.0,4.37,8.05,1.08,5.91
2020-01-05T06:19:54.786Z,352.0,4.33,7.89,0.754,6.08
2020-01-05T06:21:34.030Z,352.0,3.94,7.94,0.95,5.88
2020-01-05T06:23:13.274Z,352.0,3.16,8.05,1.09,5.56
2020-01-05T06:24:49.416Z,350.0,3.08,8.08,1.18,5.52
2020-01-05T06:26:28.661Z,350.0,4.9,8.22,1.68,5.05
2020-01-05T06:28:07.905Z,367.0,6.09,7.87,0.532,5.97
2020-01-05T06:29:47.149Z,360.0,3.31,8.08,0.686,5.33
2020-01-05T06:31:26.393Z,368.0,5.93,9.15,1.4,3.75
2020-01-05T06:33:05.637Z,364.0,5.79,9.0,1.43,4.2
2020-01-05T06:34:44.881Z,350.0,4.44,8.86,1.61,4.64
2020-01-05T06:36:24.125Z,367.0,5.88,8.79,0.394,4.83
2020-01-05T06:38:03.369Z,346.0,3.77,8.71,-0.296,5.04
2020-01-05T06:39:42.613Z,352.0,4.49,8.11,-0.645,5.6
2020-01-05T06:41:21.857Z,350.0,3.88,8.41,-0.228,5.25
2020-01-05T06:43:01.101Z,348.0,3.46,8.63,-0.744,5.01
2020-01-05T06:44:40.345Z,349.0,3.3,8.46,-1.3,5.07
2020-01-05T06:46:19.590Z,347.0,4.29,8.62,-2.34,4.31
2020-01-05T06:47:58.834Z,354.0,4.63,7.79,-1.54,5.72
2020-01-05T06:49:38.078Z,354.0,3.59,7.88,-2.32,5.39
2020-01-05T06:51:17.322Z,351.0,4.23,8.03,-2.74,4.97
2020-01-05T06:52:56.566Z,351.0,3.7,7.89,-3.25,4.72
2020-01-05T06:54:35.810Z,351.0,4.07,7.83,-3.15,4.77
2020-01-05T06:56:15.054Z,349.0,4.27,7.92,-3.55,4.24
2020-01-05T06:57:54.298Z,351.0,3.98,7.49,-4.49,3.78
2020-01-05T06:59:33.542Z,352.0,4.05,7.14,-3.73,4.61
2020-01-05T07:01:12.786Z,352.0,2.78,6.91,-4.6,3.39
2020-01-05T07:04:31.275Z,367.0,3.9,6.55,-6.15,1.25
2020-01-05T07:06:07.417Z,369.0,6.48,7.82,-3.0,3.36
2020-01-05T07:07:46.661Z,369.0,6.29,7.95,-3.07,2.58
2020-01-05T07:09:25.906Z,350.0,3.29,7.6,-3.55,3.1
2020-01-05T07:11:05.150Z,363.0,4.61,6.56,-4.37,3.68
2020-01-05T07:12:44.394Z,373.0,4.65,5.41,-6.27,-0.302
2020-01-05T07:14:23.638Z,365.0,3.77,6.07,-5.69,2.27
2020-01-05T07:16:02.882Z,370.0,4.16,5.75,-6.25,0.916
2020-01-05T07:17:42.126Z,99999.9,5.11,5.49,-6.14,0.0261
2020-01-05T07:19:21.370Z,99999.9,3.08,6.25,-5.51,1.21
2020-01-05T07:21:00.614Z,363.0,4.22,6.46,-5.45,1.39
2020-01-05T07:24:19.103Z,364.0,2.76,5.93,-4.73,2.75
2020-01-05T07:25:58.347Z,99999.9,2.02,5.74,-5.79,1.16
2020-01-05T07:27:37.591Z,376.0,4.37,5.53,-5.68,2.16
2020-01-05T07:29:16.835Z,368.0,3.31,6.39,-4.51,2.63
2020-01-05T07:30:56.079Z,362.0,2.9,6.53,-3.86,3.34
2020-01-05T07:32:35.323Z,391.0,8.73,6.71,-4.34,2.51
2020-01-05T07:34:14.567Z,391.0,8.92,7.33,-3.38,2.34
2020-01-05T07:35:53.811Z,390.0,8.53,7.28,-4.47,1.94
2020-01-05T07:37:33.055Z,392.0,8.92,6.55,-4.42,2.7
2020-01-05T07:39:12.300Z,392.0,8.56,6.22,-4.72,3.07
2020-01-05T07:40:51.544Z,377.0,5.88,5.69,-4.82,4.0
2020-01-05T07:42:30.788Z,390.0,8.45,6.07,-4.98,3.36
2020-01-05T07:45:49.276Z,385.0,7.97,6.28,-4.49,4.56
2020-01-05T07:47:28.520Z,380.0,7.7,6.67,-4.33,4.05
2020-01-05T07:49:07.764Z,385.0,8.41,6.01,-4.59,4.49
2020-01-05T07:50:47.008Z,384.0,8.06,6.26,-4.77,4.07
2020-01-05T07:52:26.252Z,368.0,4.06,6.27,-4.59,4.26
2020-01-05T07:54:05.497Z,388.0,8.02,6.26,-3.7,4.45
2020-01-05T07:55:44.741Z,378.0,8.2,7.08,-0.241,4.9
2020-01-05T07:57:23.985Z,354.0,5.36,6.77,-2.06,5.36
2020-01-05T07:59:03.229Z,372.0,7.71,6.35,-2.45,5.49
2020-01-05T08:00:42.473Z,360.0,3.81,5.62,-2.12,4.47
2020-01-05T08:02:21.717Z,370.0,5.93,5.0,-3.12,3.16
2020-01-05T08:04:00.961Z,370.0,6.47,4.42,-3.22,2.56
2020-01-05T08:05:40.205Z,384.0,8.94,4.79,-4.52,1.42
2020-01-05T08:07:19.449Z,391.0,9.99,2.87,-3.54,0.183
2020-01-05T08:08:58.694Z,400.0,10.7,1.77,-2.9,1.31
2020-01-05T08:10:37.938Z,404.0,8.16,1.29,-3.27,1.33
2020-01-05T08:12:17.182Z,388.0,9.0,2.91,-3.18,2.12
2020-01-05T08:13:56.426Z,380.0,5.85,3.63,-5.44,0.927
2020-01-05T08:15:35.670Z,384.0,6.3,3.19,-6.36,0.0718
2020-01-05T08:17:14.914Z,385.0,7.28,4.0,-3.73,3.59
2020-01-05T08:18:54.158Z,387.0,7.02,3.9,-2.9,6.21
2020-01-05T08:20:33.402Z,372.0,5.4,3.91,-4.4,4.48
2020-01-05T08:23:51.891Z,392.0,5.83,2.59,-4.73,5.93
2020-01-05T08:25:31.135Z,390.0,10.1,2.89,-4.42,5.29
2020-01-05T08:27:10.379Z,400.0,11.1,1.91,-3.39,6.4
2020-01-05T08:28:49.623Z,388.0,5.54,2.92,-6.19,4.6
2020-01-05T08:30:28.867Z,392.0,7.43,2.99,-4.94,6.16
2020-01-05T08:32:08.111Z,391.0,9.55,2.81,-6.2,2.5
2020-01-05T08:33:47.355Z,392.0,2.93,2.59,-6.0,1.63
2020-01-05T08:35:26.599Z,382.0,4.96,3.8,-5.15,3.98
2020-01-05T08:37:05.844Z,378.0,6.1,3.83,-5.4,3.66
2020-01-05T08:38:45.088Z,389.0,3.84,2.58,-5.81,3.24
2020-01-05T08:40:24.332Z,382.0,4.04,3.54,-5.21,3.31
2020-01-05T08:42:03.576Z,384.0,9.23,3.59,-5.69,2.91
2020-01-05T08:43:42.820Z,378.0,9.09,5.0,-5.37,0.133
2020-01-05T08:45:22.064Z,383.0,5.87,2.64,-5.64,2.68
2020-01-05T08:53:38.285Z,387.0,6.61,2.2,-6.18,1.81
2020-01-05T08:55:17.529Z,377.0,4.63,2.39,-5.94,1.2
2020-01-05T08:56:56.773Z,404.0,9.33,1.34,-6.62,2.14
2020-01-05T08:58:32.916Z,388.0,7.06,2.48,-7.02,4.79
2020-01-05T09:00:12.160Z,389.0,6.13,2.75,-7.71,3.5
2020-01-05T09:01:51.404Z,382.0,8.14,2.85,-7.64,4.19
2020-01-05T09:03:30.648Z,387.0,6.52,2.96,-7.89,3.24
2020-01-05T09:05:09.892Z,385.0,9.01,3.21,-7.73,3.17
2020-01-05T09:06:46.035Z,389.0,9.24,3.03,-8.09,3.0
2020-01-05T09:08:25.279Z,389.0,5.77,3.3,-8.04,3.21
2020-01-05T09:11:43.768Z,388.0,5.52,3.36,-8.01,3.13
2020-01-05T09:13:23.012Z,389.0,5.62,3.21,-8.0,2.69
2020-01-05T09:15:02.256Z,383.0,8.73,2.7,-8.19,2.87
2020-01-05T09:16:41.500Z,380.0,9.75,4.06,-7.41,3.21
2020-01-05T09:18:20.744Z,378.0,9.01,5.19,-6.77,3.07
2020-01-05T09:19:59.988Z,377.0,8.81,4.91,-6.86,3.65
2020-01-05T09:21:42.334Z,383.0,7.05,3.22,-8.31,3.45
2020-01-05T09:23:21.578Z,384.0,5.6,2.17,-8.97,3.07
2020-01-05T09:25:00.822Z,398.0,8.97,0.409,-9.13,3.05
2020-01-05T09:26:40.066Z,374.0,8.3,3.97,-7.59,4.05
2020-01-05T09:28:19.310Z,387.0,8.66,2.08,-8.63,3.27
2020-01-05T09:29:58.554Z,389.0,9.84,2.19,-8.56,3.32
2020-01-05T09:31:37.799Z,394.0,6.87,1.46,-8.93,2.78
2020-01-05T09:33:17.043Z,393.0,6.39,1.11,-9.15,2.2
2020-01-05T09:34:56.287Z,376.0,9.95,4.67,-6.34,4.82
2020-01-05T09:36:35.531Z,372.0,7.72,3.17,-7.57,4.07
2020-01-05T09:38:14.775Z,379.0,7.43,2.93,-7.7,4.48
2020-01-05T09:39:54.019Z,377.0,6.01,3.82,-6.51,6.0
2020-01-05T09:41:33.263Z,377.0,8.66,3.68,-6.66,5.69
2020-01-05T09:43:12.507Z,378.0,6.13,3.83,-6.72,5.67
2020-01-05T09:44:51.752Z,380.0,9.61,3.66,-6.46,6.07
2020-01-05T09:46:30.996Z,380.0,7.11,3.24,-6.22,6.28
2020-01-05T09:48:07.138Z,380.0,8.08,2.88,-6.86,5.0
2020-01-05T09:49:46.383Z,381.0,7.12,3.09,-7.12,4.71
2020-01-05T09:51:25.627Z,379.0,9.51,2.91,-7.35,4.84
2020-01-05T09:53:04.871Z,382.0,6.84,2.64,-7.65,4.49
2020-01-05T09:54:44.115Z,380.0,9.88,2.77,-7.48,4.63
2020-01-05T09:56:23.359Z,378.0,7.93,2.61,-7.52,4.56
2020-01-05T09:58:02.603Z,380.0,7.2,2.85,-6.95,5.03
2020-01-05T09:59:41.847Z,381.0,9.98,2.89,-6.65,5.06
2020-01-05T10:01:21.092Z,381.0,5.48,3.85,-5.12,6.84
2020-01-05T10:04:42.681Z,383.0,5.8,3.44,-5.85,6.6
2020-01-05T10:06:21.925Z,385.0,5.9,2.58,-7.07,5.27
2020-01-05T10:08:01.169Z,386.0,8.02,0.303,-9.14,-0.297
2020-01-05T10:09:40.414Z,381.0,7.87,-0.34,-9.41,-1.43
2020-01-05T10:11:19.658Z,383.0,5.53,-0.889,-8.66,-1.89
2020-01-05T10:12:58.902Z,378.0,6.88,-1.82,-5.34,-6.14
2020-01-05T10:14:38.146Z,389.0,5.52,-1.6,-3.46,-6.22
2020-01-05T10:16:17.390Z,389.0,4.79,-2.04,-1.56,-7.33
2020-01-05T10:17:56.634Z,387.0,3.59,-1.38,-2.29,-7.17
2020-01-05T10:19:35.878Z,388.0,4.71,-1.57,-4.38,-6.23
2020-01-05T10:21:12.021Z,376.0,10.8,0.249,-9.2,-1.02
2020-01-05T10:24:30.509Z,377.0,7.92,0.218,-9.99,-0.0912
2020-01-05T10:26:09.754Z,364.0,7.92,2.45,-9.25,-2.2
2020-01-05T10:27:48.998Z,359.0,7.75,3.92,-8.89,-2.56
2020-01-05T10:29:25.140Z,359.0,6.35,3.81,-9.21,-1.19
2020-01-05T10:31:04.385Z,360.0,8.44,3.74,-9.38,-0.858
2020-01-05T10:32:43.629Z,355.0,7.54,4.06,-9.24,0.153
2020-01-05T10:34:22.873Z,358.0,7.75,4.63,-9.04,0.43
2020-01-05T10:36:02.117Z,356.0,8.04,5.12,-8.86,0.15
2020-01-05T10:37:41.361Z,356.0,8.57,4.47,-9.22,-0.628
2020-01-05T10:39:20.605Z,356.0,7.88,4.42,-9.17,-0.696
2020-01-05T10:40:59.850Z,353.0,6.74,4.9,-8.8,-0.426
2020-01-05T10:42:39.094Z,349.0,5.75,4.87,-8.63,-0.696
2020-01-05T10:44:18.338Z,353.0,7.44,3.38,-8.56,-0.0607
2020-01-05T10:45:57.582Z,388.0,10.3,-3.41,-8.89,-2.53
2020-01-05T10:47:36.826Z,392.0,11.6,-4.25,-8.35,-3.23
2020-01-05T10:49:16.070Z,392.0,8.38,-4.47,-7.83,-3.89
2020-01-05T10:50:55.314Z,392.0,11.8,-4.15,-8.24,-3.47
2020-01-05T10:52:34.558Z,406.0,10.5,-5.36,-7.63,-2.57
2020-01-05T10:54:13.803Z,390.0,8.56,-3.24,-8.18,-4.3
2020-01-05T10:55:53.047Z,389.0,8.71,-3.76,-8.36,-3.11
2020-01-05T10:57:32.291Z,392.0,13.1,-3.84,-8.44,-2.33
2020-01-05T10:59:08.434Z,394.0,12.6,-4.41,-8.56,-1.33
2020-01-05T11:00:47.678Z,394.0,12.1,-4.2,-8.7,-1.49
2020-01-05T11:02:26.922Z,391.0,11.5,-3.89,-8.68,-2.57
2020-01-05T11:04:06.166Z,387.0,11.9,-3.66,-8.52,-3.04
2020-01-05T11:05:45.410Z,390.0,10.3,-3.6,-8.6,-2.99
2020-01-05T11:07:24.654Z,394.0,9.34,-4.17,-8.52,-2.76
2020-01-05T11:09:03.899Z,396.0,8.5,-4.64,-8.24,-3.74
2020-01-05T11:10:43.143Z,394.0,8.14,-4.51,-8.73,-2.55
2020-01-05T11:12:22.387Z,401.0,11.2,-4.73,-8.7,-2.3
2020-01-05T11:14:01.631Z,399.0,7.37,-4.64,-9.21,-1.71
2020-01-05T11:15:40.875Z,394.0,5.91,-4.67,-9.72,-1.51
2020-01-05T11:17:20.119Z,399.0,8.1,-5.31,-9.33,-1.28
2020-01-05T11:18:59.363Z,394.0,9.75,-4.33,-9.96,-1.47
2020-01-05T11:20:38.608Z,392.0,7.68,-4.35,-9.91,-1.34
2020-01-05T11:22:17.852Z,400.0,11.4,-4.3,-9.33,-1.57
2020-01-05T11:23:57.096Z,388.0,7.17,-2.73,-10.1,-0.205
2020-01-05T11:25:36.340Z,386.0,9.04,-1.91,-10.0,0.258
2020-01-05T11:27:15.584Z,377.0,13.4,-0.0303,-9.82,0.495
2020-01-05T11:28:54.828Z,374.0,14.6,0.995,-9.62,1.13
2020-01-05T11:30:34.073Z,368.0,13.1,1.69,-9.41,1.93
2020-01-05T11:32:13.317Z,365.0,12.8,2.52,-9.11,2.34
2020-01-05T11:33:52.561Z,365.0,13.7,2.97,-8.89,2.95
2020-01-05T11:35:31.805Z,363.0,14.2,3.23,-8.67,3.35
2020-01-05T11:37:07.948Z,359.0,14.4,4.35,-8.5,2.7
2020-01-05T11:38:47.192Z,361.0,14.3,4.09,-8.22,3.55
2020-01-05T11:40:26.436Z,361.0,11.3,4.22,-8.07,4.05
2020-01-05T11:42:05.680Z,367.0,15.8,3.82,-8.19,3.94
2020-01-05T11:43:44.924Z,357.0,12.5,6.21,-5.51,4.56
2020-01-05T11:45:24.169Z,347.0,11.8,6.41,-5.92,3.79
2020-01-05T11:47:03.413Z,366.0,12.5,4.48,-7.14,5.16
2020-01-05T11:48:42.657Z,370.0,12.5,3.73,-7.42,4.84
2020-01-05T11:50:21.901Z,378.0,5.75,4.04,-6.94,4.74
2020-01-05T11:52:01.145Z,358.0,10.6,6.27,-4.57,5.41
2020-01-05T11:53:40.389Z,353.0,7.74,6.9,-1.04,6.29
2020-01-05T11:55:19.633Z,363.0,4.71,8.5,0.241,7.36
2020-01-05T11:56:58.878Z,367.0,4.58,8.01,-0.787,7.42
2020-01-05T11:58:38.122Z,368.0,5.39,7.8,-0.23,7.76
2020-01-05T12:00:17.366Z,370.0,5.5,6.78,2.14,7.44
2020-01-05T12:01:56.610Z,372.0,10.4,7.01,2.28,7.17
2020-01-05T12:03:35.854Z,381.0,10.2,6.98,1.4,6.76
2020-01-05T12:06:51.241Z,366.0,8.87,-5.59,-5.6,-8.28
2020-01-05T12:08:30.485Z,379.0,6.1,-6.35,-5.88,-9.43
2020-01-05T12:10:09.729Z,383.0,5.49,-7.1,-6.23,-8.36
2020-01-05T12:11:48.974Z,383.0,4.65,-7.26,-6.43,-7.59
2020-01-05T12:13:28.218Z,369.0,5.36,-5.01,-5.34,-7.16
2020-01-05T12:15:07.462Z,364.0,10.8,-4.64,-4.87,-6.94
2020-01-05T12:16:46.706Z,362.0,11.0,-3.51,-5.65,-6.67
2020-01-05T12:20:05.194Z,361.0,12.3,-3.67,-3.79,-7.4
2020-01-05T12:21:44.439Z,364.0,11.7,-2.78,-2.88,-7.64
2020-01-05T12:23:23.683Z,367.0,11.9,-4.13,-3.98,-7.48
2020-01-05T12:25:02.927Z,367.0,12.1,-4.38,-5.85,-6.77
2020-01-05T12:26:42.171Z,365.0,12.8,-3.71,-4.48,-7.77
2020-01-05T12:28:21.415Z,369.0,11.6,-3.77,-5.85,-7.77
2020-01-05T12:30:00.659Z,371.0,11.5,-4.6,-6.62,-7.19
2020-01-05T12:31:39.903Z,374.0,11.0,-4.56,-7.67,-6.58
2020-01-05T12:33:22.249Z,381.0,5.82,-4.67,-8.07,-5.62
2020-01-05T12:35:01.493Z,380.0,4.98,-4.6,-8.5,-6.0
2020-01-05T12:36:40.737Z,371.0,11.1,-4.28,-8.25,-5.11
2020-01-05T12:38:19.981Z,375.0,10.6,-5.02,-8.33,-5.35
2020-01-05T12:39:59.226Z,379.0,4.65,-5.12,-7.53,-6.27
2020-01-05T12:41:38.470Z,373.0,5.43,-5.4,-6.65,-6.59
2020-01-05T12:43:17.714Z,387.0,8.44,-0.497,-8.15,2.77
2020-01-05T12:44:56.958Z,379.0,14.0,-2.15,-8.84,-0.276
2020-01-05T12:46:36.202Z,377.0,14.2,-1.51,-9.32,1.03
2020-01-05T12:48:12.345Z,382.0,14.1,-2.88,-7.8,-3.77
2020-01-05T12:49:51.589Z,378.0,13.8,-2.28,-7.9,-3.33
2020-01-05T12:51:30.833Z,378.0,13.7,-1.67,-8.77,-2.48
2020-01-05T12:53:10.078Z,378.0,13.9,-0.0633,-9.32,-1.2
2020-01-05T12:54:49.322Z,375.0,12.9,1.88,-9.63,1.06
2020-01-05T12:58:07.810Z,370.0,13.4,3.43,-9.29,2.63
2020-01-05T12:59:47.054Z,369.0,12.8,3.81,-9.3,2.7
2020-01-05T13:01:26.298Z,363.0,12.5,4.57,-8.98,3.33
2020-01-05T13:03:05.542Z,363.0,13.4,4.21,-8.88,3.1
2020-01-05T13:04:44.787Z,359.0,12.7,4.72,-8.45,3.97
2020-01-05T13:06:24.031Z,358.0,12.1,5.32,-7.52,4.76
2020-01-05T13:08:03.275Z,357.0,13.3,5.18,-8.01,4.0
2020-01-05T13:09:42.519Z,360.0,12.5,5.28,-7.97,4.01
2020-01-05T13:11:21.763Z,361.0,12.2,5.78,-8.02,4.19
2020-01-05T13:13:01.007Z,362.0,12.3,5.66,-7.84,4.4
2020-01-05T13:14:43.353Z,364.0,11.1,4.69,-7.49,4.67
2020-01-05T13:16:22.597Z,366.0,17.4,4.89,-4.31,5.4
2020-01-05T13:18:01.841Z,363.0,17.4,4.92,-4.63,5.24
2020-01-05T13:19:41.086Z,364.0,16.6,4.89,-4.42,5.37
2020-01-05T13:21:20.330Z,368.0,17.8,4.17,-4.45,5.8
2020-01-05T13:22:59.574Z,367.0,16.9,4.24,-5.04,5.42
2020-01-05T13:24:38.818Z,369.0,17.2,4.02,-4.71,5.79
2020-01-05T13:26:18.062Z,371.0,17.7,3.14,-3.83,6.55
2020-01-05T13:27:57.306Z,368.0,16.6,3.88,-4.82,5.85
2020-01-05T13:29:36.550Z,367.0,16.6,4.03,-4.82,5.72
2020-01-05T13:31:15.795Z,367.0,17.2,4.49,-5.32,4.98
2020-01-05T13:32:55.039Z,368.0,16.4,3.96,-6.47,4.3
2020-01-05T13:34:34.283Z,365.0,15.1,4.49,-6.71,4.31
2020-01-05T13:36:13.527Z,363.0,13.9,4.42,-7.65,4.06
2020-01-05T13:39:32.016Z,365.0,14.6,3.3,-7.51,3.5
2020-01-05T13:41:08.158Z,363.0,14.4,4.44,-6.6,4.09
2020-01-05T13:42:47.402Z,365.0,15.5,4.59,-6.12,4.28
2020-01-05T13:44:26.647Z,366.0,14.6,3.31,-7.66,3.38
2020-01-05T13:46:05.891Z,363.0,14.1,3.3,-7.64,3.4
2020-01-05T13:47:45.135Z,363.0,14.8,2.88,-7.73,2.53
2020-01-05T13:49:24.379Z,363.0,15.2,3.14,-7.62,1.78
2020-01-05T13:51:03.623Z,363.0,14.7,3.33,-7.19,1.13
2020-01-05T13:52:42.867Z,361.0,14.5,3.26,-5.57,4.31
2020-01-05T13:54:22.112Z,365.0,15.1,4.3,-4.42,4.84
2020-01-05T13:56:01.356Z,364.0,14.4,5.04,-4.28,4.28
2020-01-05T13:57:40.600Z,367.0,13.3,6.47,-3.06,4.24
2020-01-05T13:59:19.844Z,364.0,14.3,6.88,-3.47,3.35
2020-01-05T14:00:59.088Z,366.0,12.9,6.77,-3.35,3.36
2020-01-05T14:02:38.332Z,361.0,13.0,6.93,-3.86,3.41
2020-01-05T14:04:17.577Z,361.0,13.9,5.83,-4.83,3.25
2020-01-05T14:05:56.821Z,362.0,14.6,6.42,-2.71,4.22
2020-01-05T14:07:36.065Z,361.0,14.4,4.22,-5.5,3.19
2020-01-05T14:09:15.309Z,358.0,14.4,4.04,-6.62,2.26
2020-01-05T14:10:51.452Z,358.0,13.7,4.25,-6.87,1.27
2020-01-05T14:12:30.696Z,359.0,13.5,4.49,-6.83,0.731
2020-01-05T14:14:09.940Z,360.0,13.2,4.03,-6.86,0.233
2020-01-05T14:15:49.184Z,358.0,13.7,3.91,-6.51,0.356
2020-01-05T14:17:28.429Z,357.0,14.3,4.41,-6.61,-0.66
2020-01-05T14:19:07.673Z,356.0,15.0,2.77,-7.44,0.108
2020-01-05T14:20:46.917Z,361.0,14.3,1.88,-7.94,-0.476
2020-01-05T14:22:26.161Z,359.0,14.2,2.58,-7.68,-0.162
2020-01-05T14:24:05.405Z,357.0,13.8,1.11,-7.93,-0.591
2020-01-05T14:25:44.649Z,356.0,13.3,0.864,-8.08,-0.249
2020-01-05T14:27:23.894Z,358.0,13.1,0.291,-8.32,0.954
2020-01-05T14:29:03.138Z,358.0,14.0,0.954,-8.38,1.01
2020-01-05T14:30:42.382Z,363.0,12.7,2.47,-7.94,-1.36
2020-01-05T14:32:21.626Z,362.0,12.6,2.1,-8.03,-1.34
2020-01-05T14:34:00.870Z,359.0,13.2,0.442,-7.16,-3.74
2020-01-05T14:35:40.114Z,361.0,13.9,1.38,-7.97,-0.311
2020-01-05T14:37:19.359Z,360.0,13.8,1.25,-8.02,-0.082
2020-01-05T14:38:58.603Z,363.0,14.4,1.69,-8.38,-0.655
2020-01-05T14:40:37.847Z,364.0,14.0,1.29,-8.58,-1.29
2020-01-05T14:42:17.091Z,363.0,13.5,1.32,-8.49,-1.23
2020-01-05T14:43:56.335Z,372.0,13.1,0.241,-8.74,-2.26
2020-01-05T14:45:35.579Z,368.0,13.5,0.516,-8.65,-2.34
2020-01-05T14:47:14.824Z,372.0,11.9,-0.837,-8.36,-3.31
2020-01-05T14:48:54.068Z,369.0,10.7,2.23,-6.22,-1.1
2020-01-05T14:50:33.312Z,370.0,14.0,6.91,-1.29,3.18
2020-01-05T14:52:12.556Z,370.0,15.0,7.13,-0.253,3.09
2020-01-05T14:53:51.800Z,374.0,13.4,5.91,4.04,4.58
2020-01-05T14:55:31.045Z,375.0,13.5,6.17,3.39,4.73
2020-01-05T14:57:10.289Z,377.0,13.0,5.49,3.57,4.18
2020-01-05T14:58:49.533Z,377.0,14.6,3.87,5.34,4.38
2020-01-05T15:00:28.777Z,387.0,12.5,4.97,0.439,2.36
2020-01-05T15:02:08.021Z,378.0,13.5,5.9,-4.18,0.519
2020-01-05T15:03:47.265Z,374.0,14.2,6.52,-4.65,0.511
2020-01-05T15:05:26.509Z,377.0,12.3,7.94,-3.19,0.575
2020-01-05T15:07:05.754Z,376.0,12.5,8.3,-2.11,-0.0502
2020-01-05T15:08:44.998Z,374.0,11.9,8.12,-2.57,0.188
2020-01-05T15:10:24.242Z,377.0,11.5,8.18,-1.22,1.12
2020-01-05T15:12:03.486Z,378.0,12.3,7.98,0.746,1.48
2020-01-05T15:13:42.730Z,377.0,12.4,8.08,0.404,0.986
2020-01-05T15:15:21.975Z,377.0,11.7,8.12,0.213,0.275
2020-01-05T15:17:01.219Z,377.0,12.7,7.76,-2.24,-1.59
2020-01-05T15:18:40.463Z,400.0,8.46,3.7,-4.84,-3.67
2020-01-05T15:20:19.707Z,415.0,15.4,0.176,-7.17,-2.44
2020-01-05T15:21:58.951Z,414.0,12.8,-0.156,-7.17,-2.56
2020-01-05T15:23:38.195Z,404.0,14.8,0.42,-7.72,0.0861
2020-01-05T15:25:17.440Z,396.0,14.8,1.38,-8.15,1.03
2020-01-05T15:26:56.684Z,398.0,15.0,1.46,-7.05,2.08
2020-01-05T15:28:35.928Z,390.0,17.2,5.46,-2.93,0.675
2020-01-05T15:30:15.172Z,397.0,16.7,3.87,-4.19,0.847
2020-01-05T15:31:54.416Z,391.0,16.8,3.74,-1.54,-0.11
2020-01-05T15:33:30.559Z,386.0,19.5,1.76,4.56,-3.28
2020-01-05T15:35:09.803Z,398.0,19.7,-0.347,6.15,-3.46
2020-01-05T15:36:49.047Z,382.0,16.8,3.59,-4.95,2.32
2020-01-05T15:38:28.292Z,394.0,14.8,4.77,-3.6,-2.06
2020-01-05T15:40:07.536Z,398.0,13.6,2.6,4.95,-6.75
2020-01-05T15:41:46.780Z,400.0,13.5,3.14,0.719,-4.28
2020-01-05T15:43:26.024Z,388.0,16.1,5.03,-1.32,-2.88
2020-01-05T15:45:08.370Z,394.0,16.4,6.13,2.7,-2.81
2020-01-05T15:46:47.614Z,413.0,18.4,-0.347,1.67,-1.72
2020-01-05T15:48:26.858Z,418.0,18.7,-3.21,2.78,-1.19
2020-01-05T15:50:06.102Z,418.0,16.7,-2.71,-5.46,-2.14
2020-01-05T15:51:45.346Z,420.0,17.5,-2.95,-4.85,-3.74
2020-01-05T15:53:24.590Z,420.0,15.9,-1.69,4.6,-2.7
2020-01-05T15:55:03.835Z,412.0,15.8,5.82,0.434,6.49
2020-01-05T15:56:43.079Z,436.0,18.0,2.17,6.87,5.28
2020-01-05T15:58:22.323Z,418.0,18.9,5.39,1.31,7.15
2020-01-05T16:00:01.567Z,429.0,17.2,2.83,6.13,4.87
2020-01-05T16:01:40.811Z,421.0,19.5,4.91,3.39,6.19
2020-01-05T16:03:16.954Z,417.0,18.6,4.25,-1.15,8.11
2020-01-05T16:04:56.198Z,416.0,18.7,4.17,0.134,7.83
2020-01-05T16:06:35.443Z,421.0,17.3,4.56,-1.37,7.41
2020-01-05T16:08:14.687Z,411.0,17.9,6.01,2.46,5.84
2020-01-05T16:09:53.931Z,417.0,19.3,4.36,4.46,5.1
2020-01-05T16:11:30.074Z,422.0,17.3,3.24,1.72,8.27
2020-01-05T16:13:09.318Z,416.0,16.5,4.65,2.9,8.67
2020-01-05T16:14:48.562Z,416.0,16.6,4.92,3.15,9.35
2020-01-05T16:16:27.806Z,417.0,15.7,5.02,4.25,8.66
2020-01-05T16:18:07.050Z,408.0,15.6,5.46,4.88,3.06
2020-01-05T16:19:46.294Z,393.0,16.0,8.86,4.4,0.445
2020-01-05T16:21:25.539Z,402.0,18.3,7.38,4.87,4.84
2020-01-05T16:23:04.783Z,401.0,15.9,7.19,3.68,6.46
2020-01-05T16:24:44.027Z,400.0,17.1,6.52,2.87,7.01
2020-01-05T16:26:26.373Z,416.0,16.0,5.55,0.184,7.0
2020-01-05T16:28:05.617Z,419.0,21.1,4.2,6.37,6.12
2020-01-05T16:29:44.861Z,426.0,18.7,3.78,7.15,4.75
2020-01-05T16:31:24.105Z,423.0,18.1,4.09,7.62,4.05
2020-01-05T16:33:03.349Z,424.0,17.5,3.87,8.78,2.43
2020-01-05T16:34:42.593Z,423.0,16.9,4.63,8.8,2.01
2020-01-05T16:36:21.838Z,420.0,17.9,5.44,6.93,4.1
2020-01-05T16:38:01.082Z,423.0,17.7,5.19,7.43,4.18
2020-01-05T16:39:40.326Z,422.0,17.4,6.52,4.11,5.66
2020-01-05T16:41:19.570Z,421.0,14.7,6.28,6.34,2.93
2020-01-05T16:42:58.814Z,416.0,18.2,6.98,5.9,3.0
2020-01-05T16:44:34.957Z,420.0,17.9,8.02,6.29,1.59
2020-01-05T16:46:14.201Z,423.0,18.7,8.21,3.81,3.18
2020-01-05T16:47:53.445Z,418.0,17.5,8.61,4.3,3.99
2020-01-05T16:49:32.690Z,421.0,17.3,8.16,2.71,4.8
2020-01-05T16:52:48.077Z,452.0,15.5,8.91,3.29,4.87
2020-01-05T16:54:27.321Z,412.0,18.7,8.69,2.09,5.26
2020-01-05T16:56:06.565Z,419.0,18.1,9.05,-2.25,3.67
2020-01-05T16:57:45.809Z,427.0,19.5,7.34,-3.87,5.46
2020-01-05T16:59:25.053Z,427.0,18.3,6.38,-6.09,4.29
2020-01-05T17:01:04.297Z,425.0,19.6,7.35,-2.95,5.51
2020-01-05T17:02:43.542Z,431.0,18.3,6.39,-2.24,4.27
2020-01-05T17:09:20.518Z,441.0,24.3,0.544,-6.73,1.14
2020-01-05T17:10:59.762Z,438.0,22.2,0.739,-7.09,1.28
2020-01-05T17:12:39.007Z,437.0,21.7,0.684,-6.82,2.13
2020-01-05T17:14:18.251Z,427.0,21.9,5.09,-2.89,1.33
2020-01-05T17:15:57.495Z,432.0,23.6,3.17,-4.16,0.405
2020-01-05T17:17:36.739Z,434.0,23.4,1.08,-6.24,1.09
2020-01-05T17:19:15.983Z,436.0,22.3,1.12,-7.08,-0.0235
2020-01-05T17:20:55.228Z,436.0,22.0,0.639,-6.89,2.4
2020-01-05T17:22:31.370Z,445.0,22.5,-1.83,-4.94,3.01
2020-01-05T17:24:10.614Z,438.0,22.8,-3.16,-3.33,0.325
2020-01-05T17:25:49.859Z,429.0,19.7,-0.544,4.0,-6.37
2020-01-05T17:27:29.103Z,430.0,13.4,1.34,3.91,-7.51
2020-01-05T17:29:08.347Z,426.0,16.1,2.13,1.75,-8.02
2020-01-05T17:30:47.591Z,434.0,14.5,0.793,2.55,-8.95
2020-01-05T17:32:26.835Z,434.0,15.6,0.374,1.12,-8.07
2020-01-05T17:34:06.080Z,431.0,16.4,-1.57,2.65,-8.58
2020-01-05T17:35:45.324Z,427.0,17.4,1.19,2.61,-7.85
2020-01-05T17:37:24.568Z,425.0,17.2,1.45,2.33,-7.97
2020-01-05T17:39:03.812Z,425.0,16.8,0.0599,1.53,-7.18
2020-01-05T17:40:43.056Z,419.0,18.7,3.83,0.862,-4.58
2020-01-05T17:42:22.301Z,424.0,17.8,1.27,-0.0271,-5.48
2020-01-05T17:44:01.545Z,422.0,16.2,1.39,-0.28,-8.88
2020-01-05T17:45:40.789Z,424.0,15.0,1.51,-1.76,-8.97
2020-01-05T17:47:20.033Z,420.0,19.5,2.91,-6.49,1.05
2020-01-05T17:48:59.277Z,422.0,20.1,1.74,-8.27,1.5
2020-01-05T17:50:38.521Z,428.0,18.8,0.0292,-8.43,1.99
2020-01-05T17:52:17.766Z,444.0,19.1,-3.21,-7.69,2.78
2020-01-05T17:53:57.010Z,438.0,14.2,0.956,-6.12,0.643
2020-01-05T17:55:36.254Z,419.0,18.1,4.99,-4.86,-0.868
2020-01-05T17:57:15.498Z,421.0,17.8,3.53,-4.46,-0.361
2020-01-05T17:58:54.742Z,417.0,15.9,3.84,-6.9,0.0395
2020-01-05T18:00:30.885Z,418.0,14.8,4.24,-8.2,0.197
2020-01-05T18:02:10.129Z,416.0,14.7,4.6,-8.11,1.1
2020-01-05T18:03:49.373Z,414.0,14.2,5.08,-7.97,1.03
2020-01-05T18:05:28.618Z,413.0,14.9,5.77,-7.84,1.17
2020-01-05T18:07:07.862Z,411.0,13.8,6.17,-8.36,0.785
2020-01-05T18:08:47.106Z,408.0,15.3,6.42,-2.27,2.94
2020-01-05T18:10:26.350Z,404.0,13.9,7.58,-0.672,4.0
2020-01-05T18:12:05.594Z,404.0,14.4,7.36,-0.682,4.51
2020-01-05T18:13:44.839Z,402.0,14.1,7.45,-0.51,4.19
2020-01-05T18:15:24.083Z,399.0,15.0,7.65,0.324,4.19
2020-01-05T18:17:03.327Z,404.0,12.9,7.82,0.0264,4.64
2020-01-05T18:18:42.571Z,401.0,14.9,6.98,-0.476,4.61
2020-01-05T18:20:21.815Z,401.0,14.8,7.57,-0.798,5.48
2020-01-05T18:22:01.060Z,406.0,12.5,7.42,-3.64,5.27
2020-01-05T18:23:40.304Z,408.0,12.6,6.54,-5.47,4.86
2020-01-05T18:25:19.548Z,411.0,12.4,5.2,-6.71,4.92
2020-01-05T18:26:58.792Z,416.0,10.0,3.67,-9.34,2.87
2020-01-05T18:28:38.036Z,408.0,8.31,5.79,-7.5,4.85
2020-01-05T18:30:14.179Z,421.0,10.1,2.19,-7.66,1.89
2020-01-05T18:31:53.423Z,454.0,11.0,-4.07,-6.0,-4.27
2020-01-05T18:33:32.667Z,451.0,11.1,-5.04,-4.36,-5.42
2020-01-05T18:35:11.912Z,444.0,10.5,-1.98,-4.66,-3.66
2020-01-05T18:36:51.156Z,443.0,9.48,-0.295,-5.5,-0.897
2020-01-05T18:38:27.299Z,440.0,9.12,5.94,-4.93,4.08
2020-01-05T18:40:06.543Z,440.0,9.13,6.63,-3.57,4.79
2020-01-05T18:41:45.787Z,442.0,9.6,5.42,-5.69,3.9
2020-01-05T18:43:25.031Z,440.0,9.41,4.84,-6.04,3.43
2020-01-05T18:45:04.275Z,433.0,11.7,-1.35,-5.12,-3.96
2020-01-05T18:46:43.520Z,432.0,12.2,-2.16,-2.47,-5.19
2020-01-05T18:48:22.764Z,435.0,11.1,-0.872,-3.54,-2.26
2020-01-05T18:50:02.008Z,437.0,11.7,3.24,-3.22,4.05
2020-01-05T18:51:41.252Z,436.0,11.1,3.44,-3.05,4.41
2020-01-05T18:53:20.496Z,434.0,10.5,3.8,-3.54,4.2
2020-01-05T18:54:59.741Z,433.0,10.9,2.95,-4.15,3.84
2020-01-05T18:56:38.985Z,440.0,12.0,-0.391,-1.9,1.08
2020-01-05T18:58:18.229Z,438.0,11.1,2.94,1.09,3.27
2020-01-05T18:59:57.473Z,441.0,10.5,4.73,0.306,4.23
2020-01-05T19:01:36.717Z,434.0,9.87,3.54,-3.12,2.2
2020-01-05T19:03:15.961Z,433.0,11.5,1.23,-5.81,-1.01
2020-01-05T19:04:55.206Z,428.0,10.8,-0.539,-4.91,-4.75
2020-01-05T19:06:34.450Z,434.0,11.0,-1.89,-3.54,-5.18
2020-01-05T19:08:10.593Z,437.0,10.3,-2.46,-4.12,-5.13
2020-01-05T19:09:49.837Z,438.0,10.9,-2.7,-0.103,-5.43
2020-01-05T19:11:29.081Z,432.0,11.2,-2.46,-2.86,-4.44
2020-01-05T19:13:08.325Z,440.0,8.73,-0.67,-6.8,-2.93
2020-01-05T19:14:47.569Z,440.0,9.31,-0.595,-6.3,-3.09
2020-01-05T19:16:26.814Z,445.0,8.66,-0.621,-6.31,-2.24
2020-01-05T19:18:06.058Z,443.0,9.09,-0.561,-6.62,-1.26
2020-01-05T19:19:48.403Z,446.0,9.01,-1.23,-6.0,-2.8
2020-01-05T19:21:27.648Z,450.0,7.75,-1.2,-6.25,-3.66
2020-01-05T19:23:06.892Z,451.0,8.03,-0.729,-5.78,-2.8
2020-01-05T19:24:46.136Z,442.0,10.9,2.02,0.589,3.04
2020-01-05T19:26:25.380Z,443.0,11.0,2.4,3.08,4.72
2020-01-05T19:28:04.624Z,445.0,10.2,0.998,-4.86,-1.04
2020-01-05T19:29:43.869Z,443.0,9.5,2.3,-5.17,0.805
2020-01-05T19:31:23.113Z,439.0,9.5,3.62,-4.54,1.36
2020-01-05T19:33:02.357Z,445.0,9.26,4.49,-3.33,1.48
2020-01-05T19:34:41.601Z,451.0,10.5,4.46,0.15,4.35
2020-01-05T19:36:20.845Z,457.0,11.8,3.26,3.22,4.68
2020-01-05T19:38:03.191Z,459.0,11.8,2.94,3.45,5.16
2020-01-05T19:39:42.435Z,460.0,10.5,2.71,4.2,4.99
2020-01-05T19:41:21.679Z,466.0,10.8,1.9,4.84,4.52
2020-01-05T19:43:00.923Z,451.0,9.99,4.9,-0.389,5.27
2020-01-05T19:44:40.168Z,450.0,10.1,4.27,-3.74,2.68
2020-01-05T19:46:19.412Z,452.0,10.1,3.75,-4.17,3.45
2020-01-05T19:47:58.656Z,448.0,9.48,4.82,-3.41,3.55
2020-01-05T19:49:37.900Z,450.0,9.44,5.75,-2.2,4.36
2020-01-05T19:51:17.144Z,453.0,8.71,5.64,-1.93,5.02
2020-01-05T19:52:53.287Z,452.0,9.17,4.96,-2.69,4.29
2020-01-05T19:54:32.531Z,449.0,9.13,4.71,-3.56,3.8
2020-01-05T19:56:11.776Z,451.0,9.51,4.55,-2.28,5.45
2020-01-05T19:57:51.020Z,458.0,8.91,4.88,-1.86,5.82
2020-01-05T19:59:30.264Z,459.0,9.17,3.99,-2.64,6.38
2020-01-05T20:01:09.508Z,457.0,8.36,4.37,-2.79,6.1
2020-01-05T20:02:48.752Z,462.0,8.84,4.48,-2.95,6.04
2020-01-05T20:04:27.997Z,466.0,8.85,3.94,-3.95,5.73
2020-01-05T20:06:07.241Z,464.0,8.79,4.03,-3.74,5.47
2020-01-05T20:07:46.485Z,466.0,8.58,5.34,-1.09,5.49
2020-01-05T20:09:25.729Z,465.0,8.89,4.38,-3.13,5.39
2020-01-05T20:11:04.973Z,468.0,8.57,4.66,-3.76,4.91
2020-01-05T20:12:44.218Z,463.0,8.2,4.39,-5.12,3.93
2020-01-05T20:14:23.462Z,466.0,7.64,3.9,-5.7,3.42
2020-01-05T20:16:02.706Z,464.0,7.99,3.3,-5.87,4.03
2020-01-05T20:17:41.950Z,466.0,7.9,3.25,-6.25,3.56
2020-01-05T20:19:21.194Z,466.0,7.95,3.3,-6.57,2.42
2020-01-05T20:21:00.439Z,464.0,7.62,2.73,-7.1,2.08
2020-01-05T20:22:39.683Z,466.0,7.44,2.07,-7.31,1.58
2020-01-05T20:24:18.927Z,464.0,7.93,2.36,-7.25,1.59
2020-01-05T20:25:58.171Z,467.0,7.19,2.8,-6.32,3.54
2020-01-05T20:27:37.415Z,473.0,7.67,2.29,-6.22,4.55
2020-01-05T20:29:16.659Z,473.0,7.39,1.03,-7.99,0.545
2020-01-05T20:30:52.802Z,482.0,7.89,0.627,-7.11,0.166
2020-01-05T20:32:32.046Z,466.0,7.27,2.98,-4.48,4.9
2020-01-05T20:34:11.291Z,469.0,6.86,2.55,-6.79,2.21
2020-01-05T20:35:50.535Z,474.0,6.69,1.18,-7.1,-0.583
2020-01-05T20:37:29.779Z,474.0,6.58,1.11,-6.74,-1.93
2020-01-05T20:39:09.023Z,472.0,7.02,1.03,-6.82,-1.31
2020-01-05T20:40:48.267Z,467.0,6.66,0.627,-7.19,-1.14
2020-01-05T20:42:27.512Z,467.0,6.74,1.15,-6.75,-0.369
2020-01-05T20:44:06.756Z,470.0,7.18,2.08,-6.04,1.96
2020-01-05T20:45:46.000Z,468.0,7.12,3.86,-3.44,3.65
2020-01-05T20:47:25.244Z,462.0,6.97,4.29,2.51,4.7
2020-01-05T20:49:04.488Z,471.0,7.25,4.03,-1.1,4.73
2020-01-05T20:50:43.733Z,475.0,6.38,5.49,-0.0996,4.96
2020-01-05T20:52:22.977Z,478.0,6.6,5.52,-0.683,4.53
2020-01-05T20:54:02.221Z,474.0,6.29,5.25,-0.109,4.4
2020-01-05T20:55:41.465Z,473.0,6.85,2.89,-3.66,1.85
2020-01-05T20:57:20.709Z,474.0,6.77,2.09,-5.44,1.26
2020-01-05T20:58:59.954Z,472.0,6.94,2.71,-4.59,1.97
2020-01-05T21:00:36.096Z,469.0,6.6,4.0,-3.37,3.97
2020-01-05T21:02:15.341Z,469.0,6.1,3.67,-3.99,4.3
2020-01-05T21:03:54.585Z,468.0,6.42,3.6,-4.67,2.82
2020-01-05T21:05:33.829Z,471.0,5.67,2.38,-6.04,0.766
2020-01-05T21:07:13.073Z,497.0,6.41,-0.636,-6.17,-1.97
2020-01-05T21:08:49.216Z,492.0,5.41,-0.121,-6.65,-2.82
2020-01-05T21:10:28.460Z,498.0,5.49,-1.01,-6.13,-3.9
2020-01-05T21:15:26.193Z,488.0,6.06,0.21,-6.65,-2.48
2020-01-05T21:17:05.437Z,484.0,4.79,0.854,-6.18,2.09
2020-01-05T21:18:44.681Z,475.0,5.62,2.12,-6.47,-0.0525
2020-01-05T21:20:23.925Z,477.0,5.84,2.93,-6.44,-0.933
2020-01-05T21:22:03.170Z,474.0,5.84,2.26,-5.78,0.822
2020-01-05T21:23:42.414Z,487.0,5.25,0.2,-6.2,3.89
2020-01-05T21:25:21.658Z,484.0,5.45,1.02,-5.54,4.16
2020-01-05T21:27:00.902Z,482.0,5.26,0.585,-6.06,1.59
2020-01-05T21:28:40.146Z,472.0,4.97,3.17,-4.2,3.98
2020-01-05T21:30:19.391Z,470.0,5.14,3.58,-3.67,4.16
2020-01-05T21:31:58.635Z,471.0,4.89,3.53,-3.83,3.82
2020-01-05T21:33:37.879Z,475.0,4.65,3.38,-4.6,3.31
2020-01-05T21:35:17.123Z,472.0,5.02,2.98,-3.79,4.33
2020-01-05T21:36:56.367Z,471.0,4.88,3.36,-3.3,4.24
2020-01-05T21:38:32.510Z,477.0,4.7,3.04,-2.79,4.77
2020-01-05T21:40:11.754Z,477.0,4.36,3.83,-4.34,1.96
2020-01-05T21:41:50.999Z,475.0,3.56,3.64,-4.3,1.31
2020-01-05T21:43:30.243Z,476.0,3.84,3.98,-2.61,3.15
2020-01-05T21:45:09.487Z,479.0,3.47,4.13,-2.29,3.13
2020-01-05T21:46:48.731Z,486.0,3.57,3.6,-2.12,3.45
2020-01-05T21:48:27.975Z,484.0,3.1,3.74,-1.78,3.03
2020-01-05T21:50:07.220Z,495.0,3.74,3.23,-3.46,1.95
2020-01-05T21:51:46.464Z,495.0,3.62,3.22,-3.36,1.6
2020-01-05T21:53:25.708Z,489.0,3.51,3.33,-2.85,2.45
2020-01-05T21:55:04.952Z,501.0,3.89,3.34,-2.99,1.58
2020-01-05T21:56:44.196Z,495.0,3.84,4.32,-1.62,1.67
2020-01-05T21:58:23.441Z,501.0,3.63,4.21,-1.36,2.41
2020-01-05T22:00:02.685Z,503.0,3.85,4.07,-1.33,1.8
2020-01-05T22:01:41.929Z,497.0,3.55,4.23,-1.54,1.76
2020-01-05T22:03:21.173Z,494.0,3.74,4.18,-1.81,1.22
2020-01-05T22:05:00.417Z,499.0,3.73,4.41,-1.35,0.573
2020-01-05T22:06:39.662Z,504.0,3.99,3.5,-2.56,1.5
2020-01-05T22:08:18.906Z,502.0,3.77,3.91,-2.13,0.957
2020-01-05T22:09:58.150Z,500.0,3.78,3.87,-2.13,1.64
2020-01-05T22:11:37.394Z,500.0,3.79,3.84,-2.53,1.54
2020-01-05T22:13:16.638Z,513.0,4.06,3.33,-2.04,1.35
2020-01-05T22:14:55.883Z,517.0,4.38,1.51,-1.41,-1.14
2020-01-05T22:16:35.127Z,524.0,4.45,-0.909,-0.422,-2.36
2020-01-05T22:18:14.371Z,515.0,4.52,0.586,-1.38,-2.76
2020-01-05T22:19:53.615Z,510.0,4.42,1.07,-1.66,-3.44
2020-01-05T22:21:32.860Z,509.0,4.24,0.542,-1.14,-4.36
2020-01-05T22:23:12.104Z,508.0,4.37,1.21,-0.552,-4.09
2020-01-05T22:24:51.348Z,509.0,4.55,1.24,-0.146,-3.66
2020-01-05T22:26:30.592Z,511.0,4.33,0.241,-0.687,-4.0
2020-01-05T22:28:09.836Z,519.0,4.15,-0.928,-2.06,-3.76
2020-01-05T22:29:49.081Z,522.0,4.08,-1.18,-2.16,-3.68
2020-01-05T22:31:28.325Z,519.0,3.83,-1.14,-2.07,-3.79
2020-01-05T22:33:07.569Z,507.0,4.24,1.47,-3.25,-2.54
2020-01-05T22:34:46.813Z,506.0,4.23,1.39,-2.77,-3.05
2020-01-05T22:36:26.057Z,507.0,4.0,0.734,-2.89,-3.24
2020-01-05T22:38:05.302Z,512.0,4.04,0.384,-3.27,-2.87
2020-01-05T22:39:44.546Z,516.0,3.99,-0.171,-3.2,-2.91
2020-01-05T22:41:23.790Z,517.0,4.18,-0.165,-1.91,-3.61
2020-01-05T22:43:03.034Z,527.0,3.71,-0.684,-1.4,-4.07
2020-01-05T22:44:42.278Z,525.0,3.54,-0.955,-1.8,-4.05
2020-01-05T22:46:21.523Z,530.0,3.72,-1.45,-1.72,-3.87
2020-01-05T22:48:00.767Z,523.0,3.95,-0.43,-1.78,-3.49
2020-01-05T22:49:36.910Z,549.0,2.89,-2.31,-1.94,-0.981
2020-01-05T22:51:16.154Z,551.0,3.04,-2.76,-0.707,-1.28
2020-01-05T22:52:55.398Z,526.0,2.98,0.498,-1.73,-2.15
2020-01-05T22:54:34.642Z,529.0,3.1,0.821,-2.18,-2.04
2020-01-05T22:56:13.886Z,536.0,2.6,0.238,-2.83,-1.67
2020-01-05T22:57:50.029Z,533.0,2.82,0.544,-2.64,-1.41
2020-01-05T22:59:29.273Z,533.0,2.6,0.17,-3.0,1.61
2020-01-05T23:01:08.518Z,535.0,2.61,-0.0741,-3.18,1.38
2020-01-05T23:02:47.762Z,534.0,2.97,-0.138,-2.81,1.63
2020-01-05T23:04:27.006Z,530.0,2.73,0.532,-2.52,-0.464
2020-01-05T23:06:06.250Z,532.0,2.51,1.39,-1.52,-2.21
2020-01-05T23:07:45.494Z,534.0,2.94,0.199,-2.82,1.06
2020-01-05T23:09:24.738Z,541.0,2.79,-0.389,-2.98,1.49
2020-01-05T23:11:03.983Z,541.0,2.74,-0.116,-3.03,-0.585
2020-01-05T23:12:46.328Z,541.0,2.5,-0.0424,-2.87,-1.65
2020-01-05T23:14:25.572Z,539.0,2.76,0.0476,-2.79,-1.96
2020-01-05T23:16:04.816Z,542.0,2.73,-0.385,-3.08,-0.281
2020-01-05T23:17:44.060Z,543.0,2.68,-0.371,-3.15,-0.596
2020-01-05T23:19:23.304Z,534.0,2.46,0.301,-3.01,-1.99
2020-01-05T23:21:02.548Z,537.0,2.49,0.161,-3.21,-1.56
2020-01-05T23:22:41.792Z,540.0,2.73,0.0441,-3.0,-1.28
2020-01-05T23:24:21.036Z,546.0,2.54,-0.779,-3.17,0.87
2020-01-05T23:26:00.279Z,562.0,2.9,-0.41,-1.62,-0.592
2020-01-05T23:27:39.523Z,526.0,2.68,2.23,-0.174,-2.13
2020-01-05T23:29:18.767Z,540.0,2.89,0.262,-1.53,-2.24
2020-01-05T23:30:58.011Z,538.0,2.62,0.673,-1.49,-2.26
2020-01-05T23:32:37.255Z,526.0,2.46,1.96,-1.14,-1.58
2020-01-05T23:34:16.498Z,527.0,2.89,1.81,-1.43,-1.53
2020-01-05T23:35:55.742Z,523.0,2.81,1.72,-1.85,-1.05
2020-01-05T23:37:34.986Z,532.0,3.12,1.07,-1.56,-1.95
2020-01-05T23:39:11.128Z,527.0,2.92,1.55,-1.66,-1.39
2020-01-05T23:40:50.372Z,522.0,2.58,1.18,-1.71,-1.98
2020-01-05T23:42:29.616Z,518.0,2.92,1.36,-2.35,-1.18
2020-01-05T23:44:08.859Z,518.0,2.81,1.6,-2.01,-0.999
2020-01-05T23:45:48.103Z,519.0,2.93,0.821,-2.38,0.972
2020-01-05T23:47:27.347Z,518.0,2.76,1.25,-1.95,1.18
2020-01-05T23:49:06.590Z,525.0,2.71,0.669,-2.92,-0.533
2020-01-05T23:50:45.834Z,531.0,2.78,0.0373,-2.46,-0.761
2020-01-05T23:52:25.078Z,530.0,3.23,0.12,-1.4,-0.395
2020-01-05T23:54:07.422Z,531.0,3.09,0.452,-0.806,0.00705
2020-01-05T23:55:46.666Z,524.0,3.06,1.49,-0.833,0.0651
2020-01-05T23:57:25.910Z,519.0,2.95,1.51,-1.85,-0.578
2020-01-06T00:00:44.397Z,521.0,3.13,1.74,-1.3,-0.816
2020-01-06T00:02:23.640Z,523.0,3.12,1.52,-1.37,-0.789
2020-01-06T00:04:02.884Z,521.0,3.17,1.42,-1.7,-0.293
2020-01-06T00:05:42.127Z,522.0,3.18,1.54,-1.78,-0.0911
2020-01-06T00:07:21.371Z,521.0,3.05,1.61,-1.85,-0.403
2020-01-06T00:09:00.614Z,519.0,3.07,1.39,-1.18,-0.368
2020-01-06T00:10:39.858Z,525.0,3.48,-0.784,0.322,-0.989
2020-01-06T00:12:16.000Z,524.0,3.43,-0.805,0.0718,-1.27
2020-01-06T00:13:55.243Z,514.0,3.15,1.04,-0.913,-0.678
2020-01-06T00:15:34.487Z,511.0,2.97,0.48,-0.585,0.0959
2020-01-06T00:17:13.730Z,517.0,3.42,-0.857,0.202,-0.289
2020-01-06T00:18:52.973Z,539.0,3.02,-2.6,0.357,-1.14
2020-01-06T00:20:29.116Z,543.0,2.87,-2.89,0.17,-1.14
2020-01-06T00:22:08.359Z,540.0,2.97,-2.67,0.0731,-0.35
2020-01-06T00:23:47.602Z,540.0,3.03,-2.68,0.35,-0.636
2020-01-06T00:25:26.846Z,542.0,3.04,-2.89,0.135,-0.815
2020-01-06T00:27:06.089Z,540.0,2.85,-2.82,-0.202,-0.999
2020-01-06T00:28:45.333Z,539.0,2.95,-2.41,-0.997,-1.26
2020-01-06T00:30:24.576Z,537.0,3.08,-1.92,-0.631,-1.41
2020-01-06T00:32:03.819Z,532.0,3.44,-0.963,0.204,-1.03
2020-01-06T00:33:43.063Z,534.0,3.24,-1.72,-0.334,-1.51
2020-01-06T00:35:22.306Z,535.0,3.06,-1.53,-1.31,-1.24
2020-01-06T00:37:01.549Z,533.0,3.23,-1.48,-0.849,-0.669
2020-01-06T00:38:40.793Z,532.0,3.17,-1.59,-0.361,-1.11
2020-01-06T00:40:20.036Z,532.0,3.37,-1.5,0.172,-1.25
2020-01-06T00:41:59.279Z,533.0,3.31,-1.05,0.262,-1.39
2020-01-06T00:43:38.523Z,530.0,3.39,-0.582,0.22,-1.33
2020-01-06T00:45:17.766Z,528.0,3.25,-0.512,-0.475,-1.51
2020-01-06T00:46:57.009Z,534.0,3.14,-0.964,-1.74,-1.55
2020-01-06T00:48:36.253Z,525.0,3.32,0.667,-0.652,-1.96
2020-01-06T00:50:15.496Z,519.0,3.4,2.22,0.655,-1.42
2020-01-06T00:51:54.739Z,515.0,3.15,2.9,1.19,-1.08
2020-01-06T00:53:33.983Z,515.0,3.28,2.67,1.33,-0.919
2020-01-06T00:55:13.226Z,513.0,3.05,2.67,0.78,-1.47
2020-01-06T00:56:52.469Z,516.0,3.22,1.6,-0.442,-2.42
2020-01-06T00:58:31.712Z,517.0,3.39,1.14,-1.37,-2.27
2020-01-06T01:00:10.956Z,522.0,3.41,0.795,-2.41,-0.17
2020-01-06T01:01:50.199Z,522.0,2.81,0.487,-3.04,-0.942
2020-01-06T01:03:29.442Z,519.0,3.24,0.719,-2.45,-0.693
2020-01-06T01:05:08.685Z,516.0,3.04,1.07,-3.06,0.289
2020-01-06T01:06:47.929Z,510.0,2.97,1.21,-3.12,0.842
2020-01-06T01:08:27.172Z,512.0,2.82,1.72,-2.94,1.59
2020-01-06T01:10:06.415Z,513.0,2.56,1.74,-2.82,1.92
2020-01-06T01:11:45.658Z,515.0,2.72,1.6,-2.87,1.64
2020-01-06T01:13:24.902Z,519.0,2.69,1.24,-3.06,1.55
2020-01-06T01:15:04.145Z,519.0,2.84,1.15,-2.86,1.59
2020-01-06T01:16:43.388Z,526.0,2.89,-0.0832,-3.33,0.283
2020-01-06T01:18:22.631Z,535.0,3.06,-0.575,-3.18,-0.363
2020-01-06T01:20:01.875Z,520.0,2.41,1.74,-2.42,0.344
2020-01-06T01:21:41.118Z,513.0,2.58,1.78,-2.14,1.5
2020-01-06T01:23:20.361Z,513.0,2.93,1.59,-1.77,2.33
2020-01-06T01:24:59.604Z,516.0,2.87,2.04,-1.57,2.7
2020-01-06T01:26:38.848Z,517.0,2.82,2.36,-1.26,2.54
2020-01-06T01:28:18.091Z,517.0,2.78,2.46,-0.945,2.45
2020-01-06T01:29:57.334Z,521.0,2.71,2.13,-0.813,2.49
2020-01-06T01:31:36.577Z,525.0,2.69,2.01,-0.906,2.78
2020-01-06T01:33:15.821Z,523.0,2.82,1.95,-1.12,2.77
2020-01-06T01:34:55.064Z,527.0,2.47,1.64,-2.19,2.65
2020-01-06T01:36:34.307Z,531.0,2.78,0.803,-2.99,2.07
2020-01-06T01:38:13.550Z,542.0,2.77,-0.829,-3.32,1.19
2020-01-06T01:39:52.794Z,538.0,2.85,-0.55,-3.3,0.903
2020-01-06T01:41:32.037Z,542.0,2.74,-0.618,-3.56,0.795
2020-01-06T01:43:11.280Z,544.0,2.81,-0.905,-3.43,0.591
2020-01-06T01:44:50.524Z,547.0,2.98,-1.03,-3.39,0.846
2020-01-06T01:46:29.767Z,546.0,2.8,-1.03,-3.16,1.27
2020-01-06T01:48:09.010Z,548.0,2.89,-1.37,-2.86,1.73
2020-01-06T01:49:48.254Z,546.0,2.69,-0.134,-2.96,-0.239
2020-01-06T01:51:27.497Z,531.0,2.85,0.513,-3.08,-0.814
2020-01-06T01:53:06.741Z,529.0,3.12,1.28,-2.89,-0.917
2020-01-06T01:54:45.984Z,518.0,2.56,2.22,-2.28,-1.43
2020-01-06T01:56:25.228Z,516.0,2.69,2.27,-2.34,-0.932
2020-01-06T01:58:04.471Z,500.0,1.55,2.73,-1.83,-0.752
2020-01-06T01:59:43.715Z,506.0,2.35,2.56,-1.96,-0.336
2020-01-06T02:01:22.958Z,547.0,2.37,-0.929,-3.0,0.189
2020-01-06T02:03:02.202Z,519.0,2.54,1.44,-3.02,0.101
2020-01-06T02:04:41.445Z,518.0,2.53,1.53,-3.14,0.563
2020-01-06T02:06:20.689Z,525.0,2.6,1.34,-3.23,0.68
2020-01-06T02:07:59.933Z,518.0,2.28,1.9,-2.79,0.861
2020-01-06T02:09:39.176Z,524.0,2.54,1.3,-2.8,1.43
2020-01-06T02:11:18.420Z,528.0,2.61,1.35,-2.92,0.437
2020-01-06T02:12:54.562Z,528.0,2.61,1.23,-3.09,1.12
2020-01-06T02:14:33.806Z,530.0,2.66,0.993,-2.78,1.66
2020-01-06T02:16:13.049Z,535.0,2.55,0.721,-3.13,1.54
2020-01-06T02:17:52.293Z,532.0,2.43,0.884,-3.11,1.75
2020-01-06T02:19:31.537Z,538.0,2.39,0.337,-3.1,2.15
2020-01-06T02:21:10.780Z,533.0,2.42,0.897,-3.23,1.81
2020-01-06T02:22:50.024Z,537.0,2.47,0.705,-3.52,1.58
2020-01-06T02:24:32.369Z,538.0,2.63,0.795,-3.64,1.2
2020-01-06T02:26:11.613Z,535.0,2.69,0.797,-3.69,1.14
2020-01-06T02:27:50.857Z,537.0,2.87,0.609,-3.8,0.629
2020-01-06T02:29:30.100Z,540.0,2.92,0.525,-3.82,0.543
2020-01-06T02:31:09.344Z,540.0,2.8,0.544,-3.93,0.136
2020-01-06T02:32:48.588Z,539.0,2.77,0.521,-3.78,-0.276
2020-01-06T02:34:27.832Z,534.0,2.77,0.762,-3.71,-0.34
2020-01-06T02:36:07.076Z,537.0,2.79,0.77,-3.71,-0.435
2020-01-06T02:37:46.319Z,537.0,2.87,0.911,-3.54,-0.823
2020-01-06T02:39:25.563Z,537.0,2.84,0.783,-3.57,-0.696
2020-01-06T02:41:04.807Z,539.0,2.77,0.429,-3.7,-0.27
2020-01-06T02:42:40.949Z,535.0,2.69,0.969,-3.49,-0.846
2020-01-06T02:44:20.193Z,532.0,2.71,0.78,-3.15,-0.339
2020-01-06T02:45:59.437Z,537.0,2.83,0.242,-3.43,0.864
2020-01-06T02:47:38.681Z,536.0,2.88,0.42,-3.34,1.28
2020-01-06T02:49:17.925Z,539.0,2.84,0.637,-3.02,1.47
2020-01-06T02:50:54.067Z,535.0,3.1,0.709,-3.16,1.31
2020-01-06T02:52:33.311Z,536.0,3.21,0.519,-3.3,1.19
2020-01-06T02:54:12.555Z,538.0,3.1,0.395,-3.59,0.646
2020-01-06T02:57:31.043Z,535.0,2.88,0.876,-3.53,-0.238
2020-01-06T02:59:10.287Z,535.0,3.13,0.882,-3.43,-0.458
2020-01-06T03:00:49.531Z,531.0,3.15,1.27,-3.28,-0.0761
2020-01-06T03:02:28.775Z,524.0,3.34,1.6,-2.95,-0.55
2020-01-06T03:04:08.019Z,536.0,3.2,0.857,-2.8,-1.85
2020-01-06T03:05:50.364Z,531.0,3.15,1.56,-2.8,-1.31
2020-01-06T03:07:29.608Z,530.0,3.16,1.04,-2.86,-0.971
2020-01-06T03:09:08.852Z,541.0,3.47,-0.852,-3.03,0.753
2020-01-06T03:10:48.096Z,546.0,3.51,-0.915,-3.19,0.551
2020-01-06T03:12:27.340Z,546.0,3.61,-1.8,-3.13,0.544
2020-01-06T03:14:06.584Z,544.0,3.62,-1.57,-3.47,-0.187
2020-01-06T03:15:45.828Z,539.0,4.0,-0.426,-3.44,-1.93
2020-01-06T03:17:25.072Z,535.0,3.69,-0.0229,-3.01,-2.53
2020-01-06T03:19:04.315Z,546.0,3.51,-0.985,-1.86,-3.34
2020-01-06T03:20:43.559Z,542.0,3.48,-1.11,-2.08,-2.97
2020-01-06T03:22:22.803Z,536.0,3.54,-0.47,-1.89,-3.15
2020-01-06T03:23:58.946Z,539.0,3.46,-0.493,-1.18,-3.6
2020-01-06T03:25:38.190Z,545.0,3.28,-0.797,0.679,-3.78
2020-01-06T03:27:17.434Z,544.0,3.22,-0.557,-0.0998,-3.51
2020-01-06T03:28:56.678Z,539.0,3.27,0.149,0.0388,-3.52
2020-01-06T03:30:35.922Z,534.0,3.47,0.184,1.45,-2.96
2020-01-06T03:32:12.065Z,537.0,3.3,0.0303,1.16,-3.18
2020-01-06T03:33:51.309Z,536.0,3.43,-0.198,0.933,-2.99
2020-01-06T03:35:30.553Z,536.0,3.63,-0.518,-1.08,-2.21
2020-01-06T03:37:09.797Z,536.0,3.64,-0.691,-1.27,-1.86
2020-01-06T03:38:49.041Z,533.0,3.33,-0.891,-1.68,-2.39
2020-01-06T03:40:28.285Z,534.0,3.11,-0.88,-1.73,-2.92
2020-01-06T03:42:07.529Z,532.0,2.93,-0.912,-1.56,-3.47
2020-01-06T03:43:46.773Z,533.0,2.93,-0.894,-2.01,-2.95
2020-01-06T03:45:26.017Z,535.0,2.97,-0.851,-2.2,-2.86
2020-01-06T03:47:05.261Z,519.0,3.64,-0.0511,-3.01,-1.78
2020-01-06T03:48:44.505Z,530.0,3.36,-0.654,-2.74,-2.19
2020-01-06T03:50:23.749Z,525.0,3.75,-0.213,-3.21,-1.73
2020-01-06T03:52:02.993Z,525.0,3.92,0.313,-3.19,-1.9
2020-01-06T03:53:42.237Z,524.0,3.8,0.712,-3.15,-2.11
2020-01-06T03:55:21.481Z,525.0,3.49,0.291,-2.79,-2.59
2020-01-06T03:57:00.725Z,525.0,3.17,-0.124,-3.31,-3.18
2020-01-06T03:58:39.969Z,528.0,2.78,-0.0483,-3.41,-3.71
2020-01-06T04:00:19.213Z,525.0,2.63,0.299,-2.98,-4.15
2020-01-06T04:01:58.457Z,518.0,2.7,0.894,-2.77,-4.27
2020-01-06T04:03:37.701Z,524.0,2.8,0.842,-3.1,-4.07
2020-01-06T04:05:16.945Z,523.0,2.63,0.822,-2.77,-3.85
2020-01-06T04:06:56.189Z,527.0,4.36,-0.789,-4.48,0.825
2020-01-06T04:08:35.433Z,529.0,4.21,-1.07,-4.47,0.187
2020-01-06T04:10:14.678Z,530.0,4.1,-1.11,-4.54,0.334
2020-01-06T04:11:53.922Z,528.0,4.19,-1.13,-4.47,0.483
2020-01-06T04:13:33.166Z,533.0,4.07,-1.45,-4.32,0.621
2020-01-06T04:15:12.410Z,532.0,3.96,-1.15,-4.29,0.523
2020-01-06T04:16:51.654Z,529.0,4.13,-0.795,-4.36,-1.18
2020-01-06T04:18:30.898Z,520.0,4.15,-0.143,-4.01,-2.0
2020-01-06T04:20:10.142Z,527.0,4.01,-0.496,-4.37,0.258
2020-01-06T04:21:49.386Z,532.0,4.06,-0.853,-4.42,0.0374
2020-01-06T04:23:28.630Z,532.0,4.07,-1.02,-4.4,0.151
2020-01-06T04:25:07.874Z,530.0,3.99,-0.954,-4.23,0.839
2020-01-06T04:26:47.118Z,517.0,4.28,1.09,-4.34,0.311
2020-01-06T04:28:26.363Z,524.0,4.23,0.15,-4.34,1.31
2020-01-06T04:30:05.607Z,525.0,3.96,-0.639,-3.89,1.9
2020-01-06T04:31:44.851Z,527.0,3.68,-0.708,-3.51,2.44
2020-01-06T04:33:24.095Z,522.0,3.61,-0.0667,-4.09,1.67
2020-01-06T04:35:03.339Z,521.0,3.74,-0.151,-3.9,1.77
2020-01-06T04:36:42.583Z,521.0,3.84,0.0244,-3.99,1.27
2020-01-06T04:38:21.827Z,521.0,3.75,-0.0285,-4.11,0.997
2020-01-06T04:40:01.071Z,525.0,3.65,-0.137,-4.21,1.05
2020-01-06T04:41:40.315Z,520.0,3.66,0.224,-4.29,0.714
2020-01-06T04:43:16.458Z,520.0,3.55,0.212,-4.24,0.936
2020-01-06T04:44:55.702Z,523.0,3.62,-0.198,-3.39,2.5
2020-01-06T04:46:34.946Z,518.0,3.46,0.225,-3.6,2.46
2020-01-06T04:48:14.190Z,520.0,3.3,0.113,-2.66,3.16
2020-01-06T04:49:53.435Z,519.0,3.48,0.287,-2.72,2.75
2020-01-06T04:51:32.679Z,520.0,3.14,0.0529,-3.12,2.75
2020-01-06T04:53:11.923Z,523.0,3.3,-0.157,-3.44,2.05
2020-01-06T04:54:51.167Z,520.0,3.03,-0.0072,-3.73,1.42
2020-01-06T04:56:30.411Z,521.0,3.52,-0.388,-3.84,1.23
2020-01-06T04:58:09.655Z,524.0,3.45,-0.999,-3.98,0.411
2020-01-06T04:59:48.899Z,523.0,3.11,-0.766,-3.83,-0.379
2020-01-06T05:01:28.143Z,523.0,3.65,-1.02,-4.0,-1.02
2020-01-06T05:03:07.388Z,523.0,3.55,-0.601,-4.28,-0.398
2020-01-06T05:04:46.632Z,521.0,3.4,-0.688,-4.37,-0.34
2020-01-06T05:06:25.876Z,519.0,3.8,-0.0529,-4.3,0.194
2020-01-06T05:08:05.120Z,522.0,3.39,-0.866,-4.31,-0.0408
2020-01-06T05:09:44.364Z,517.0,3.49,-0.645,-4.21,0.56
2020-01-06T05:11:23.608Z,516.0,3.54,-0.64,-4.34,0.341
2020-01-06T05:13:02.852Z,515.0,3.52,-0.933,-4.12,0.716
2020-01-06T05:14:42.096Z,519.0,3.48,-1.58,-3.75,0.956
2020-01-06T05:16:21.341Z,516.0,3.52,-1.35,-3.74,1.18
2020-01-06T05:19:39.829Z,514.0,3.6,-1.09,-3.78,1.38
2020-01-06T05:21:19.073Z,513.0,3.55,-0.744,-3.75,1.44
2020-01-06T05:22:58.317Z,512.0,3.5,-0.144,-3.71,1.39
2020-01-06T05:24:37.561Z,515.0,3.51,-0.738,-2.71,2.88
2020-01-06T05:26:16.806Z,517.0,3.49,-0.816,-2.5,2.95
2020-01-06T05:27:56.050Z,518.0,3.27,-0.75,-2.18,3.17
2020-01-06T05:31:14.538Z,512.0,3.26,0.259,-2.89,2.48
2020-01-06T05:32:53.782Z,511.0,3.3,1.17,-3.55,1.46
2020-01-06T05:34:33.026Z,507.0,3.28,1.47,-3.49,1.3
2020-01-06T05:37:51.515Z,487.0,3.22,1.95,-3.48,1.07
2020-01-06T05:39:30.759Z,497.0,3.11,2.26,-3.37,1.07
2020-01-06T05:41:10.003Z,499.0,3.11,2.38,-3.38,1.04
2020-01-06T05:42:49.247Z,493.0,3.2,1.94,-3.56,1.34
2020-01-06T05:44:28.491Z,497.0,3.03,2.61,-3.14,1.25
2020-01-06T05:46:07.735Z,493.0,3.14,2.85,-2.87,1.37
2020-01-06T05:47:46.980Z,492.0,3.13,2.97,-2.91,1.65
2020-01-06T05:49:26.224Z,490.0,3.07,2.99,-2.95,1.53
2020-01-06T05:51:05.468Z,482.0,2.38,3.4,-2.53,1.55
2020-01-06T05:52:44.712Z,481.0,2.39,3.37,-2.3,1.82
2020-01-06T05:54:20.855Z,485.0,2.21,3.31,-2.35,1.83
2020-01-06T05:56:00.099Z,483.0,2.48,3.3,-2.26,2.05
2020-01-06T05:57:39.343Z,480.0,2.46,3.54,-2.17,1.88
2020-01-06T05:59:18.587Z,480.0,2.39,3.75,-2.06,1.61
2020-01-06T06:00:57.832Z,478.0,2.27,3.95,-1.99,1.4
2020-01-06T06:02:33.974Z,478.0,2.37,3.96,-1.93,1.53
2020-01-06T06:04:13.219Z,480.0,2.44,3.69,-2.09,1.77
2020-01-06T06:05:52.463Z,482.0,2.19,3.39,-1.82,1.98
2020-01-06T06:07:31.707Z,482.0,2.37,3.26,-1.34,2.23
2020-01-06T06:09:10.951Z,481.0,2.32,3.04,-1.61,2.2
2020-01-06T06:10:50.195Z,477.0,2.17,3.46,-1.32,2.08
2020-01-06T06:12:29.439Z,489.0,2.9,3.2,-1.46,2.24
2020-01-06T06:14:08.684Z,487.0,2.97,2.9,-1.43,2.45
2020-01-06T06:15:47.928Z,487.0,2.96,2.97,-1.39,2.37
2020-01-06T06:17:30.273Z,489.0,2.97,2.93,-1.33,2.4
2020-01-06T06:19:09.518Z,473.0,1.89,3.88,-1.63,1.13
2020-01-06T06:20:48.762Z,474.0,2.08,3.82,-1.69,1.17
2020-01-06T06:22:28.006Z,474.0,2.41,3.73,-1.34,1.7
2020-01-06T06:24:07.250Z,484.0,2.58,3.69,-1.24,1.8
2020-01-06T06:25:46.494Z,478.0,2.21,3.31,-1.68,1.97
2020-01-06T06:27:25.738Z,476.0,2.41,3.64,-2.12,1.47
2020-01-06T06:29:04.983Z,475.0,2.34,3.64,-1.99,1.51
2020-01-06T06:30:44.227Z,473.0,2.36,3.64,-1.9,1.5
2020-01-06T06:32:23.471Z,472.0,2.01,3.62,-2.08,1.38
2020-01-06T06:34:02.715Z,473.0,2.39,3.6,-2.03,1.51
2020-01-06T06:35:41.959Z,475.0,2.31,3.74,-2.07,1.26
2020-01-06T06:37:21.204Z,481.0,2.66,3.74,-2.03,1.34
2020-01-06T06:39:00.448Z,484.0,2.81,3.26,-1.78,2.19
2020-01-06T06:40:39.692Z,473.0,2.33,3.26,-1.99,2.08
2020-01-06T06:42:18.936Z,473.0,2.13,3.32,-2.04,1.89
2020-01-06T06:43:55.079Z,473.0,1.67,3.47,-1.65,2.03
2020-01-06T06:45:34.323Z,482.0,2.68,3.07,-2.2,1.91
2020-01-06T06:47:13.567Z,493.0,2.23,1.85,-1.26,4.09
2020-01-06T06:48:52.812Z,493.0,2.37,2.05,-1.81,3.66
2020-01-06T06:50:32.056Z,494.0,2.29,2.7,-1.38,3.45
2020-01-06T06:52:11.300Z,493.0,2.43,2.08,-1.37,3.79
2020-01-06T06:53:50.544Z,493.0,2.33,1.67,-1.11,4.07
2020-01-06T06:55:29.788Z,493.0,2.39,1.83,-1.28,3.9
2020-01-06T06:57:09.033Z,493.0,2.39,1.8,-1.2,3.92
2020-01-06T06:58:51.378Z,492.0,2.42,1.87,-1.24,3.86
2020-01-06T07:00:30.622Z,495.0,2.31,1.59,-0.924,4.1
2020-01-06T07:02:09.866Z,496.0,2.47,1.52,-1.5,3.85
2020-01-06T07:03:49.111Z,495.0,2.37,1.68,-1.92,3.6
2020-01-06T07:05:28.355Z,493.0,2.3,2.04,-2.12,3.29
2020-01-06T07:07:07.599Z,492.0,2.34,2.22,-2.13,3.22
2020-01-06T07:08:46.843Z,492.0,2.46,2.06,-1.5,3.57
2020-01-06T07:10:26.088Z,497.0,2.43,1.53,-0.845,4.01
2020-01-06T07:12:05.332Z,494.0,2.42,1.57,-0.636,3.99
2020-01-06T07:13:44.576Z,494.0,2.34,1.68,-0.674,3.96
2020-01-06T07:15:23.820Z,493.0,2.39,1.92,-1.46,3.46
2020-01-06T07:17:03.064Z,497.0,2.3,2.07,-1.67,3.19
2020-01-06T07:18:42.309Z,494.0,2.42,2.21,-1.7,3.1
2020-01-06T07:20:21.553Z,491.0,2.29,2.47,-1.8,2.93
2020-01-06T07:22:00.797Z,493.0,2.26,2.19,-1.31,3.43
2020-01-06T07:23:40.041Z,496.0,2.37,1.82,-1.57,3.52
2020-01-06T07:25:16.184Z,497.0,2.32,1.83,-0.985,3.66
2020-01-06T07:26:55.428Z,500.0,2.37,1.89,-0.906,3.54
2020-01-06T07:28:34.672Z,490.0,2.2,2.87,-1.42,2.45
2020-01-06T07:30:13.917Z,493.0,2.21,2.86,-1.65,2.48
2020-01-06T07:31:53.161Z,490.0,2.31,2.8,-1.31,2.75
2020-01-06T07:33:32.405Z,495.0,2.48,2.62,-1.6,2.76
2020-01-06T07:35:11.649Z,494.0,2.41,2.96,-1.52,2.45
2020-01-06T07:36:50.893Z,492.0,2.4,3.07,-1.87,2.25
2020-01-06T07:38:30.138Z,489.0,2.34,3.0,-1.68,2.26
2020-01-06T07:40:09.382Z,483.0,1.76,3.18,-2.45,1.29
2020-01-06T07:41:48.626Z,493.0,2.72,2.4,-2.23,2.22
2020-01-06T07:43:27.870Z,492.0,2.8,2.47,-2.37,2.28
2020-01-06T07:45:07.115Z,490.0,2.7,2.41,-2.22,2.17
2020-01-06T07:46:46.359Z,490.0,3.03,2.21,-2.72,1.8
2020-01-06T07:48:25.603Z,494.0,2.92,1.95,-2.66,2.1
2020-01-06T07:50:04.847Z,493.0,2.95,2.06,-2.38,2.16
2020-01-06T07:51:44.091Z,494.0,2.35,3.86,-0.742,1.51
2020-01-06T07:53:23.336Z,478.0,1.59,3.71,-1.24,1.58
2020-01-06T07:54:59.478Z,479.0,1.86,3.37,-1.64,1.58
2020-01-06T07:56:38.723Z,476.0,1.6,3.29,-1.61,1.63
2020-01-06T07:58:17.967Z,480.0,1.65,3.28,-1.59,1.69
2020-01-06T07:59:57.211Z,497.0,2.73,2.89,-2.24,1.91
2020-01-06T08:01:36.455Z,496.0,2.88,2.52,-2.5,1.91
2020-01-06T08:03:15.700Z,494.0,2.9,2.73,-2.4,1.82
2020-01-06T08:04:54.944Z,494.0,2.89,2.69,-2.37,1.98
2020-01-06T08:06:34.188Z,496.0,2.7,2.68,-2.37,1.92
2020-01-06T08:08:13.432Z,485.0,1.89,3.0,-2.28,1.75
2020-01-06T08:09:52.676Z,481.0,1.58,3.45,-1.6,1.73
2020-01-06T08:11:31.921Z,480.0,2.0,3.62,-1.43,1.61
2020-01-06T08:13:11.165Z,481.0,2.16,3.58,-1.39,1.56
2020-01-06T08:14:50.409Z,508.0,2.82,2.12,-2.84,1.88
2020-01-06T08:16:29.653Z,478.0,1.89,3.12,-1.51,1.83
2020-01-06T08:18:08.898Z,475.0,1.76,3.37,-1.91,1.14
2020-01-06T08:19:48.142Z,478.0,2.23,3.19,-2.0,1.45
2020-01-06T08:21:27.386Z,479.0,2.4,3.35,-2.05,1.01
2020-01-06T08:23:06.630Z,481.0,2.08,3.16,-1.96,1.66
2020-01-06T08:24:45.874Z,490.0,3.03,2.95,-2.0,1.87
2020-01-06T08:26:25.119Z,494.0,3.1,2.51,-2.08,2.32
2020-01-06T08:28:04.363Z,493.0,3.08,2.61,-1.95,2.29
2020-01-06T08:29:43.607Z,498.0,3.17,2.17,-2.22,2.53
2020-01-06T08:31:22.851Z,500.0,3.08,1.91,-2.26,2.55
2020-01-06T08:33:02.096Z,504.0,3.31,1.56,-2.37,2.34
2020-01-06T08:34:41.340Z,502.0,3.27,1.79,-1.95,2.53
2020-01-06T08:36:17.483Z,502.0,3.29,1.46,-2.26,2.48
2020-01-06T08:37:56.727Z,495.0,3.18,1.12,-2.26,2.89
2020-01-06T08:39:35.971Z,493.0,3.34,1.18,-2.2,2.95
2020-01-06T08:41:15.215Z,496.0,3.3,0.924,-2.26,3.14
2020-01-06T08:42:54.459Z,498.0,3.02,0.745,-2.04,3.33
2020-01-06T08:44:33.704Z,503.0,3.42,0.571,-2.38,3.26
2020-01-06T08:46:12.948Z,503.0,3.28,0.639,-2.4,3.46
2020-01-06T08:47:52.192Z,504.0,3.23,0.465,-2.3,3.61
2020-01-06T08:49:31.436Z,509.0,3.26,0.0763,-2.21,3.65
2020-01-06T08:51:10.681Z,507.0,3.26,0.0227,-2.18,3.58
2020-01-06T08:52:49.925Z,509.0,3.42,0.0118,-2.25,3.51
2020-01-06T08:54:29.169Z,507.0,3.41,0.212,-2.55,3.53
2020-01-06T08:56:08.413Z,506.0,3.31,0.376,-2.75,3.26
2020-01-06T08:57:47.658Z,514.0,3.01,-0.094,-2.31,3.7
2020-01-06T08:59:26.902Z,512.0,3.42,-0.149,-2.84,3.27
2020-01-06T09:01:06.146Z,509.0,3.25,0.356,-2.52,3.2
2020-01-06T09:02:45.390Z,507.0,3.46,0.401,-2.36,3.18
2020-01-06T09:04:24.634Z,511.0,3.73,-0.00561,-1.97,3.38
2020-01-06T09:06:03.879Z,511.0,3.35,0.356,-2.4,3.01
2020-01-06T09:07:43.123Z,502.0,3.3,1.28,-1.87,3.33
2020-01-06T09:09:22.367Z,498.0,3.51,1.74,-1.7,3.01
2020-01-06T09:11:01.611Z,499.0,3.48,1.92,-1.26,3.19
2020-01-06T09:12:40.855Z,494.0,3.38,2.43,-1.33,2.85
2020-01-06T09:14:16.998Z,492.0,3.34,2.13,-0.98,3.27
2020-01-06T09:15:56.243Z,502.0,3.34,1.5,-1.67,3.43
2020-01-06T09:17:35.487Z,499.0,3.44,2.17,-1.29,3.21
2020-01-06T09:19:14.731Z,497.0,3.35,2.27,-1.29,3.17
2020-01-06T09:20:53.975Z,514.0,3.54,-0.249,-2.07,3.48
2020-01-06T09:22:33.220Z,522.0,3.71,-1.55,-2.03,3.27
2020-01-06T09:24:12.464Z,523.0,3.67,-1.1,-2.21,3.44
2020-01-06T09:25:51.708Z,518.0,3.4,-0.831,-2.25,3.53
2020-01-06T09:29:13.298Z,511.0,3.51,-0.338,-2.21,3.67
2020-01-06T09:30:52.542Z,509.0,3.58,0.0932,-2.38,3.51
2020-01-06T09:32:31.786Z,502.0,3.6,0.987,-2.7,2.96
2020-01-06T09:34:11.030Z,499.0,3.34,2.13,-2.2,2.87
2020-01-06T09:39:08.763Z,501.0,3.16,2.02,-2.11,3.57
2020-01-06T09:40:48.007Z,502.0,3.39,2.17,-1.49,3.57
2020-01-06T09:42:27.252Z,494.0,3.19,2.61,-1.59,3.08
2020-01-06T09:44:06.496Z,492.0,3.14,2.82,-1.91,2.77
2020-01-06T09:45:45.740Z,492.0,3.14,2.81,-1.88,2.79
2020-01-06T09:47:21.883Z,490.0,3.07,2.69,-1.97,2.81
2020-01-06T09:49:01.127Z,495.0,2.3,3.02,-1.59,2.45
2020-01-06T09:50:40.371Z,477.0,1.87,3.56,-1.51,2.01
2020-01-06T09:52:19.616Z,477.0,1.83,3.33,-1.67,2.13
2020-01-06T09:53:58.860Z,490.0,3.12,3.23,-1.78,2.36
2020-01-06T09:55:35.003Z,488.0,3.55,3.16,-1.82,2.39
2020-01-06T09:57:14.247Z,491.0,3.52,2.12,-2.81,2.47
2020-01-06T09:58:53.491Z,496.0,3.92,2.19,-2.26,2.95
2020-01-06T10:00:32.735Z,496.0,3.54,2.12,-1.32,3.77
2020-01-06T10:02:11.980Z,498.0,3.66,1.97,-1.86,3.48
2020-01-06T10:03:51.224Z,499.0,3.82,1.39,-1.72,3.59
2020-01-06T10:05:30.468Z,506.0,3.51,1.1,-2.51,3.2
2020-01-06T10:07:09.712Z,501.0,3.57,0.987,-2.26,3.47
2020-01-06T10:08:48.957Z,505.0,3.8,0.237,-2.52,3.45
2020-01-06T10:10:31.302Z,511.0,4.06,-0.41,-2.94,3.01
2020-01-06T10:12:10.546Z,516.0,3.95,1.14,-2.06,2.48
2020-01-06T10:13:49.791Z,468.0,2.17,3.75,-0.949,1.98
2020-01-06T10:15:29.035Z,467.0,2.07,4.24,-0.305,1.51
2020-01-06T10:17:08.279Z,469.0,2.04,4.32,-0.218,1.48
2020-01-06T10:18:47.523Z,469.0,2.01,4.36,-0.155,1.28
2020-01-06T10:20:26.768Z,471.0,1.98,4.16,-0.187,1.44
2020-01-06T10:22:06.012Z,470.0,2.12,4.37,0.0219,1.08
2020-01-06T10:23:45.256Z,470.0,1.82,4.39,0.132,0.994
2020-01-06T10:25:21.399Z,468.0,1.83,4.25,-0.206,1.16
2020-01-06T10:27:00.643Z,469.0,2.05,4.15,-0.0443,1.5
2020-01-06T10:28:39.887Z,472.0,2.26,3.79,-1.44,1.75
2020-01-06T10:31:58.376Z,471.0,2.0,3.25,-0.833,2.23
2020-01-06T10:35:16.864Z,474.0,2.04,3.66,-1.55,1.78
2020-01-06T10:36:56.109Z,476.0,2.14,3.02,-2.06,2.45
2020-01-06T10:38:35.353Z,489.0,3.46,2.45,-2.59,2.16
2020-01-06T10:40:14.597Z,488.0,3.81,1.87,-2.75,1.6
2020-01-06T10:41:53.841Z,488.0,3.83,1.82,-2.3,1.81
2020-01-06T10:43:33.086Z,481.0,3.9,1.98,-1.97,1.68
2020-01-06T10:45:12.330Z,481.0,4.02,1.96,-1.73,1.67
2020-01-06T10:46:51.574Z,482.0,3.95,2.59,-0.946,1.63
2020-01-06T10:48:30.818Z,489.0,3.92,2.45,-1.48,1.74
2020-01-06T10:50:10.063Z,484.0,3.95,2.54,-1.38,1.58
2020-01-06T10:51:49.307Z,487.0,3.68,2.82,-1.66,2.01
2020-01-06T10:53:28.551Z,479.0,3.74,3.35,-1.09,1.72
2020-01-06T10:55:07.795Z,482.0,3.88,3.53,-1.12,1.61
2020-01-06T10:56:47.040Z,483.0,3.78,3.26,-1.79,1.67
2020-01-06T10:58:26.284Z,486.0,3.73,3.33,-1.67,1.53
2020-01-06T11:00:05.528Z,483.0,3.78,3.74,-0.894,1.3
2020-01-06T11:01:44.772Z,480.0,3.87,3.99,-0.209,0.977
2020-01-06T11:03:24.017Z,480.0,3.83,3.91,-0.269,0.849
2020-01-06T11:05:03.261Z,479.0,3.72,4.07,0.0952,0.574
2020-01-06T11:06:39.404Z,482.0,3.9,4.32,-0.164,0.815
2020-01-06T11:08:18.648Z,481.0,3.68,4.1,-0.0567,1.01
2020-01-06T11:09:57.892Z,488.0,3.42,4.3,0.167,0.817
2020-01-06T11:11:37.137Z,489.0,3.17,4.43,0.104,0.938
2020-01-06T11:13:16.381Z,489.0,3.68,3.72,1.11,0.326
2020-01-06T11:14:55.625Z,490.0,3.83,3.56,1.38,-0.381
2020-01-06T11:16:34.869Z,483.0,3.71,4.28,1.1,0.782
2020-01-06T11:18:14.113Z,489.0,3.2,4.34,1.28,0.661
2020-01-06T11:19:53.358Z,487.0,3.17,4.65,0.873,0.621
2020-01-06T11:21:32.602Z,486.0,3.15,4.65,0.75,0.756
2020-01-06T11:23:11.846Z,488.0,3.11,4.67,0.753,1.18
2020-01-06T11:24:51.090Z,485.0,2.92,4.68,0.735,0.852
2020-01-06T11:26:30.335Z,486.0,3.02,4.7,0.943,0.805
2020-01-06T11:28:09.579Z,476.0,1.83,4.6,0.797,1.14
2020-01-06T11:29:48.823Z,487.0,3.02,4.62,0.882,1.22
2020-01-06T11:31:28.067Z,480.0,2.21,4.41,1.18,1.37
2020-01-06T11:33:07.312Z,485.0,3.02,4.49,1.06,1.3
2020-01-06T11:34:46.556Z,486.0,3.09,4.6,0.972,1.24
2020-01-06T11:36:25.800Z,485.0,3.05,4.64,1.13,1.29
2020-01-06T11:38:05.044Z,482.0,3.02,4.6,1.06,1.03
2020-01-06T11:39:44.289Z,473.0,2.24,4.09,0.981,1.27
2020-01-06T11:41:23.533Z,469.0,2.19,3.97,1.05,1.32
2020-01-06T11:43:02.777Z,488.0,3.32,3.91,0.812,1.33
2020-01-06T11:44:42.022Z,494.0,3.71,3.76,0.516,1.73
2020-01-06T11:46:21.266Z,493.0,3.22,3.93,0.948,1.54
2020-01-06T11:48:00.510Z,490.0,3.21,4.03,0.823,1.6
2020-01-06T11:49:39.754Z,491.0,3.35,3.89,0.558,2.15
2020-01-06T11:51:18.999Z,497.0,2.9,4.45,0.117,2.02
2020-01-06T11:52:58.243Z,489.0,2.72,4.53,0.48,1.55
2020-01-06T11:54:37.487Z,479.0,2.8,4.54,0.888,0.506
2020-01-06T11:56:16.731Z,480.0,2.33,4.71,0.899,0.646
2020-01-06T11:57:55.976Z,479.0,2.4,4.77,0.908,0.445
2020-01-06T11:59:35.220Z,484.0,2.98,4.7,0.89,0.602
2020-01-06T12:01:14.464Z,477.0,3.26,4.59,1.14,-0.139
2020-01-06T12:02:53.708Z,473.0,3.37,4.37,1.19,-0.497
2020-01-06T12:04:32.953Z,473.0,3.42,4.41,1.09,-0.357
2020-01-06T12:06:12.197Z,477.0,2.97,4.72,0.776,0.247
2020-01-06T12:07:51.441Z,482.0,2.88,4.81,0.667,0.42
2020-01-06T12:09:30.685Z,482.0,2.79,4.85,0.75,0.471
2020-01-06T12:11:09.930Z,481.0,2.79,4.85,0.822,0.421
2020-01-06T12:12:49.174Z,479.0,2.89,4.77,0.77,0.408
2020-01-06T12:14:28.418Z,479.0,2.93,4.79,0.749,0.358
2020-01-06T12:16:07.662Z,479.0,2.89,4.65,0.62,0.207
2020-01-06T12:17:46.907Z,475.0,3.35,4.54,0.711,0.139
2020-01-06T12:19:26.151Z,472.0,3.41,4.5,0.642,0.122
2020-01-06T12:21:05.395Z,472.0,3.43,4.4,0.675,0.312
2020-01-06T12:22:44.639Z,474.0,3.21,4.4,0.689,0.245
2020-01-06T12:24:23.884Z,474.0,3.33,4.45,0.647,0.173
2020-01-06T12:26:03.128Z,473.0,3.31,4.5,0.561,0.0883
2020-01-06T12:27:42.372Z,471.0,3.54,4.44,0.612,0.246
2020-01-06T12:29:21.616Z,473.0,3.31,4.46,0.581,0.0824
2020-01-06T12:31:00.861Z,471.0,3.31,4.4,0.615,-0.158
2020-01-06T12:32:40.105Z,478.0,2.93,4.42,0.492,0.14
2020-01-06T12:34:19.349Z,473.0,3.2,4.33,0.544,0.133
2020-01-06T12:35:58.593Z,485.0,2.62,5.02,-0.0157,0.889
2020-01-06T12:37:37.838Z,486.0,2.66,5.02,-0.293,1.39
2020-01-06T12:39:17.082Z,483.0,2.86,4.95,-0.203,1.28
2020-01-06T12:40:56.326Z,484.0,2.83,4.97,-0.161,1.25
2020-01-06T12:42:35.570Z,484.0,2.66,5.1,0.0951,1.11
2020-01-06T12:44:14.815Z,485.0,2.77,5.02,0.165,1.03
2020-01-06T12:45:54.059Z,487.0,2.88,4.61,-0.351,1.15
2020-01-06T12:47:33.303Z,484.0,2.8,4.89,-0.169,1.12
2020-01-06T12:49:12.547Z,485.0,2.92,4.51,-0.186,0.996
2020-01-06T12:50:51.792Z,484.0,3.05,4.17,-0.711,1.1
2020-01-06T12:52:31.036Z,480.0,3.34,3.73,-1.71,1.2
2020-01-06T12:54:10.280Z,480.0,3.15,4.63,-0.429,1.01
2020-01-06T12:55:49.524Z,485.0,2.69,5.08,-0.32,1.17
2020-01-06T12:57:28.769Z,483.0,2.81,5.29,-0.395,1.25
2020-01-06T12:59:04.912Z,479.0,2.43,5.34,-0.487,1.29
2020-01-06T13:00:44.156Z,479.0,2.24,5.3,-0.546,1.34
2020-01-06T13:02:23.400Z,484.0,2.71,5.26,-0.557,1.28
2020-01-06T13:04:02.644Z,480.0,2.31,5.06,-0.5,1.29
2020-01-06T13:05:41.889Z,485.0,2.79,5.02,-0.544,1.32
2020-01-06T13:07:18.031Z,484.0,2.74,5.0,-0.57,1.31
2020-01-06T13:08:57.276Z,485.0,2.79,4.92,-0.561,1.31
2020-01-06T13:10:36.520Z,479.0,2.46,4.96,-0.599,1.29
2020-01-06T13:15:34.253Z,482.0,2.75,4.98,-0.856,1.23
2020-01-06T13:17:13.497Z,481.0,2.69,5.07,-0.531,1.42
2020-01-06T13:18:52.741Z,477.0,2.02,5.35,-0.5,1.48
2020-01-06T13:20:31.985Z,480.0,2.6,5.41,-0.382,1.52
2020-01-06T13:22:14.331Z,480.0,2.62,5.36,-0.397,1.56
2020-01-06T13:23:53.575Z,482.0,2.71,5.4,-0.343,1.57
2020-01-06T13:25:32.820Z,479.0,2.58,5.4,-0.395,1.54
2020-01-06T13:27:12.064Z,478.0,2.34,5.45,-0.574,1.64
2020-01-06T13:28:51.308Z,477.0,2.07,5.44,-0.575,1.54
2020-01-06T13:30:30.552Z,482.0,2.7,5.41,-0.662,1.51
2020-01-06T13:32:09.797Z,487.0,2.8,5.46,-0.581,1.15
2020-01-06T13:33:49.041Z,485.0,3.09,5.33,-1.06,1.16
2020-01-06T13:35:28.285Z,485.0,3.2,5.24,-1.34,1.09
2020-01-06T13:37:07.529Z,485.0,3.16,5.24,-1.3,1.05
2020-01-06T13:38:46.774Z,484.0,2.76,5.2,-1.07,1.21
2020-01-06T13:40:22.917Z,483.0,2.85,5.24,-1.03,1.25
2020-01-06T13:46:59.894Z,476.0,3.2,5.47,-0.997,1.35
2020-01-06T13:48:36.036Z,474.0,3.26,5.45,-0.993,1.33
2020-01-06T13:50:15.281Z,475.0,3.15,5.51,-0.937,1.33
2020-01-06T13:51:54.525Z,475.0,2.9,5.59,-1.11,1.37
2020-01-06T13:53:33.769Z,474.0,3.01,5.56,-0.932,1.49
2020-01-06T13:55:13.014Z,474.0,2.96,5.61,-0.865,1.43
2020-01-06T13:56:52.258Z,473.0,3.01,5.66,-0.706,1.46
2020-01-06T13:58:31.502Z,471.0,3.17,5.62,-0.735,1.42
2020-01-06T14:00:10.746Z,472.0,3.13,5.66,-0.649,1.48
2020-01-06T14:01:49.990Z,474.0,3.04,5.69,-0.662,1.49
2020-01-06T14:03:29.235Z,474.0,3.21,5.7,-0.543,1.57
2020-01-06T14:05:08.479Z,477.0,2.95,5.73,-0.542,1.73
2020-01-06T14:06:47.723Z,473.0,3.02,5.73,-0.449,1.76
2020-01-06T14:08:26.967Z,478.0,2.83,5.88,-0.438,1.84
2020-01-06T14:10:06.212Z,477.0,2.9,5.79,-0.468,1.75
2020-01-06T14:11:45.456Z,479.0,2.73,5.83,-0.398,1.62
2020-01-06T14:13:24.700Z,479.0,2.88,5.86,-0.34,1.48
2020-01-06T14:15:03.945Z,480.0,2.93,5.8,-0.261,1.4
2020-01-06T14:16:43.189Z,482.0,3.0,5.72,-0.25,1.42
2020-01-06T14:18:22.433Z,476.0,3.17,5.72,-0.197,1.54
2020-01-06T14:20:01.677Z,477.0,3.23,5.72,-0.204,1.54
2020-01-06T14:21:40.922Z,482.0,3.09,5.56,-0.474,1.66
2020-01-06T14:23:20.166Z,479.0,3.48,5.57,-0.161,1.7
2020-01-06T14:24:59.410Z,477.0,3.47,5.61,-0.132,1.57
2020-01-06T14:26:38.654Z,479.0,3.1,5.7,-0.222,1.53
2020-01-06T14:28:17.899Z,483.0,3.17,5.51,-0.328,1.63
2020-01-06T14:29:57.143Z,485.0,3.26,5.57,-0.276,1.61
2020-01-06T14:31:36.387Z,483.0,3.18,5.4,-0.147,1.54
2020-01-06T14:33:15.632Z,479.0,3.88,5.14,-0.232,1.54
2020-01-06T14:34:54.876Z,478.0,4.11,5.12,-0.156,1.53
2020-01-06T14:36:34.120Z,479.0,4.34,5.03,-0.147,1.55
2020-01-06T14:38:13.364Z,480.0,4.11,5.07,-0.098,1.38
2020-01-06T14:39:52.609Z,480.0,4.54,4.64,0.766,1.56
2020-01-06T14:41:31.853Z,480.0,4.58,4.59,0.744,1.48
2020-01-06T14:43:11.097Z,479.0,4.45,4.75,0.426,1.52
2020-01-06T14:44:50.341Z,480.0,4.11,4.94,-0.515,1.25
2020-01-06T14:46:29.586Z,480.0,4.49,4.9,0.831,1.77
2020-01-06T14:48:08.830Z,487.0,4.14,4.58,0.793,1.69
2020-01-06T14:49:48.074Z,488.0,4.02,4.72,0.627,1.63
2020-01-06T14:51:27.318Z,487.0,3.9,4.76,0.691,1.78
2020-01-06T14:53:06.562Z,468.0,3.91,3.45,0.472,1.31
2020-01-06T14:54:45.807Z,463.0,6.36,-0.458,-1.62,0.094
2020-01-06T14:56:25.051Z,501.0,4.82,-3.51,-1.16,-0.948
2020-01-06T14:58:04.295Z,498.0,4.81,-3.65,-1.09,-1.1
2020-01-06T14:59:40.438Z,495.0,4.75,-3.48,-1.01,-0.959
2020-01-06T15:01:19.682Z,492.0,4.94,-3.77,-0.463,-1.4
2020-01-06T15:02:58.926Z,500.0,4.64,-3.99,-0.543,-1.36
2020-01-06T15:04:38.170Z,501.0,4.33,-4.03,-0.759,-1.23
2020-01-06T15:06:17.414Z,498.0,4.62,-4.1,-0.817,-1.34
2020-01-06T15:07:56.658Z,498.0,4.54,-4.16,-0.696,-1.41
2020-01-06T15:09:35.901Z,496.0,4.91,-3.92,-0.505,-1.24
2020-01-06T15:11:15.145Z,500.0,5.13,-3.71,-0.317,-1.11
2020-01-06T15:12:54.389Z,497.0,5.2,-3.65,-0.5,-1.01
2020-01-06T15:14:33.633Z,489.0,5.64,-2.45,-1.95,-1.16
2020-01-06T15:16:12.877Z,491.0,5.51,-2.92,-1.31,-1.09
2020-01-06T15:17:52.121Z,492.0,5.55,-3.33,-1.37,-0.712
2020-01-06T15:19:31.365Z,498.0,5.44,-3.57,-1.28,-0.555
2020-01-06T15:21:10.609Z,495.0,5.62,-3.06,-0.726,-0.641
2020-01-06T15:22:49.852Z,495.0,5.51,-3.22,0.0504,-0.847
2020-01-06T15:24:29.096Z,495.0,5.56,-3.31,-0.956,-0.816
2020-01-06T15:26:08.340Z,493.0,5.39,-3.3,-1.87,-0.572
2020-01-06T15:27:47.584Z,500.0,5.29,-3.68,-1.55,-0.792
2020-01-06T15:29:26.827Z,497.0,5.18,-3.52,-1.94,-0.763
2020-01-06T15:31:06.071Z,495.0,5.18,-3.6,-2.09,-0.859
2020-01-06T15:32:45.315Z,494.0,5.24,-3.52,-0.747,0.377
2020-01-06T15:34:24.558Z,497.0,5.41,-3.31,-1.04,0.613
2020-01-06T15:36:03.802Z,497.0,5.42,-3.09,-1.75,0.715
2020-01-06T15:37:39.944Z,498.0,5.26,-3.16,-1.5,0.464
2020-01-06T15:39:19.188Z,496.0,5.46,-3.25,-1.38,0.318
2020-01-06T15:40:58.432Z,496.0,5.28,-3.13,-1.31,0.586
2020-01-06T15:42:37.675Z,495.0,5.19,-3.26,-1.34,0.157
2020-01-06T15:44:16.919Z,490.0,5.45,-2.26,-1.52,-1.0
2020-01-06T15:45:56.163Z,488.0,5.62,-2.4,-1.43,-0.425
2020-01-06T15:47:35.406Z,486.0,5.56,-2.49,-1.48,-0.646
2020-01-06T15:49:14.650Z,483.0,5.5,-1.95,-1.19,-0.45
2020-01-06T15:50:53.893Z,480.0,5.63,-2.19,-0.865,-0.15
2020-01-06T15:52:33.137Z,480.0,5.45,-2.69,-1.02,-0.0272
2020-01-06T15:54:12.380Z,480.0,5.49,-2.51,-1.09,-0.375
2020-01-06T15:55:51.624Z,481.0,5.04,-2.97,-0.261,0.608
2020-01-06T15:57:30.867Z,478.0,5.86,-1.51,-0.673,-0.0668
2020-01-06T15:59:10.111Z,476.0,5.72,-2.09,-1.02,-0.0224
2020-01-06T16:00:49.354Z,475.0,5.89,-1.7,-0.68,0.351
2020-01-06T16:02:28.598Z,479.0,5.76,-2.21,-0.276,-0.273
2020-01-06T16:04:07.841Z,479.0,5.57,-2.07,0.0709,-0.965
2020-01-06T16:05:47.085Z,481.0,5.49,-2.05,-0.972,-0.405
2020-01-06T16:07:23.227Z,486.0,5.18,-2.22,-0.993,-1.04
2020-01-06T16:09:02.470Z,482.0,5.48,-2.17,-0.763,-1.29
2020-01-06T16:10:41.714Z,482.0,5.45,-1.5,-0.605,-0.675
2020-01-06T16:12:20.957Z,481.0,5.53,-1.06,-0.52,-1.02
2020-01-06T16:14:00.201Z,487.0,5.03,-1.98,-0.878,-1.39
2020-01-06T16:15:39.444Z,493.0,4.72,-1.94,-1.01,-0.976
2020-01-06T16:17:18.688Z,491.0,5.27,-1.38,-0.628,-0.697
2020-01-06T16:18:57.931Z,488.0,5.55,-2.24,-1.5,-0.993
2020-01-06T16:20:37.175Z,491.0,4.86,-2.36,-1.5,-0.887
2020-01-06T16:22:16.418Z,491.0,5.3,-2.06,-1.6,-0.612
2020-01-06T16:23:55.662Z,493.0,5.15,-2.25,-1.73,-0.752
2020-01-06T16:25:34.905Z,479.0,5.15,-0.932,-1.58,0.265
2020-01-06T16:27:14.148Z,489.0,5.76,-1.67,-1.03,-0.127
2020-01-06T16:28:53.392Z,482.0,5.23,0.101,-2.82,0.753
2020-01-06T16:30:32.635Z,485.0,5.24,0.035,-2.65,1.34
2020-01-06T16:32:11.879Z,489.0,5.01,-0.667,-3.03,0.814
2020-01-06T16:33:54.223Z,501.0,5.05,-1.84,-2.68,0.245
2020-01-06T16:35:33.467Z,500.0,5.04,-1.77,-2.98,0.0823
2020-01-06T16:37:12.710Z,502.0,5.15,-1.79,-2.67,0.267
2020-01-06T16:38:51.954Z,503.0,4.62,-2.18,-2.62,-0.0161
2020-01-06T16:40:31.197Z,493.0,4.36,-3.15,-2.71,-0.369
2020-01-06T16:42:10.441Z,493.0,3.99,-3.38,-3.07,-0.278
2020-01-06T16:43:49.684Z,495.0,4.2,-3.24,-3.14,-0.436
2020-01-06T16:45:28.927Z,494.0,4.39,-3.14,-3.02,-0.405
2020-01-06T16:47:08.171Z,492.0,4.39,-3.16,-3.01,-0.42
2020-01-06T16:48:44.313Z,491.0,4.36,-3.24,-2.92,-0.484
2020-01-06T16:50:23.556Z,494.0,4.36,-3.48,-2.75,-0.757
2020-01-06T16:52:02.799Z,495.0,4.35,-3.33,-2.63,-0.804
2020-01-06T16:53:42.043Z,494.0,4.61,-3.37,-2.61,-0.939
2020-01-06T16:55:21.286Z,496.0,4.51,-3.56,-2.38,-1.02
2020-01-06T16:57:00.530Z,494.0,4.69,-3.37,-2.39,-1.03
2020-01-06T16:58:39.773Z,494.0,4.76,-3.26,-2.2,-1.17
2020-01-06T17:00:19.016Z,494.0,4.56,-3.49,-1.83,-1.76
2020-01-06T17:01:58.260Z,500.0,5.02,-3.55,-0.894,-2.22
2020-01-06T17:03:37.503Z,501.0,4.91,-3.29,-0.106,-2.63
2020-01-06T17:05:16.746Z,500.0,4.94,-3.56,-0.274,-2.76
2020-01-06T17:06:55.990Z,500.0,4.9,-3.5,-1.11,-2.58
2020-01-06T17:08:35.233Z,495.0,5.02,-2.96,-1.66,-2.03
2020-01-06T17:10:14.477Z,497.0,4.97,-2.94,-1.1,-1.92
2020-01-06T17:11:53.720Z,496.0,4.98,-3.16,-0.683,-2.1
2020-01-06T17:13:32.963Z,494.0,5.22,-3.39,-0.88,-2.08
2020-01-06T17:15:15.308Z,493.0,4.1,-4.22,-0.924,-2.43
2020-01-06T17:16:54.551Z,493.0,4.17,-4.28,-0.922,-2.32
2020-01-06T17:18:33.795Z,493.0,4.12,-4.32,-0.965,-2.17
2020-01-06T17:20:13.038Z,491.0,4.08,-4.28,-1.13,-2.11
2020-01-06T17:21:52.281Z,488.0,4.93,-2.95,-0.936,-2.19
2020-01-06T17:23:31.525Z,488.0,4.58,-3.51,-1.16,-2.21
2020-01-06T17:25:10.768Z,488.0,4.31,-3.87,-1.32,-2.4
2020-01-06T17:26:50.012Z,490.0,4.34,-3.82,-1.4,-2.41
2020-01-06T17:28:29.255Z,490.0,4.42,-3.77,-1.43,-2.36
2020-01-06T17:30:05.397Z,488.0,4.24,-3.76,-1.61,-1.96
2020-01-06T17:31:44.641Z,488.0,4.37,-3.57,-1.8,-1.97
2020-01-06T17:33:23.885Z,486.0,4.36,-3.57,-2.03,-2.02
2020-01-06T17:35:03.128Z,486.0,4.41,-3.8,-1.77,-2.0
2020-01-06T17:36:42.372Z,488.0,4.18,-3.9,-1.72,-1.96
2020-01-06T17:38:21.615Z,486.0,4.25,-3.86,-1.37,-1.82
2020-01-06T17:40:00.859Z,488.0,4.09,-4.03,-0.613,-1.98
2020-01-06T17:41:40.102Z,488.0,3.98,-4.01,-0.813,-1.92
2020-01-06T17:43:19.346Z,487.0,3.97,-4.12,-0.97,-1.61
2020-01-06T17:44:58.590Z,493.0,4.42,-3.6,-0.948,-1.02
2020-01-06T17:46:37.833Z,489.0,3.91,-3.83,-1.1,-1.04
2020-01-06T17:48:17.077Z,496.0,4.71,-3.18,-1.16,-0.705
2020-01-06T17:49:56.321Z,488.0,3.89,-4.07,-1.65,-0.924
2020-01-06T17:51:35.564Z,495.0,4.37,-3.26,-1.92,-0.332
2020-01-06T17:53:14.808Z,488.0,3.97,-3.76,-1.62,-1.2
2020-01-06T17:54:54.052Z,486.0,4.01,-4.06,-1.5,-1.36
2020-01-06T17:56:33.296Z,487.0,3.98,-4.07,-1.42,-1.36
2020-01-06T17:58:12.539Z,487.0,4.01,-4.18,-1.14,-1.23
2020-01-06T17:59:51.783Z,489.0,3.81,-4.23,-0.923,-1.21
2020-01-06T18:01:31.027Z,487.0,3.78,-4.2,-1.07,-1.03
2020-01-06T18:03:10.271Z,486.0,3.88,-4.13,-1.03,-0.897
2020-01-06T18:04:49.515Z,488.0,3.83,-4.17,-1.04,-0.991
2020-01-06T18:06:28.758Z,489.0,3.84,-4.27,-0.969,-0.984
2020-01-06T18:08:08.002Z,488.0,3.76,-4.28,-0.998,-0.913
2020-01-06T18:09:47.246Z,487.0,3.86,-4.19,-1.18,-1.1
2020-01-06T18:11:23.389Z,486.0,3.9,-4.18,-1.23,-1.22
2020-01-06T18:13:02.632Z,493.0,3.89,-3.96,-1.26,-0.201
2020-01-06T18:14:41.876Z,493.0,3.83,-3.94,-1.16,-0.0954
2020-01-06T18:16:21.120Z,486.0,3.51,-4.17,-1.29,-1.28
2020-01-06T18:18:00.364Z,487.0,3.57,-4.13,-1.18,-1.26
2020-01-06T18:19:39.608Z,487.0,3.54,-4.14,-1.14,-1.04
2020-01-06T18:21:18.852Z,486.0,3.5,-4.17,-0.994,-1.02
2020-01-06T18:22:58.096Z,485.0,3.43,-4.1,-1.06,-1.15
2020-01-06T18:24:37.340Z,485.0,3.51,-4.08,-1.06,-1.3
2020-01-06T18:26:16.584Z,486.0,3.51,-4.24,-0.939,-0.993
2020-01-06T18:27:55.827Z,497.0,4.19,-4.06,-0.607,-0.443
2020-01-06T18:29:35.071Z,481.0,3.69,-3.27,-0.769,-1.47
2020-01-06T18:31:14.315Z,486.0,3.94,-3.01,-0.677,-1.88
2020-01-06T18:32:53.559Z,490.0,4.65,-1.49,-0.649,-2.39
2020-01-06T18:34:32.803Z,487.0,4.46,-1.93,-0.552,-2.42
2020-01-06T18:36:12.047Z,488.0,4.62,-1.96,-0.443,-2.22
2020-01-06T18:37:51.291Z,488.0,4.67,-1.88,-0.369,-2.45
2020-01-06T18:39:30.535Z,488.0,4.73,-1.63,-0.175,-2.18
2020-01-06T18:41:09.779Z,483.0,3.7,-2.41,-0.496,-1.85
2020-01-06T18:42:49.023Z,485.0,3.71,-2.69,-0.59,-2.02
2020-01-06T18:44:28.267Z,491.0,4.08,-2.55,-0.521,-2.08
2020-01-06T18:46:07.511Z,490.0,4.12,-2.49,-0.406,-2.04
2020-01-06T18:47:46.755Z,490.0,3.99,-2.47,-0.417,-2.17
2020-01-06T18:49:22.898Z,494.0,4.32,-2.66,-0.471,-2.1
2020-01-06T18:51:02.142Z,497.0,4.44,-2.66,-0.458,-1.79
2020-01-06T18:52:41.386Z,497.0,4.61,-2.43,-0.462,-1.62
2020-01-06T18:54:20.630Z,481.0,4.86,1.58,-1.25,1.0
2020-01-06T18:55:59.874Z,477.0,4.76,2.56,-0.7,1.66
2020-01-06T18:57:39.118Z,473.0,5.01,2.46,-0.835,1.26
2020-01-06T18:59:18.362Z,474.0,5.04,2.47,-0.727,1.58
2020-01-06T19:00:57.606Z,476.0,5.02,2.38,-0.911,1.67
2020-01-06T19:02:36.850Z,476.0,4.93,2.33,-0.69,1.47
2020-01-06T19:04:16.094Z,476.0,5.1,2.32,-0.988,1.12
2020-01-06T19:05:55.338Z,477.0,5.07,2.26,-1.37,0.873
2020-01-06T19:07:34.582Z,476.0,5.09,2.54,-1.08,0.646
2020-01-06T19:09:13.826Z,477.0,4.78,0.986,-2.75,0.591
2020-01-06T19:10:53.070Z,478.0,4.95,1.75,-1.88,1.0
2020-01-06T19:12:32.314Z,477.0,5.07,2.14,-1.29,1.65
2020-01-06T19:14:11.558Z,476.0,5.3,2.16,-0.88,1.24
2020-01-06T19:15:50.802Z,477.0,4.99,1.65,-1.42,1.43
2020-01-06T19:17:30.046Z,469.0,4.96,0.752,-0.809,1.71
2020-01-06T19:19:06.189Z,477.0,5.15,1.88,-1.22,1.45
2020-01-06T19:20:45.433Z,475.0,5.05,2.17,-1.29,1.45
2020-01-06T19:22:24.677Z,475.0,5.27,2.35,-1.47,0.894
2020-01-06T19:24:03.921Z,473.0,5.36,3.28,-0.826,-0.218
2020-01-06T19:25:43.165Z,470.0,5.22,3.01,-0.668,-0.683
2020-01-06T19:27:19.308Z,474.0,5.53,2.98,-0.43,-1.01
2020-01-06T19:28:58.552Z,472.0,5.48,2.8,-0.876,-0.952
2020-01-06T19:30:37.796Z,474.0,5.45,2.56,-0.841,-0.923
2020-01-06T19:32:17.040Z,473.0,5.4,2.85,-0.961,-0.434
2020-01-06T19:33:56.285Z,473.0,5.52,2.26,-1.31,0.292
2020-01-06T19:35:35.529Z,472.0,5.51,1.91,-0.953,0.734
2020-01-06T19:37:14.773Z,472.0,5.46,2.1,-1.18,1.29
2020-01-06T19:38:54.017Z,473.0,4.84,1.85,-0.885,2.63
2020-01-06T19:40:33.261Z,476.0,4.79,1.12,-1.45,2.65
2020-01-06T19:42:12.505Z,476.0,4.8,0.753,-1.75,2.93
2020-01-06T19:43:51.749Z,476.0,4.73,0.573,-2.07,3.04
2020-01-06T19:45:30.993Z,478.0,4.75,0.4,-2.34,2.81
2020-01-06T19:47:10.237Z,477.0,5.1,0.479,-2.29,2.3
2020-01-06T19:48:49.482Z,473.0,5.11,1.11,-1.56,2.76
2020-01-06T19:50:28.726Z,472.0,4.82,1.07,-2.17,2.32
2020-01-06T19:52:07.970Z,474.0,4.93,2.53,-0.505,1.92
2020-01-06T19:53:47.214Z,472.0,4.87,1.1,-2.75,1.2
2020-01-06T19:55:26.458Z,471.0,4.95,-0.357,-3.22,0.0277
2020-01-06T19:57:02.601Z,477.0,5.2,-1.3,-2.83,-0.559
2020-01-06T19:58:41.845Z,483.0,5.02,-2.06,-1.67,-0.713
2020-01-06T20:00:21.089Z,480.0,5.47,-0.804,-1.66,0.884
2020-01-06T20:02:00.333Z,474.0,4.57,1.36,-0.649,2.99
2020-01-06T20:03:39.577Z,480.0,5.35,-1.02,-2.4,-0.584
2020-01-06T20:05:18.821Z,479.0,4.74,1.69,-2.13,2.16
2020-01-06T20:06:58.066Z,474.0,5.06,0.934,-3.16,0.669
2020-01-06T20:08:40.411Z,475.0,4.72,1.16,-3.15,1.38
2020-01-06T20:10:19.655Z,482.0,4.6,2.16,-1.71,2.82
2020-01-06T20:11:58.899Z,480.0,4.98,2.18,-2.74,1.91
2020-01-06T20:13:38.144Z,475.0,4.93,0.847,-3.73,0.808
2020-01-06T20:15:17.388Z,477.0,5.26,0.184,-3.74,0.532
2020-01-06T20:16:56.632Z,477.0,4.85,1.0,-3.51,-0.903
2020-01-06T20:18:35.876Z,475.0,5.07,0.205,-3.5,-0.877
2020-01-06T20:20:15.120Z,477.0,4.86,-0.24,-2.87,-1.78
2020-01-06T20:21:54.364Z,475.0,5.15,-0.272,-2.88,-1.56
2020-01-06T20:23:33.609Z,475.0,5.28,-0.717,-2.77,-1.75
2020-01-06T20:28:34.442Z,474.0,4.98,-0.846,-3.0,-1.47
2020-01-06T20:30:13.687Z,473.0,5.16,-0.202,-3.17,-1.03
2020-01-06T20:31:52.931Z,474.0,5.21,-0.0199,-0.771,1.28
2020-01-06T20:33:32.175Z,473.0,4.69,-0.69,0.421,3.75
2020-01-06T20:35:11.419Z,475.0,4.54,-0.901,-1.7,2.7
2020-01-06T20:36:50.663Z,475.0,5.22,-1.23,-2.73,1.75
2020-01-06T20:38:29.908Z,477.0,4.81,-1.57,-3.02,1.29
2020-01-06T20:40:09.152Z,478.0,5.18,-2.06,-2.13,1.47
2020-01-06T20:41:45.295Z,476.0,4.96,-1.4,-2.89,0.812
2020-01-06T20:43:24.539Z,475.0,4.67,-1.63,-3.59,0.265
2020-01-06T20:45:03.783Z,476.0,4.49,-1.81,-3.43,-0.8
2020-01-06T20:46:43.027Z,475.0,4.83,-1.44,-2.57,-1.81
2020-01-06T20:48:22.271Z,475.0,4.96,-1.65,-2.03,-1.92
2020-01-06T20:50:01.515Z,476.0,4.34,1.27,-2.86,1.96
2020-01-06T20:51:40.760Z,479.0,4.53,1.95,-2.33,2.08
2020-01-06T20:53:20.004Z,474.0,4.34,1.13,-2.15,1.7
2020-01-06T20:54:59.248Z,475.0,4.97,-0.46,-2.45,2.28
2020-01-06T20:56:38.492Z,471.0,5.32,0.704,-1.69,2.21
2020-01-06T20:58:17.736Z,475.0,4.41,1.03,-3.16,0.562
2020-01-06T20:59:56.981Z,470.0,5.13,1.23,-0.634,2.36
2020-01-06T21:01:36.225Z,471.0,5.3,1.02,-0.708,2.48
2020-01-06T21:03:15.469Z,470.0,5.41,1.02,-0.691,2.97
2020-01-06T21:04:54.713Z,473.0,4.38,1.35,-0.382,3.62
2020-01-06T21:06:33.957Z,471.0,5.12,1.56,-0.3,3.23
2020-01-06T21:08:13.202Z,470.0,5.36,1.49,-0.415,3.25
2020-01-06T21:09:52.446Z,476.0,4.84,2.31,-0.239,3.64
2020-01-06T21:11:31.690Z,477.0,4.51,2.8,-0.115,3.2
2020-01-06T21:13:10.934Z,470.0,5.34,1.78,-1.43,2.5
2020-01-06T21:14:50.178Z,469.0,5.38,1.02,-2.26,1.69
2020-01-06T21:16:29.423Z,468.0,5.18,1.82,-2.02,1.48
2020-01-06T21:18:08.667Z,469.0,5.28,1.35,-2.26,1.3
2020-01-06T21:19:47.911Z,470.0,5.31,2.51,-1.56,1.44
2020-01-06T21:21:27.155Z,469.0,5.21,1.5,-2.5,-0.119
2020-01-06T21:23:06.399Z,470.0,5.0,0.486,-3.03,-0.845
2020-01-06T21:24:45.644Z,473.0,5.11,3.29,-1.37,1.46
2020-01-06T21:26:24.888Z,471.0,5.34,3.49,-0.82,1.32
2020-01-06T21:28:04.132Z,472.0,5.59,3.2,0.178,1.59
2020-01-06T21:29:43.376Z,473.0,5.65,3.15,0.0833,1.5
2020-01-06T21:31:22.621Z,474.0,5.45,3.11,0.206,1.68
2020-01-06T21:33:01.865Z,473.0,5.3,3.73,-0.172,1.51
2020-01-06T21:34:41.109Z,472.0,5.37,3.8,-0.387,1.32
2020-01-06T21:36:20.353Z,472.0,5.35,3.96,-0.56,0.987
2020-01-06T21:37:59.597Z,471.0,5.15,4.06,-0.355,0.804
2020-01-06T21:39:38.842Z,470.0,5.05,4.09,-0.319,0.493
2020-01-06T21:41:18.086Z,470.0,5.07,4.08,-0.544,0.296
2020-01-06T21:42:57.330Z,470.0,5.05,3.97,-0.717,0.334
2020-01-06T21:44:36.574Z,469.0,5.18,3.35,-1.64,-0.134
2020-01-06T21:46:15.819Z,469.0,5.37,3.06,-2.16,-0.357
2020-01-06T21:47:55.063Z,467.0,5.45,2.64,-1.97,-0.211
2020-01-06T21:49:34.307Z,467.0,5.41,2.68,-1.81,-0.119
2020-01-06T21:51:13.551Z,470.0,5.32,3.14,-1.6,0.0498
2020-01-06T21:52:52.795Z,467.0,5.18,3.37,-1.12,0.404
2020-01-06T21:54:32.040Z,466.0,5.11,3.24,-0.749,0.297
2020-01-06T21:56:11.284Z,467.0,5.08,2.9,-1.38,-0.677
2020-01-06T21:57:50.528Z,466.0,5.05,3.03,-1.1,-0.784
2020-01-06T21:59:29.772Z,467.0,5.07,2.92,-1.41,-0.172
2020-01-06T22:01:09.017Z,469.0,4.88,2.61,-1.71,-0.256
2020-01-06T22:02:48.261Z,470.0,4.98,2.34,-1.8,-1.09
2020-01-06T22:04:27.505Z,469.0,4.88,2.02,-1.77,-1.28
2020-01-06T22:06:06.749Z,470.0,4.88,1.19,-2.28,-1.18
2020-01-06T22:07:45.993Z,472.0,4.78,0.852,-2.53,-0.866
2020-01-06T22:09:25.238Z,473.0,4.92,0.806,-2.42,-0.988
2020-01-06T22:11:04.482Z,463.0,4.75,2.9,-0.293,0.0276
2020-01-06T22:12:43.726Z,463.0,4.71,3.0,0.23,-0.0924
2020-01-06T22:14:22.970Z,464.0,4.73,2.91,0.706,-0.439
2020-01-06T22:16:02.215Z,465.0,4.57,2.92,0.422,-0.61
2020-01-06T22:17:41.459Z,466.0,4.57,2.94,-0.418,-0.335
2020-01-06T22:19:20.703Z,467.0,4.64,2.86,-0.75,-0.256
2020-01-06T22:20:59.947Z,465.0,4.45,2.86,-0.548,-0.134
2020-01-06T22:22:39.192Z,466.0,4.5,2.9,-0.628,-0.151
2020-01-06T22:24:18.436Z,466.0,4.47,2.87,-0.924,-0.11
2020-01-06T22:25:57.680Z,466.0,4.55,2.8,-0.907,-0.381
2020-01-06T22:27:36.924Z,466.0,4.59,2.67,-0.998,-0.635
2020-01-06T22:29:16.169Z,465.0,4.57,2.78,-0.703,-0.589
2020-01-06T22:30:55.413Z,464.0,4.61,2.64,-0.476,-0.841
2020-01-06T22:32:34.657Z,466.0,4.46,2.94,-0.533,-0.954
2020-01-06T22:34:13.901Z,469.0,4.24,3.06,-0.853,-0.872
2020-01-06T22:35:53.146Z,471.0,4.51,2.75,-1.48,-0.568
2020-01-06T22:37:32.390Z,471.0,4.39,2.67,-1.48,-0.593
2020-01-06T22:39:11.634Z,471.0,4.17,2.57,-1.56,-0.623
2020-01-06T22:40:50.878Z,469.0,3.85,3.35,-0.738,-0.401
2020-01-06T22:42:30.123Z,470.0,3.98,3.34,-0.78,-0.482
2020-01-06T22:44:09.367Z,469.0,4.06,3.22,-1.04,-0.104
2020-01-06T22:45:45.510Z,470.0,3.95,3.22,-1.02,0.0311
2020-01-06T22:47:24.754Z,468.0,4.11,3.05,-0.917,0.179
2020-01-06T22:49:03.998Z,468.0,4.06,3.09,-0.716,0.195
2020-01-06T22:50:43.242Z,468.0,4.13,3.03,-0.637,0.326
2020-01-06T22:52:22.487Z,473.0,4.61,2.89,-0.668,0.445
2020-01-06T22:54:01.731Z,472.0,4.43,2.89,-0.639,0.521
2020-01-06T22:55:40.975Z,471.0,4.41,2.98,-0.645,0.383
2020-01-06T22:57:20.219Z,469.0,4.27,2.96,-0.791,0.303
2020-01-06T22:58:59.464Z,469.0,4.23,2.87,-1.05,0.064
2020-01-06T23:00:38.708Z,469.0,4.27,2.73,-1.39,-0.271
2020-01-06T23:02:17.952Z,471.0,4.36,2.56,-1.54,-0.634
2020-01-06T23:03:57.196Z,473.0,4.41,2.17,-1.9,-0.828
2020-01-06T23:05:36.441Z,471.0,4.33,2.32,-1.9,-0.537
2020-01-06T23:07:15.685Z,469.0,4.46,2.27,-2.04,-0.347
2020-01-06T23:08:54.929Z,469.0,4.49,2.34,-1.99,-0.289
2020-01-06T23:10:34.174Z,470.0,4.41,2.22,-2.11,-0.413
2020-01-06T23:12:13.418Z,470.0,4.43,2.3,-2.08,-0.384
2020-01-06T23:13:52.662Z,471.0,4.47,2.24,-2.1,-0.395
2020-01-06T23:15:28.805Z,470.0,4.39,2.15,-2.32,-0.236
2020-01-06T23:17:08.049Z,471.0,4.47,1.92,-2.4,-0.388
2020-01-06T23:18:47.293Z,471.0,4.51,1.69,-2.48,-0.435
2020-01-06T23:20:26.538Z,466.0,3.98,3.07,-0.377,0.392
2020-01-06T23:22:05.782Z,467.0,4.06,2.93,-0.951,0.176
2020-01-06T23:23:41.925Z,466.0,3.94,2.87,-1.01,-0.189
2020-01-06T23:25:21.169Z,466.0,4.18,2.88,-0.846,0.113
2020-01-06T23:27:00.413Z,466.0,3.92,3.01,-0.551,0.328
2020-01-06T23:28:39.658Z,465.0,3.96,3.01,-0.65,0.286
2020-01-06T23:30:18.902Z,465.0,3.92,3.04,-0.642,0.366
2020-01-06T23:31:58.146Z,466.0,3.91,3.0,-0.588,0.531
2020-01-06T23:33:37.390Z,466.0,4.18,2.93,-0.491,0.657
2020-01-06T23:35:16.635Z,466.0,4.19,2.94,-0.394,0.799
2020-01-06T23:36:55.879Z,466.0,4.23,2.93,-0.597,0.723
2020-01-06T23:38:38.224Z,466.0,4.24,2.89,-0.872,0.562
2020-01-06T23:40:17.469Z,468.0,4.27,2.79,-1.13,0.613
2020-01-06T23:41:56.713Z,467.0,4.39,2.86,-0.916,0.643
2020-01-06T23:43:35.957Z,464.0,4.37,2.84,-0.994,0.741
2020-01-06T23:45:15.202Z,462.0,4.29,2.86,-1.13,0.258
2020-01-06T23:46:54.446Z,466.0,4.48,2.75,-1.31,0.341
2020-01-06T23:48:33.690Z,467.0,4.39,2.81,-1.28,0.125
2020-01-06T23:50:12.934Z,464.0,4.27,2.84,-1.37,0.588
2020-01-06T23:51:52.179Z,463.0,4.32,2.79,-1.34,0.536
2020-01-06T23:53:28.321Z,465.0,4.26,2.86,-1.39,0.61
2020-01-06T23:55:07.566Z,467.0,4.22,3.03,-1.53,0.546
2020-01-06T23:56:46.810Z,466.0,4.23,3.05,-1.46,0.57
